customer_id,age,city,country,annual_income,customer_segment,account_age_days,trusted_device_id,avg_transaction_amount
CUST_00001,19,Chennai,India,2155596,Regular,2445,DEV_00383,9887.47
CUST_00002,48,Pune,India,4603358,Regular,2265,DEV_05187,5668.38
CUST_00003,67,Chennai,India,1509911,Regular,2133,DEV_02068,7085.17
CUST_00004,70,Kolkata,India,835470,Regular,2020,DEV_08910,6047.91
CUST_00005,22,Bangalore,India,717919,Platinum,1380,DEV_01276,4208.68
CUST_00006,19,Chennai,India,1225845,Regular,2177,DEV_01721,4711.49
CUST_00007,50,Hyderabad,India,3017944,Regular,1452,DEV_05147,7061.82
CUST_00008,60,Ahmedabad,India,4904841,Regular,1907,DEV_08008,2947.96
CUST_00009,66,Ahmedabad,India,817058,Regular,1980,DEV_02855,1467.1
CUST_00010,69,Delhi,India,2864038,Regular,917,DEV_08854,1519.9
CUST_00011,69,Chennai,India,1669016,Platinum,882,DEV_04607,4015.78
CUST_00012,27,Pune,India,4583751,Gold,734,DEV_05495,1333.76
CUST_00013,51,Pune,India,838616,Platinum,1728,DEV_09125,7952.91
CUST_00014,40,Hyderabad,India,4060646,Gold,2459,DEV_09397,8562.48
CUST_00015,33,Chennai,India,1954406,Gold,895,DEV_05305,3098.47
CUST_00016,27,Mumbai,India,1689454,Gold,1336,DEV_04458,8830.57
CUST_00017,34,Bangalore,India,2022304,Regular,2576,DEV_01084,3128.67
CUST_00018,39,Kolkata,India,4508462,Gold,2656,DEV_02410,4862.85
CUST_00019,24,Delhi,India,952645,Gold,675,DEV_02727,1959.74
CUST_00020,66,Kolkata,India,210896,Regular,1209,DEV_05897,1937.71
CUST_00021,33,Delhi,India,1696121,Regular,2441,DEV_02926,7032.58
CUST_00022,65,Bangalore,India,4908230,Gold,2902,DEV_07148,7057.62
CUST_00023,56,Ahmedabad,India,1797218,Regular,1434,DEV_01380,8600.89
CUST_00024,37,Kolkata,India,4226762,Regular,731,DEV_05730,9049.61
CUST_00025,51,Mumbai,India,480252,Regular,1804,DEV_04745,7732.08
CUST_00026,29,Delhi,India,2237994,Platinum,1917,DEV_04999,1597.03
CUST_00027,70,Delhi,India,4942669,Regular,2419,DEV_02269,4624.79
CUST_00028,52,Delhi,India,3630691,Regular,379,DEV_02935,4796.25
CUST_00029,31,Hyderabad,India,4946656,Regular,832,DEV_03641,7696.38
CUST_00030,24,Ahmedabad,India,4417461,Platinum,545,DEV_02416,3243.18
CUST_00031,29,Delhi,India,4471926,Regular,911,DEV_08488,2417.4
CUST_00032,19,Pune,India,964286,Gold,2700,DEV_00765,5190.65
CUST_00033,23,Delhi,India,536593,Corporate,895,DEV_06793,4353.38
CUST_00034,19,Pune,India,3487764,Regular,450,DEV_06042,5103.51
CUST_00035,38,Ahmedabad,India,959002,Regular,2398,DEV_05071,2501.95
CUST_00036,57,Pune,India,1190426,Platinum,1005,DEV_00795,7052.9
CUST_00037,19,Bangalore,India,2469008,Regular,2309,DEV_05969,3403.96
CUST_00038,56,Bangalore,India,285902,Platinum,102,DEV_08842,9223.26
CUST_00039,63,Bangalore,India,3238783,Regular,2297,DEV_03231,1818.19
CUST_00040,53,Hyderabad,India,3280652,Regular,1880,DEV_07193,510.44
CUST_00041,27,Delhi,India,1617635,Regular,968,DEV_08660,9507.75
CUST_00042,42,Bangalore,India,2356488,Regular,336,DEV_02996,3875.25
CUST_00043,26,Bangalore,India,1133670,Gold,309,DEV_06221,6951.23
CUST_00044,35,Hyderabad,India,4409719,Regular,1772,DEV_09864,2513.39
CUST_00045,47,Chennai,India,2879185,Regular,2519,DEV_05535,3006.71
CUST_00046,22,Chennai,India,4216090,Gold,610,DEV_00450,9617.54
CUST_00047,45,Bangalore,India,4626505,Gold,1359,DEV_07223,3394.68
CUST_00048,47,Mumbai,India,246632,Regular,2808,DEV_04904,9437.58
CUST_00049,25,Chennai,India,4674515,Gold,1131,DEV_01136,6153.76
CUST_00050,37,Bangalore,India,4529620,Regular,802,DEV_05454,8983.4
CUST_00051,41,Delhi,India,3181463,Regular,1357,DEV_04893,8631.96
CUST_00052,41,Bangalore,India,2736928,Regular,1324,DEV_07427,4769.71
CUST_00053,21,Bangalore,India,1696111,Regular,212,DEV_06564,3827.34
CUST_00054,33,Mumbai,India,2160776,Regular,2158,DEV_01203,9150.53
CUST_00055,21,Ahmedabad,India,3166533,Regular,2310,DEV_06008,847.27
CUST_00056,38,Ahmedabad,India,1568914,Regular,1084,DEV_05273,2695.34
CUST_00057,63,Delhi,India,2473967,Platinum,1449,DEV_03915,760.8
CUST_00058,41,Kolkata,India,207040,Corporate,380,DEV_09621,1299.69
CUST_00059,31,Chennai,India,3346726,Regular,2193,DEV_08132,5678.59
CUST_00060,47,Pune,India,3421315,Regular,1049,DEV_04524,9237.06
CUST_00061,55,Chennai,India,3629505,Regular,848,DEV_02963,3561.34
CUST_00062,58,Kolkata,India,3103983,Gold,1988,DEV_06444,677.5
CUST_00063,34,Pune,India,3098760,Regular,1562,DEV_03661,2801.2
CUST_00064,44,Mumbai,India,2783285,Regular,154,DEV_01706,8182.39
CUST_00065,65,Delhi,India,712050,Regular,278,DEV_07221,9691.47
CUST_00066,40,Delhi,India,3905686,Gold,1696,DEV_03830,7205.11
CUST_00067,70,Hyderabad,India,874666,Regular,215,DEV_00945,4921.99
CUST_00068,38,Mumbai,India,3452026,Gold,1784,DEV_09034,2403.94
CUST_00069,23,Mumbai,India,2551068,Regular,905,DEV_00454,1560.7
CUST_00070,44,Ahmedabad,India,3973594,Regular,139,DEV_08866,8129.84
CUST_00071,57,Pune,India,1180450,Gold,1451,DEV_02616,6148.15
CUST_00072,49,Ahmedabad,India,848438,Regular,2965,DEV_07360,7216.13
CUST_00073,37,Pune,India,3520825,Regular,1752,DEV_09623,5998.53
CUST_00074,68,Bangalore,India,2212880,Regular,402,DEV_06361,8935.9
CUST_00075,64,Chennai,India,3542914,Regular,713,DEV_07301,5073.73
CUST_00076,36,Bangalore,India,2251700,Regular,2299,DEV_00305,8413.59
CUST_00077,18,Bangalore,India,3246542,Gold,2981,DEV_03156,2169.9
CUST_00078,67,Mumbai,India,3423967,Gold,86,DEV_01576,9737.18
CUST_00079,50,Ahmedabad,India,507973,Corporate,2968,DEV_02322,8327.68
CUST_00080,53,Hyderabad,India,2902592,Gold,289,DEV_06013,5854.97
CUST_00081,70,Hyderabad,India,2346951,Regular,1955,DEV_08670,1894.38
CUST_00082,31,Delhi,India,2283867,Gold,346,DEV_09001,1741.39
CUST_00083,49,Chennai,India,2402329,Regular,622,DEV_08583,8772.38
CUST_00084,66,Bangalore,India,2838324,Corporate,2795,DEV_09045,8203.44
CUST_00085,62,Pune,India,2192132,Regular,1793,DEV_07750,8382.43
CUST_00086,67,Kolkata,India,712056,Regular,38,DEV_06011,8603.61
CUST_00087,54,Ahmedabad,India,4394317,Regular,290,DEV_09885,4999.71
CUST_00088,48,Mumbai,India,2448740,Regular,1587,DEV_00337,2434.9
CUST_00089,63,Hyderabad,India,2452306,Regular,2810,DEV_08997,7579.11
CUST_00090,21,Pune,India,852967,Regular,1451,DEV_07074,5319.93
CUST_00091,46,Ahmedabad,India,2257953,Gold,316,DEV_04026,5121.36
CUST_00092,37,Kolkata,India,864783,Regular,643,DEV_08757,7567.59
CUST_00093,26,Kolkata,India,1820153,Regular,689,DEV_07873,9785.5
CUST_00094,27,Ahmedabad,India,814619,Regular,921,DEV_07887,5350.66
CUST_00095,45,Bangalore,India,2010053,Regular,35,DEV_00397,1517.8
CUST_00096,49,Kolkata,India,4681618,Corporate,329,DEV_00467,5329.29
CUST_00097,61,Pune,India,1372551,Gold,1819,DEV_09757,1251.61
CUST_00098,68,Chennai,India,4610343,Regular,396,DEV_00006,6052.97
CUST_00099,37,Hyderabad,India,2311738,Gold,1744,DEV_07314,2940.41
CUST_00100,23,Mumbai,India,3362017,Gold,2284,DEV_00158,9784.8
CUST_00101,56,Hyderabad,India,1172725,Regular,2150,DEV_04057,2954.93
CUST_00102,36,Kolkata,India,698833,Regular,2991,DEV_05017,595.03
CUST_00103,64,Pune,India,4611794,Corporate,2907,DEV_06965,896.49
CUST_00104,21,Hyderabad,India,4463520,Gold,1504,DEV_09910,7428.12
CUST_00105,59,Mumbai,India,299434,Regular,1493,DEV_04164,9118.27
CUST_00106,30,Bangalore,India,2977958,Regular,743,DEV_08300,8956.04
CUST_00107,24,Pune,India,2574339,Regular,1729,DEV_04870,2977.37
CUST_00108,48,Ahmedabad,India,325721,Regular,408,DEV_08166,5041.33
CUST_00109,40,Bangalore,India,2031993,Regular,1917,DEV_05907,6044.28
CUST_00110,62,Pune,India,1626798,Regular,2580,DEV_07804,7800.14
CUST_00111,22,Bangalore,India,391757,Regular,1088,DEV_00514,9106.86
CUST_00112,44,Bangalore,India,696571,Regular,1326,DEV_01674,2692.07
CUST_00113,45,Hyderabad,India,3000213,Platinum,746,DEV_02588,6879.34
CUST_00114,40,Pune,India,1505053,Regular,1972,DEV_08719,2138.16
CUST_00115,45,Kolkata,India,2841623,Corporate,2440,DEV_04798,1056.39
CUST_00116,53,Pune,India,4142028,Gold,1674,DEV_05581,9430.03
CUST_00117,40,Ahmedabad,India,2941491,Gold,1195,DEV_08234,7774.21
CUST_00118,56,Chennai,India,4161169,Regular,498,DEV_07120,913.88
CUST_00119,67,Pune,India,4512535,Regular,606,DEV_01292,8508.55
CUST_00120,30,Chennai,India,4962967,Regular,181,DEV_06794,3457.47
CUST_00121,47,Delhi,India,1630690,Regular,1728,DEV_08313,2783.36
CUST_00122,33,Ahmedabad,India,4423322,Regular,2301,DEV_03893,4217.48
CUST_00123,66,Kolkata,India,1009498,Regular,1874,DEV_03412,5910.91
CUST_00124,29,Chennai,India,1145941,Regular,705,DEV_03066,7154.89
CUST_00125,70,Kolkata,India,857785,Regular,2656,DEV_01315,6186.07
CUST_00126,29,Kolkata,India,2232756,Gold,1735,DEV_04218,6007.87
CUST_00127,69,Bangalore,India,3034584,Corporate,128,DEV_06964,5248.3
CUST_00128,26,Bangalore,India,1973381,Regular,2516,DEV_07048,4648.77
CUST_00129,39,Hyderabad,India,296796,Regular,2319,DEV_05145,2395.38
CUST_00130,20,Bangalore,India,4630088,Platinum,1286,DEV_09771,938.99
CUST_00131,39,Hyderabad,India,4909164,Regular,1202,DEV_00899,746.62
CUST_00132,29,Chennai,India,4901549,Gold,282,DEV_07580,1661.47
CUST_00133,29,Pune,India,3216925,Regular,1790,DEV_01454,5820.82
CUST_00134,63,Chennai,India,4221697,Corporate,2039,DEV_06955,742.35
CUST_00135,39,Pune,India,4399891,Regular,2243,DEV_05131,6564.41
CUST_00136,41,Bangalore,India,3596853,Regular,1345,DEV_03668,4890.6
CUST_00137,35,Bangalore,India,2666915,Regular,1606,DEV_06549,9454.05
CUST_00138,70,Hyderabad,India,3778928,Platinum,593,DEV_00518,7073.21
CUST_00139,50,Hyderabad,India,4497343,Gold,2659,DEV_00753,9294.92
CUST_00140,69,Kolkata,India,3545760,Gold,405,DEV_08055,7446.41
CUST_00141,36,Bangalore,India,2702847,Gold,913,DEV_04845,2175.9
CUST_00142,49,Ahmedabad,India,2801023,Regular,2269,DEV_08454,3766.98
CUST_00143,29,Pune,India,2079296,Regular,606,DEV_00005,4679.73
CUST_00144,54,Hyderabad,India,2391141,Platinum,1533,DEV_08398,6944.01
CUST_00145,20,Delhi,India,3370146,Regular,951,DEV_00820,862.06
CUST_00146,65,Bangalore,India,683862,Regular,37,DEV_08521,3651.82
CUST_00147,62,Hyderabad,India,2597255,Platinum,2109,DEV_08469,1677.56
CUST_00148,22,Chennai,India,232184,Regular,1556,DEV_09165,1928.43
CUST_00149,58,Kolkata,India,2383350,Regular,1609,DEV_07335,9146.21
CUST_00150,24,Delhi,India,1613650,Corporate,875,DEV_08062,8433.17
CUST_00151,35,Pune,India,2252547,Regular,1738,DEV_03738,6012.31
CUST_00152,64,Bangalore,India,1658024,Regular,1529,DEV_06732,631.77
CUST_00153,36,Ahmedabad,India,2429107,Regular,2595,DEV_07430,7016.75
CUST_00154,42,Mumbai,India,2939242,Regular,1028,DEV_06042,4910.44
CUST_00155,38,Ahmedabad,India,1919479,Gold,372,DEV_04857,4252.8
CUST_00156,34,Kolkata,India,1632612,Regular,1225,DEV_03171,2929.77
CUST_00157,65,Kolkata,India,4177837,Regular,2669,DEV_08891,1878.27
CUST_00158,57,Mumbai,India,797462,Regular,2334,DEV_04284,9628.5
CUST_00159,32,Mumbai,India,2088956,Regular,463,DEV_00752,1750.78
CUST_00160,32,Kolkata,India,1922313,Regular,2963,DEV_00442,8925.51
CUST_00161,53,Bangalore,India,4593734,Corporate,194,DEV_01886,7275.68
CUST_00162,64,Hyderabad,India,245412,Regular,2820,DEV_02484,5779.52
CUST_00163,39,Pune,India,1579419,Regular,2139,DEV_02230,4273.24
CUST_00164,20,Ahmedabad,India,2000315,Regular,688,DEV_06984,5793.08
CUST_00165,46,Kolkata,India,1266944,Regular,2630,DEV_09254,9528.17
CUST_00166,52,Bangalore,India,1256516,Gold,1949,DEV_01135,2819.53
CUST_00167,64,Bangalore,India,1523389,Gold,1528,DEV_00712,7487.56
CUST_00168,37,Chennai,India,3565979,Regular,1191,DEV_08659,976.12
CUST_00169,38,Ahmedabad,India,4173928,Regular,888,DEV_02405,9662.16
CUST_00170,66,Hyderabad,India,2315077,Regular,131,DEV_02664,7372.53
CUST_00171,52,Bangalore,India,3382132,Corporate,318,DEV_00642,4358.48
CUST_00172,56,Chennai,India,1375474,Regular,1268,DEV_02813,6144.64
CUST_00173,65,Delhi,India,2633172,Regular,1815,DEV_03158,8925.87
CUST_00174,67,Hyderabad,India,2456395,Gold,740,DEV_00572,6344.43
CUST_00175,20,Delhi,India,1034992,Regular,2982,DEV_06243,847.91
CUST_00176,54,Ahmedabad,India,3224416,Corporate,1796,DEV_02920,8077.9
CUST_00177,29,Delhi,India,2786442,Platinum,44,DEV_02575,657.94
CUST_00178,36,Hyderabad,India,3791838,Regular,77,DEV_04003,9718.09
CUST_00179,31,Kolkata,India,2098677,Corporate,1250,DEV_09491,3400.17
CUST_00180,39,Hyderabad,India,3369289,Corporate,86,DEV_07090,5011.61
CUST_00181,50,Kolkata,India,1074197,Regular,1457,DEV_08795,2924.12
CUST_00182,42,Chennai,India,531034,Platinum,2985,DEV_04164,7616.87
CUST_00183,54,Hyderabad,India,2807393,Regular,2521,DEV_07731,4685.62
CUST_00184,64,Chennai,India,962575,Regular,2800,DEV_02570,6291.08
CUST_00185,57,Kolkata,India,3801233,Gold,211,DEV_01925,3454.17
CUST_00186,39,Kolkata,India,1926307,Regular,748,DEV_05627,8667.27
CUST_00187,25,Pune,India,4463002,Gold,1661,DEV_04873,803.44
CUST_00188,44,Mumbai,India,860770,Regular,382,DEV_09915,5962.77
CUST_00189,19,Chennai,India,2948917,Gold,868,DEV_09549,2561.79
CUST_00190,63,Chennai,India,1242537,Gold,917,DEV_02147,1745.79
CUST_00191,52,Bangalore,India,634596,Platinum,997,DEV_06143,3586.31
CUST_00192,49,Delhi,India,777501,Regular,739,DEV_08616,4361.41
CUST_00193,61,Kolkata,India,4422479,Gold,2301,DEV_04077,7389.58
CUST_00194,64,Pune,India,3728497,Regular,1081,DEV_01005,7585.13
CUST_00195,37,Mumbai,India,1851464,Regular,271,DEV_08187,9534.2
CUST_00196,37,Ahmedabad,India,2643738,Regular,851,DEV_04667,3481.33
CUST_00197,42,Delhi,India,2015035,Regular,1579,DEV_09478,5313.18
CUST_00198,43,Ahmedabad,India,427378,Regular,2420,DEV_02633,4896.23
CUST_00199,53,Ahmedabad,India,3256456,Gold,1102,DEV_03034,5890.35
CUST_00200,56,Bangalore,India,204910,Gold,2367,DEV_03206,4730.66
CUST_00201,27,Bangalore,India,999724,Regular,737,DEV_03473,1357.36
CUST_00202,36,Ahmedabad,India,3454391,Platinum,2980,DEV_05565,6669.54
CUST_00203,64,Delhi,India,2877490,Regular,762,DEV_07337,772.66
CUST_00204,61,Bangalore,India,4559963,Gold,278,DEV_05048,7374.01
CUST_00205,29,Ahmedabad,India,3075178,Regular,2060,DEV_09234,9700.41
CUST_00206,52,Chennai,India,666225,Gold,2727,DEV_06141,984.23
CUST_00207,59,Ahmedabad,India,3957538,Regular,2837,DEV_01840,2686.6
CUST_00208,64,Delhi,India,4516688,Regular,792,DEV_05384,5646.04
CUST_00209,29,Bangalore,India,4513148,Gold,54,DEV_05212,4885.25
CUST_00210,51,Pune,India,4951822,Regular,2350,DEV_07773,3749.05
CUST_00211,42,Kolkata,India,4943980,Regular,2654,DEV_07013,5772.94
CUST_00212,48,Kolkata,India,3662167,Regular,322,DEV_09713,1771.53
CUST_00213,54,Chennai,India,3094174,Regular,349,DEV_03060,6138.71
CUST_00214,27,Chennai,India,2228972,Regular,106,DEV_09048,5202.56
CUST_00215,36,Ahmedabad,India,2267178,Regular,1708,DEV_05934,8805.14
CUST_00216,54,Hyderabad,India,2263248,Regular,923,DEV_03019,724.29
CUST_00217,44,Kolkata,India,3476826,Regular,2328,DEV_01750,8481.33
CUST_00218,27,Bangalore,India,2510386,Regular,926,DEV_07364,5524.89
CUST_00219,20,Delhi,India,4066212,Regular,578,DEV_00276,5722.27
CUST_00220,24,Pune,India,603987,Regular,1501,DEV_05020,4570.41
CUST_00221,23,Kolkata,India,1096553,Regular,1641,DEV_09889,2692.23
CUST_00222,30,Ahmedabad,India,479618,Regular,457,DEV_03975,7952.77
CUST_00223,38,Ahmedabad,India,3324285,Regular,935,DEV_06160,7513.75
CUST_00224,42,Delhi,India,3472746,Regular,1621,DEV_02692,1742.38
CUST_00225,58,Ahmedabad,India,3424165,Corporate,2389,DEV_08796,6039.37
CUST_00226,40,Chennai,India,4035078,Regular,768,DEV_05558,9335.87
CUST_00227,27,Ahmedabad,India,4237980,Gold,275,DEV_05100,713.68
CUST_00228,23,Ahmedabad,India,1177281,Regular,283,DEV_08625,7759.25
CUST_00229,32,Delhi,India,3661996,Corporate,1110,DEV_03527,3380.29
CUST_00230,32,Hyderabad,India,496318,Regular,389,DEV_05059,2069.98
CUST_00231,46,Delhi,India,2593364,Regular,969,DEV_00384,1411.73
CUST_00232,65,Bangalore,India,2268968,Corporate,1708,DEV_05121,4666.77
CUST_00233,41,Bangalore,India,1445999,Regular,1489,DEV_09269,8967.99
CUST_00234,47,Bangalore,India,3666006,Regular,901,DEV_00386,2677.09
CUST_00235,53,Mumbai,India,844795,Gold,2084,DEV_01905,9931.22
CUST_00236,56,Pune,India,4379170,Regular,938,DEV_09158,6089.2
CUST_00237,40,Pune,India,699538,Regular,1254,DEV_08036,5022.94
CUST_00238,32,Mumbai,India,2115464,Regular,2804,DEV_08770,8645.2
CUST_00239,24,Chennai,India,274971,Regular,2194,DEV_06698,6966.95
CUST_00240,49,Kolkata,India,4805394,Corporate,602,DEV_07208,5385.43
CUST_00241,42,Delhi,India,1899751,Regular,881,DEV_03827,6586.0
CUST_00242,62,Ahmedabad,India,2171518,Regular,2761,DEV_03766,1585.02
CUST_00243,46,Ahmedabad,India,807992,Regular,1190,DEV_04904,2318.9
CUST_00244,64,Ahmedabad,India,1818751,Regular,2166,DEV_07403,1071.34
CUST_00245,29,Pune,India,1043006,Regular,2088,DEV_01311,789.37
CUST_00246,65,Pune,India,462233,Gold,2547,DEV_09541,6556.69
CUST_00247,67,Ahmedabad,India,4020772,Regular,1253,DEV_04494,6227.35
CUST_00248,49,Mumbai,India,2998068,Regular,1106,DEV_09190,6347.03
CUST_00249,40,Ahmedabad,India,2064940,Platinum,1598,DEV_02016,4685.79
CUST_00250,24,Delhi,India,2360164,Regular,802,DEV_06361,2464.82
CUST_00251,36,Chennai,India,3229897,Regular,815,DEV_01648,2331.41
CUST_00252,47,Chennai,India,517403,Corporate,303,DEV_01563,5165.25
CUST_00253,20,Chennai,India,3456248,Regular,2397,DEV_00545,3272.33
CUST_00254,43,Mumbai,India,1779264,Regular,2579,DEV_03043,6322.97
CUST_00255,19,Ahmedabad,India,2528304,Regular,201,DEV_03790,7654.32
CUST_00256,44,Hyderabad,India,4858210,Corporate,1676,DEV_05081,5676.34
CUST_00257,68,Hyderabad,India,2552943,Regular,1559,DEV_06488,6915.52
CUST_00258,40,Ahmedabad,India,2806281,Regular,1850,DEV_05160,4195.76
CUST_00259,29,Ahmedabad,India,909465,Gold,1189,DEV_03350,2983.01
CUST_00260,31,Mumbai,India,2892085,Gold,2660,DEV_00546,8263.55
CUST_00261,35,Bangalore,India,2316831,Regular,2965,DEV_05867,3727.95
CUST_00262,63,Chennai,India,3069401,Regular,1156,DEV_00746,2287.87
CUST_00263,55,Mumbai,India,774210,Platinum,1854,DEV_02721,2490.5
CUST_00264,53,Delhi,India,3527841,Regular,2596,DEV_02998,5111.0
CUST_00265,48,Hyderabad,India,1108416,Regular,1675,DEV_03147,2232.28
CUST_00266,23,Mumbai,India,4723811,Gold,1911,DEV_05486,3942.88
CUST_00267,47,Ahmedabad,India,327604,Gold,2949,DEV_08450,6843.2
CUST_00268,47,Bangalore,India,3645699,Regular,820,DEV_05519,5726.39
CUST_00269,44,Hyderabad,India,541500,Regular,121,DEV_02895,8052.09
CUST_00270,35,Hyderabad,India,1284146,Regular,1531,DEV_01387,9905.17
CUST_00271,61,Chennai,India,2426372,Regular,2256,DEV_09026,7023.91
CUST_00272,49,Ahmedabad,India,1003862,Regular,239,DEV_03954,9966.6
CUST_00273,22,Pune,India,998916,Regular,437,DEV_00278,7185.92
CUST_00274,67,Delhi,India,4079049,Regular,210,DEV_02116,5323.12
CUST_00275,22,Mumbai,India,4461099,Regular,886,DEV_02286,1934.4
CUST_00276,19,Delhi,India,4376740,Regular,1775,DEV_08028,8624.69
CUST_00277,31,Mumbai,India,1435517,Regular,1119,DEV_09564,731.83
CUST_00278,60,Bangalore,India,1746410,Gold,1523,DEV_06186,884.33
CUST_00279,69,Delhi,India,206781,Regular,1159,DEV_09301,2707.29
CUST_00280,47,Bangalore,India,1466268,Regular,2224,DEV_01026,7813.7
CUST_00281,44,Kolkata,India,4887798,Regular,2847,DEV_02770,8543.77
CUST_00282,57,Ahmedabad,India,3904148,Gold,318,DEV_08082,9089.36
CUST_00283,58,Bangalore,India,4068041,Regular,2165,DEV_05696,8393.72
CUST_00284,36,Bangalore,India,2961730,Regular,2525,DEV_08904,6380.37
CUST_00285,18,Kolkata,India,3875516,Regular,1048,DEV_07518,9629.93
CUST_00286,63,Chennai,India,3131400,Regular,2582,DEV_08342,5858.05
CUST_00287,34,Delhi,India,811209,Gold,634,DEV_00498,5560.17
CUST_00288,38,Hyderabad,India,1995701,Regular,2910,DEV_09145,7352.12
CUST_00289,56,Bangalore,India,3210987,Regular,1965,DEV_02156,520.81
CUST_00290,22,Chennai,India,1449381,Regular,2572,DEV_00697,9956.92
CUST_00291,46,Bangalore,India,2513690,Gold,1725,DEV_02987,8560.05
CUST_00292,57,Chennai,India,2109968,Regular,1137,DEV_05028,2915.85
CUST_00293,59,Ahmedabad,India,2930644,Gold,472,DEV_04622,3825.25
CUST_00294,60,Pune,India,2069100,Regular,1673,DEV_08309,1920.42
CUST_00295,27,Kolkata,India,1277582,Gold,1463,DEV_05527,1160.56
CUST_00296,48,Bangalore,India,4586361,Gold,1444,DEV_07897,9857.98
CUST_00297,62,Delhi,India,393517,Platinum,2413,DEV_04318,2490.48
CUST_00298,53,Pune,India,1083161,Regular,1586,DEV_00942,534.03
CUST_00299,51,Chennai,India,2566089,Regular,1929,DEV_01309,7246.12
CUST_00300,36,Bangalore,India,1832501,Gold,2795,DEV_03614,2698.81
CUST_00301,36,Hyderabad,India,1149480,Regular,434,DEV_06976,3798.67
CUST_00302,35,Chennai,India,3692208,Regular,2238,DEV_04453,9518.84
CUST_00303,69,Kolkata,India,2474181,Platinum,1849,DEV_08129,932.47
CUST_00304,57,Kolkata,India,4903420,Gold,2024,DEV_03967,2807.88
CUST_00305,37,Kolkata,India,1653433,Regular,1164,DEV_01787,1733.99
CUST_00306,34,Delhi,India,2473367,Regular,1874,DEV_08803,3853.88
CUST_00307,63,Chennai,India,1371664,Gold,1845,DEV_00128,8370.44
CUST_00308,24,Ahmedabad,India,3969559,Gold,1296,DEV_09583,4537.57
CUST_00309,28,Delhi,India,1565017,Gold,118,DEV_05103,8519.69
CUST_00310,41,Delhi,India,2669801,Platinum,1862,DEV_07953,2522.92
CUST_00311,65,Mumbai,India,1408574,Corporate,2101,DEV_06594,5873.95
CUST_00312,33,Delhi,India,2520913,Regular,1227,DEV_03575,2363.6
CUST_00313,49,Delhi,India,1471778,Regular,2449,DEV_08216,3753.76
CUST_00314,48,Hyderabad,India,3696753,Regular,1723,DEV_05481,8575.92
CUST_00315,52,Kolkata,India,4792382,Regular,2433,DEV_02642,8335.41
CUST_00316,43,Ahmedabad,India,506943,Regular,935,DEV_07739,5292.14
CUST_00317,57,Hyderabad,India,3073519,Regular,332,DEV_04096,9889.99
CUST_00318,61,Ahmedabad,India,3209625,Regular,2954,DEV_06219,4391.22
CUST_00319,40,Bangalore,India,1636146,Gold,2611,DEV_05152,9407.74
CUST_00320,33,Delhi,India,4969862,Regular,1441,DEV_08168,2432.07
CUST_00321,35,Hyderabad,India,3209610,Regular,1958,DEV_00280,1844.69
CUST_00322,30,Delhi,India,2286294,Platinum,1843,DEV_03200,7640.45
CUST_00323,40,Delhi,India,1273173,Regular,535,DEV_03660,6834.76
CUST_00324,22,Ahmedabad,India,4289997,Gold,1426,DEV_01721,650.52
CUST_00325,42,Pune,India,2846024,Regular,670,DEV_00322,6231.59
CUST_00326,61,Pune,India,1699360,Regular,2736,DEV_01447,6445.25
CUST_00327,40,Chennai,India,1825537,Regular,447,DEV_01614,8225.84
CUST_00328,50,Kolkata,India,4436933,Regular,1240,DEV_02441,1266.05
CUST_00329,69,Mumbai,India,3399068,Regular,1473,DEV_05984,1116.89
CUST_00330,37,Hyderabad,India,523245,Corporate,923,DEV_09038,6212.41
CUST_00331,56,Bangalore,India,2551066,Gold,1463,DEV_05572,849.09
CUST_00332,70,Pune,India,1174749,Regular,2486,DEV_04804,2357.69
CUST_00333,40,Bangalore,India,3731665,Platinum,2329,DEV_00377,1872.51
CUST_00334,59,Mumbai,India,3834571,Platinum,1971,DEV_00104,9385.72
CUST_00335,55,Bangalore,India,4666874,Regular,2651,DEV_08480,4767.25
CUST_00336,19,Chennai,India,3292024,Gold,575,DEV_02053,4137.31
CUST_00337,48,Chennai,India,3109797,Regular,1138,DEV_04600,3664.95
CUST_00338,53,Pune,India,497982,Regular,1599,DEV_03509,4893.15
CUST_00339,35,Delhi,India,926612,Regular,659,DEV_00959,5995.7
CUST_00340,22,Bangalore,India,2101339,Platinum,2919,DEV_09420,8311.82
CUST_00341,44,Bangalore,India,3487492,Regular,1958,DEV_05356,4948.29
CUST_00342,28,Ahmedabad,India,2423320,Regular,1122,DEV_07791,2857.86
CUST_00343,27,Chennai,India,4104291,Regular,408,DEV_03527,6662.87
CUST_00344,64,Pune,India,3482093,Platinum,1213,DEV_00832,2342.77
CUST_00345,39,Bangalore,India,2487341,Regular,2823,DEV_01171,7464.83
CUST_00346,39,Kolkata,India,205405,Corporate,423,DEV_00647,2500.0
CUST_00347,18,Bangalore,India,2080109,Platinum,1960,DEV_07183,5391.92
CUST_00348,27,Mumbai,India,4586327,Gold,2544,DEV_07172,6699.41
CUST_00349,50,Hyderabad,India,3458189,Platinum,437,DEV_08907,2838.17
CUST_00350,70,Kolkata,India,3896366,Regular,2242,DEV_05771,7748.54
CUST_00351,19,Pune,India,4236549,Gold,456,DEV_02309,1595.75
CUST_00352,47,Hyderabad,India,1381649,Regular,2643,DEV_02954,1787.18
CUST_00353,52,Chennai,India,342578,Regular,2028,DEV_08076,5919.98
CUST_00354,58,Bangalore,India,3138679,Regular,170,DEV_09741,8119.94
CUST_00355,51,Kolkata,India,2107861,Regular,707,DEV_03322,776.06
CUST_00356,49,Kolkata,India,1834659,Regular,286,DEV_05245,4947.23
CUST_00357,61,Delhi,India,2716297,Regular,1345,DEV_05201,5621.97
CUST_00358,59,Ahmedabad,India,1665366,Gold,1587,DEV_02763,3892.22
CUST_00359,65,Delhi,India,3475032,Gold,306,DEV_06013,8431.83
CUST_00360,48,Kolkata,India,829381,Regular,747,DEV_09365,7487.69
CUST_00361,53,Hyderabad,India,981744,Platinum,1071,DEV_02188,3669.99
CUST_00362,38,Kolkata,India,2460289,Regular,981,DEV_03313,8169.94
CUST_00363,24,Pune,India,319942,Regular,2443,DEV_01834,4457.87
CUST_00364,47,Ahmedabad,India,1100341,Regular,912,DEV_05267,7769.02
CUST_00365,51,Mumbai,India,2336315,Corporate,2343,DEV_02351,9247.66
CUST_00366,59,Mumbai,India,3812568,Regular,2444,DEV_04731,7795.98
CUST_00367,69,Hyderabad,India,4966400,Regular,995,DEV_05683,9939.55
CUST_00368,58,Delhi,India,4996475,Gold,2799,DEV_09510,2840.82
CUST_00369,58,Kolkata,India,3375726,Platinum,84,DEV_05470,6217.63
CUST_00370,68,Kolkata,India,2462261,Platinum,1623,DEV_04224,3768.52
CUST_00371,22,Bangalore,India,923630,Regular,879,DEV_06159,5609.48
CUST_00372,29,Kolkata,India,2959970,Regular,2651,DEV_06756,682.91
CUST_00373,32,Mumbai,India,1788520,Regular,1130,DEV_04101,8016.3
CUST_00374,55,Hyderabad,India,1078627,Corporate,149,DEV_03485,8901.07
CUST_00375,36,Mumbai,India,4085298,Regular,1984,DEV_07557,5040.75
CUST_00376,20,Delhi,India,2068387,Gold,1117,DEV_09580,5517.32
CUST_00377,27,Mumbai,India,4548106,Regular,2260,DEV_03020,5822.74
CUST_00378,52,Kolkata,India,2018609,Regular,262,DEV_06720,2581.1
CUST_00379,22,Pune,India,449813,Regular,1002,DEV_00040,5225.55
CUST_00380,36,Delhi,India,2031908,Platinum,2023,DEV_09511,7222.83
CUST_00381,60,Chennai,India,1829827,Regular,488,DEV_04638,6575.59
CUST_00382,48,Chennai,India,1271858,Regular,2145,DEV_05872,5812.86
CUST_00383,18,Bangalore,India,4500637,Regular,1489,DEV_09813,3375.86
CUST_00384,19,Ahmedabad,India,3801906,Regular,1918,DEV_02976,5743.63
CUST_00385,23,Pune,India,1162536,Corporate,2402,DEV_02952,5036.88
CUST_00386,42,Pune,India,2600535,Regular,2927,DEV_03723,9070.84
CUST_00387,20,Bangalore,India,1201493,Gold,2155,DEV_03121,6417.0
CUST_00388,39,Hyderabad,India,3249500,Platinum,1029,DEV_03109,9830.05
CUST_00389,23,Delhi,India,3326106,Regular,699,DEV_03919,9727.49
CUST_00390,51,Hyderabad,India,2642034,Regular,176,DEV_01618,696.56
CUST_00391,43,Chennai,India,1120707,Gold,2526,DEV_05249,4532.56
CUST_00392,52,Hyderabad,India,4741516,Gold,2467,DEV_04948,4865.91
CUST_00393,68,Kolkata,India,3713569,Gold,1357,DEV_05747,5435.25
CUST_00394,18,Hyderabad,India,2867477,Regular,2304,DEV_04582,9859.17
CUST_00395,70,Mumbai,India,208142,Gold,1645,DEV_05724,7620.49
CUST_00396,41,Ahmedabad,India,2075597,Regular,538,DEV_06123,9292.64
CUST_00397,33,Chennai,India,241812,Gold,550,DEV_04440,7469.54
CUST_00398,30,Kolkata,India,4298727,Regular,1206,DEV_04678,829.45
CUST_00399,30,Mumbai,India,3480438,Regular,2843,DEV_03966,6618.16
CUST_00400,49,Mumbai,India,1882744,Regular,996,DEV_07547,5472.02
CUST_00401,32,Chennai,India,4528895,Regular,835,DEV_08838,3706.95
CUST_00402,45,Bangalore,India,4236708,Gold,2791,DEV_07395,9641.64
CUST_00403,67,Mumbai,India,4573716,Gold,2278,DEV_00562,9779.79
CUST_00404,56,Chennai,India,4949385,Gold,2655,DEV_05272,3925.87
CUST_00405,25,Delhi,India,2145190,Regular,983,DEV_05633,6487.89
CUST_00406,30,Kolkata,India,4030214,Regular,509,DEV_09241,6546.15
CUST_00407,60,Kolkata,India,4269589,Regular,1660,DEV_07939,4542.52
CUST_00408,46,Kolkata,India,4326823,Regular,2600,DEV_02196,3782.53
CUST_00409,28,Delhi,India,3403770,Regular,843,DEV_04206,5991.51
CUST_00410,56,Pune,India,1585707,Regular,2523,DEV_07506,6251.88
CUST_00411,32,Delhi,India,2545504,Regular,2375,DEV_04560,5334.72
CUST_00412,60,Pune,India,1631854,Gold,1468,DEV_08005,8986.47
CUST_00413,48,Pune,India,1572147,Corporate,1710,DEV_09514,5994.87
CUST_00414,21,Kolkata,India,3177826,Gold,152,DEV_05741,3253.61
CUST_00415,29,Bangalore,India,2480646,Regular,2247,DEV_03917,4944.11
CUST_00416,28,Hyderabad,India,1381299,Regular,297,DEV_01249,6773.0
CUST_00417,53,Bangalore,India,3380499,Regular,1100,DEV_01731,6797.4
CUST_00418,51,Mumbai,India,1417583,Regular,2659,DEV_01794,5174.45
CUST_00419,44,Ahmedabad,India,2200415,Regular,398,DEV_05765,7408.57
CUST_00420,53,Kolkata,India,4038845,Gold,2339,DEV_07070,9841.97
CUST_00421,70,Pune,India,655704,Regular,2758,DEV_09754,5300.05
CUST_00422,68,Chennai,India,1388401,Regular,509,DEV_04906,7318.24
CUST_00423,40,Bangalore,India,2366503,Corporate,2096,DEV_09018,2047.98
CUST_00424,27,Delhi,India,4864362,Gold,2048,DEV_02972,7394.17
CUST_00425,43,Bangalore,India,2286716,Gold,2058,DEV_03012,4951.36
CUST_00426,27,Chennai,India,937165,Gold,2461,DEV_07643,901.84
CUST_00427,60,Kolkata,India,1345346,Regular,2759,DEV_08559,8325.05
CUST_00428,48,Delhi,India,1050057,Regular,2839,DEV_04753,2495.0
CUST_00429,64,Ahmedabad,India,4133731,Regular,2784,DEV_02578,1231.31
CUST_00430,32,Chennai,India,1834846,Regular,208,DEV_06642,4074.3
CUST_00431,32,Chennai,India,2019415,Regular,42,DEV_03043,4964.51
CUST_00432,45,Mumbai,India,3695131,Platinum,1328,DEV_00198,3488.94
CUST_00433,66,Ahmedabad,India,2495390,Gold,2441,DEV_00848,5467.77
CUST_00434,69,Delhi,India,952334,Corporate,1148,DEV_03360,2373.62
CUST_00435,54,Delhi,India,352008,Regular,1022,DEV_09864,6154.75
CUST_00436,61,Delhi,India,1413219,Regular,1125,DEV_07686,1449.11
CUST_00437,67,Kolkata,India,3474428,Regular,2968,DEV_09975,2255.48
CUST_00438,67,Pune,India,1289531,Regular,496,DEV_03509,6868.69
CUST_00439,25,Pune,India,3603747,Regular,1828,DEV_01183,3156.19
CUST_00440,62,Mumbai,India,2448399,Regular,146,DEV_06371,2450.38
CUST_00441,50,Hyderabad,India,662633,Platinum,2965,DEV_05014,4483.88
CUST_00442,35,Delhi,India,2937862,Regular,1496,DEV_06259,894.62
CUST_00443,26,Delhi,India,2983474,Regular,2580,DEV_06060,8687.17
CUST_00444,27,Pune,India,4874499,Platinum,1195,DEV_01250,5599.72
CUST_00445,63,Chennai,India,2893812,Regular,1907,DEV_01561,6374.14
CUST_00446,47,Delhi,India,488082,Corporate,1586,DEV_03013,1214.0
CUST_00447,54,Ahmedabad,India,2787135,Regular,2963,DEV_04892,8808.1
CUST_00448,53,Mumbai,India,4263785,Regular,2151,DEV_09339,7714.03
CUST_00449,38,Bangalore,India,3811578,Regular,1135,DEV_09041,3848.56
CUST_00450,38,Ahmedabad,India,3881845,Gold,2659,DEV_07461,3874.91
CUST_00451,35,Mumbai,India,1040489,Regular,145,DEV_04640,925.73
CUST_00452,42,Hyderabad,India,4726626,Gold,1748,DEV_03452,518.35
CUST_00453,42,Bangalore,India,3001144,Platinum,555,DEV_03729,9585.31
CUST_00454,67,Ahmedabad,India,4107887,Regular,788,DEV_08598,8323.09
CUST_00455,27,Delhi,India,4628980,Regular,1430,DEV_01719,7180.41
CUST_00456,50,Ahmedabad,India,3624903,Gold,1598,DEV_02667,7649.28
CUST_00457,35,Mumbai,India,3654190,Regular,46,DEV_08659,4797.23
CUST_00458,46,Ahmedabad,India,4317448,Regular,2049,DEV_00320,9935.88
CUST_00459,36,Hyderabad,India,1578536,Platinum,1304,DEV_04351,7070.79
CUST_00460,48,Hyderabad,India,4493126,Regular,1019,DEV_02657,5653.06
CUST_00461,54,Bangalore,India,357053,Regular,2551,DEV_01186,4618.99
CUST_00462,47,Hyderabad,India,2101237,Regular,1865,DEV_01403,2023.97
CUST_00463,39,Mumbai,India,4897470,Regular,2254,DEV_07839,4486.52
CUST_00464,21,Bangalore,India,1146086,Regular,1956,DEV_00343,5915.93
CUST_00465,18,Ahmedabad,India,4479720,Regular,1988,DEV_06006,9816.97
CUST_00466,25,Kolkata,India,4282692,Regular,2470,DEV_03177,1019.37
CUST_00467,65,Mumbai,India,1779406,Corporate,2007,DEV_04245,4184.42
CUST_00468,47,Mumbai,India,740742,Regular,1581,DEV_05317,1396.29
CUST_00469,48,Pune,India,3875079,Corporate,1243,DEV_08377,2266.46
CUST_00470,64,Mumbai,India,989208,Regular,311,DEV_05822,7139.41
CUST_00471,23,Delhi,India,4557708,Regular,2680,DEV_01680,1647.23
CUST_00472,32,Pune,India,1233349,Platinum,2180,DEV_00968,6714.93
CUST_00473,61,Kolkata,India,3502590,Corporate,2493,DEV_04458,932.61
CUST_00474,47,Chennai,India,4615867,Regular,347,DEV_05955,5683.02
CUST_00475,70,Ahmedabad,India,4450150,Regular,363,DEV_01527,6555.61
CUST_00476,64,Mumbai,India,3929777,Gold,722,DEV_09488,8854.17
CUST_00477,34,Kolkata,India,4708495,Regular,1786,DEV_01615,980.85
CUST_00478,42,Chennai,India,1506576,Regular,1891,DEV_09192,6956.3
CUST_00479,31,Pune,India,2733889,Corporate,853,DEV_04608,4667.74
CUST_00480,66,Pune,India,2554550,Regular,2843,DEV_01071,9635.52
CUST_00481,40,Ahmedabad,India,1082842,Regular,218,DEV_07529,8115.5
CUST_00482,47,Hyderabad,India,716633,Regular,2962,DEV_07539,3588.72
CUST_00483,34,Ahmedabad,India,3647018,Regular,2550,DEV_04432,2934.53
CUST_00484,55,Chennai,India,3384815,Regular,244,DEV_02384,7352.94
CUST_00485,35,Hyderabad,India,4278102,Regular,2398,DEV_07596,1337.74
CUST_00486,63,Mumbai,India,3262379,Gold,1884,DEV_00771,6039.23
CUST_00487,45,Ahmedabad,India,238136,Regular,1956,DEV_01762,8161.42
CUST_00488,50,Chennai,India,2292445,Regular,1911,DEV_02869,3324.5
CUST_00489,24,Ahmedabad,India,1160529,Gold,46,DEV_08010,7146.61
CUST_00490,31,Chennai,India,4422096,Regular,1665,DEV_04121,9668.12
CUST_00491,45,Chennai,India,1021783,Corporate,2380,DEV_01019,7303.79
CUST_00492,28,Chennai,India,764529,Regular,2992,DEV_08123,871.11
CUST_00493,25,Kolkata,India,1118413,Regular,240,DEV_01617,786.37
CUST_00494,40,Chennai,India,4183052,Corporate,292,DEV_04137,7371.21
CUST_00495,54,Delhi,India,787923,Regular,2072,DEV_08286,1326.46
CUST_00496,70,Ahmedabad,India,3814136,Gold,1732,DEV_00859,6938.81
CUST_00497,63,Bangalore,India,1590980,Gold,2673,DEV_09980,6723.02
CUST_00498,30,Ahmedabad,India,2744489,Regular,1054,DEV_07932,9277.56
CUST_00499,33,Delhi,India,1282256,Gold,1690,DEV_04406,7621.76
CUST_00500,57,Kolkata,India,2504896,Regular,871,DEV_07188,6235.02
CUST_00501,68,Hyderabad,India,445341,Regular,783,DEV_05243,8752.1
CUST_00502,58,Hyderabad,India,4568059,Gold,2153,DEV_00160,3583.66
CUST_00503,50,Pune,India,1252012,Regular,2709,DEV_09775,6574.77
CUST_00504,60,Hyderabad,India,595612,Regular,2356,DEV_07365,2502.12
CUST_00505,42,Ahmedabad,India,713946,Regular,988,DEV_00468,3285.96
CUST_00506,39,Hyderabad,India,1375167,Regular,1248,DEV_03206,5032.18
CUST_00507,55,Delhi,India,3827797,Gold,1041,DEV_02677,6938.77
CUST_00508,28,Bangalore,India,4707081,Platinum,1988,DEV_01370,9286.17
CUST_00509,60,Pune,India,535546,Platinum,2647,DEV_07201,5511.55
CUST_00510,45,Chennai,India,3692815,Regular,928,DEV_01797,6099.84
CUST_00511,21,Kolkata,India,2224078,Regular,972,DEV_00191,7068.34
CUST_00512,24,Chennai,India,4869249,Regular,1185,DEV_08014,569.59
CUST_00513,69,Bangalore,India,1556020,Regular,1542,DEV_00162,8955.21
CUST_00514,54,Mumbai,India,3762910,Regular,2884,DEV_08995,1956.98
CUST_00515,29,Chennai,India,3590405,Regular,1880,DEV_02466,8296.84
CUST_00516,50,Kolkata,India,2849727,Regular,2475,DEV_01169,9178.11
CUST_00517,37,Kolkata,India,812781,Regular,1521,DEV_07528,1186.28
CUST_00518,53,Ahmedabad,India,1256023,Corporate,1110,DEV_06472,8592.08
CUST_00519,28,Mumbai,India,267815,Corporate,2383,DEV_03729,8091.74
CUST_00520,20,Hyderabad,India,4210900,Regular,2496,DEV_08926,9760.79
CUST_00521,70,Chennai,India,4580876,Gold,2475,DEV_00675,5440.76
CUST_00522,70,Ahmedabad,India,4331545,Regular,622,DEV_03568,4173.36
CUST_00523,27,Ahmedabad,India,4422247,Gold,2476,DEV_05626,5057.39
CUST_00524,70,Bangalore,India,3898584,Gold,199,DEV_03481,3221.53
CUST_00525,27,Hyderabad,India,4028641,Regular,77,DEV_08871,5832.75
CUST_00526,62,Kolkata,India,1921383,Gold,53,DEV_08309,8611.72
CUST_00527,57,Kolkata,India,721159,Regular,997,DEV_09158,4937.95
CUST_00528,21,Pune,India,1667546,Gold,564,DEV_01244,3069.93
CUST_00529,40,Mumbai,India,1818368,Regular,886,DEV_01161,4211.41
CUST_00530,32,Bangalore,India,4895753,Regular,1331,DEV_04987,1985.49
CUST_00531,54,Delhi,India,3528536,Platinum,2811,DEV_03519,1140.29
CUST_00532,40,Ahmedabad,India,1424482,Regular,568,DEV_05039,3967.99
CUST_00533,18,Kolkata,India,4646782,Regular,2936,DEV_07983,2887.75
CUST_00534,52,Pune,India,2951165,Regular,2972,DEV_00855,9029.97
CUST_00535,28,Delhi,India,634990,Regular,1319,DEV_07829,1096.79
CUST_00536,70,Pune,India,2548954,Regular,390,DEV_02169,7769.83
CUST_00537,64,Delhi,India,4135732,Regular,2445,DEV_09369,579.63
CUST_00538,43,Delhi,India,1419709,Regular,2414,DEV_06421,9587.59
CUST_00539,48,Kolkata,India,4968700,Regular,2406,DEV_04163,9120.3
CUST_00540,44,Pune,India,1847280,Platinum,855,DEV_02353,1471.79
CUST_00541,55,Delhi,India,2475004,Corporate,2262,DEV_02619,9571.4
CUST_00542,39,Pune,India,263210,Regular,1683,DEV_06707,9673.15
CUST_00543,51,Chennai,India,2839146,Regular,1256,DEV_07042,2600.85
CUST_00544,36,Pune,India,4304909,Regular,1607,DEV_00670,6595.41
CUST_00545,26,Chennai,India,4025810,Regular,1073,DEV_04421,6672.87
CUST_00546,52,Bangalore,India,3113180,Regular,602,DEV_00443,5527.83
CUST_00547,29,Pune,India,316035,Platinum,2085,DEV_02973,7734.62
CUST_00548,58,Pune,India,2510413,Regular,64,DEV_01263,955.57
CUST_00549,22,Pune,India,1325461,Regular,1951,DEV_09747,4150.27
CUST_00550,54,Delhi,India,2319436,Regular,832,DEV_04315,6730.06
CUST_00551,44,Pune,India,4831593,Regular,217,DEV_08210,1948.81
CUST_00552,60,Delhi,India,3829615,Regular,354,DEV_09847,6426.55
CUST_00553,65,Kolkata,India,2569684,Regular,2184,DEV_06630,6690.52
CUST_00554,33,Chennai,India,4334417,Corporate,1678,DEV_06464,5255.36
CUST_00555,59,Kolkata,India,205700,Gold,2135,DEV_09741,780.23
CUST_00556,32,Ahmedabad,India,709261,Regular,503,DEV_04198,2943.57
CUST_00557,70,Pune,India,1768088,Regular,597,DEV_09120,9082.91
CUST_00558,30,Hyderabad,India,4693072,Platinum,1611,DEV_05710,8497.51
CUST_00559,54,Kolkata,India,380974,Regular,2286,DEV_08416,4337.22
CUST_00560,30,Mumbai,India,2160933,Regular,948,DEV_02498,3347.12
CUST_00561,19,Bangalore,India,3283048,Regular,863,DEV_03344,607.8
CUST_00562,29,Chennai,India,2052358,Regular,1901,DEV_06574,6080.36
CUST_00563,23,Pune,India,2864113,Gold,2260,DEV_06877,2461.41
CUST_00564,59,Delhi,India,3870047,Regular,1360,DEV_09975,8255.83
CUST_00565,58,Pune,India,330775,Regular,1897,DEV_02666,961.14
CUST_00566,40,Pune,India,4507920,Gold,2545,DEV_03206,2677.71
CUST_00567,43,Bangalore,India,1534198,Gold,462,DEV_01508,6141.64
CUST_00568,49,Bangalore,India,925823,Regular,2234,DEV_00483,6035.14
CUST_00569,24,Pune,India,3649268,Regular,2870,DEV_02629,4149.35
CUST_00570,38,Mumbai,India,4878819,Regular,1739,DEV_00956,4002.94
CUST_00571,69,Hyderabad,India,1229803,Platinum,218,DEV_08857,4117.99
CUST_00572,36,Kolkata,India,3127421,Regular,2000,DEV_04983,9842.99
CUST_00573,44,Mumbai,India,2742414,Regular,1390,DEV_07862,1703.24
CUST_00574,37,Delhi,India,4867688,Regular,69,DEV_01869,2433.34
CUST_00575,34,Chennai,India,574531,Regular,1951,DEV_01340,1103.18
CUST_00576,24,Ahmedabad,India,4541498,Regular,2258,DEV_06383,6870.11
CUST_00577,47,Pune,India,1583726,Corporate,2854,DEV_00545,9428.89
CUST_00578,58,Kolkata,India,2015971,Regular,1382,DEV_05193,1248.01
CUST_00579,54,Delhi,India,4820806,Gold,2432,DEV_05229,4482.73
CUST_00580,59,Chennai,India,2708188,Regular,373,DEV_07414,2608.29
CUST_00581,35,Mumbai,India,1867820,Corporate,2760,DEV_03823,2789.55
CUST_00582,47,Kolkata,India,1417074,Regular,2074,DEV_08656,4609.65
CUST_00583,44,Kolkata,India,3486365,Regular,423,DEV_06431,894.51
CUST_00584,34,Delhi,India,2966954,Gold,2464,DEV_09088,534.92
CUST_00585,64,Mumbai,India,1459483,Regular,1513,DEV_07536,2895.99
CUST_00586,70,Mumbai,India,4579671,Regular,2150,DEV_05740,7990.14
CUST_00587,25,Mumbai,India,4006304,Regular,1666,DEV_08730,6744.56
CUST_00588,18,Mumbai,India,297592,Gold,1156,DEV_00933,5963.48
CUST_00589,57,Ahmedabad,India,437213,Regular,2834,DEV_09088,5569.57
CUST_00590,59,Pune,India,1750333,Regular,2433,DEV_03322,8528.41
CUST_00591,41,Chennai,India,3682103,Gold,1826,DEV_06562,1074.71
CUST_00592,68,Kolkata,India,3993159,Gold,1940,DEV_00725,8538.27
CUST_00593,20,Kolkata,India,3212178,Regular,1494,DEV_00533,2205.19
CUST_00594,59,Chennai,India,3607287,Regular,1243,DEV_01377,8570.13
CUST_00595,68,Mumbai,India,4781524,Corporate,1609,DEV_08996,5463.3
CUST_00596,23,Ahmedabad,India,1268837,Regular,853,DEV_05698,1227.05
CUST_00597,61,Bangalore,India,2881739,Regular,478,DEV_03550,5328.06
CUST_00598,54,Ahmedabad,India,242007,Platinum,2043,DEV_06376,7551.26
CUST_00599,63,Hyderabad,India,3162422,Platinum,396,DEV_02790,6994.49
CUST_00600,42,Ahmedabad,India,3946555,Regular,587,DEV_04564,4059.32
CUST_00601,35,Ahmedabad,India,928814,Regular,1222,DEV_08974,2442.56
CUST_00602,23,Ahmedabad,India,1606503,Gold,418,DEV_09588,5323.74
CUST_00603,20,Kolkata,India,2523435,Regular,472,DEV_05989,9122.11
CUST_00604,45,Pune,India,3478234,Regular,2717,DEV_00623,3020.1
CUST_00605,59,Chennai,India,2539491,Gold,1100,DEV_06958,6471.49
CUST_00606,58,Bangalore,India,3304758,Gold,2703,DEV_06411,9071.23
CUST_00607,56,Ahmedabad,India,3736082,Platinum,2761,DEV_03730,8631.37
CUST_00608,26,Pune,India,4374466,Regular,330,DEV_01203,635.91
CUST_00609,39,Delhi,India,1926745,Regular,121,DEV_08385,5651.08
CUST_00610,36,Bangalore,India,3187720,Corporate,837,DEV_08079,7538.4
CUST_00611,34,Bangalore,India,3287178,Regular,626,DEV_03541,9236.53
CUST_00612,62,Hyderabad,India,3949335,Regular,1912,DEV_01600,8034.4
CUST_00613,47,Mumbai,India,1763633,Regular,2446,DEV_05030,9821.63
CUST_00614,58,Bangalore,India,2054965,Corporate,1627,DEV_09048,5894.11
CUST_00615,52,Pune,India,4078629,Regular,68,DEV_06346,3900.05
CUST_00616,60,Mumbai,India,1801438,Regular,2371,DEV_02927,7978.77
CUST_00617,28,Chennai,India,2464357,Platinum,2388,DEV_00464,8465.5
CUST_00618,68,Pune,India,951006,Gold,2564,DEV_09272,6925.97
CUST_00619,63,Chennai,India,2785650,Gold,2640,DEV_02903,4101.41
CUST_00620,66,Pune,India,2109630,Gold,800,DEV_02035,9225.6
CUST_00621,63,Chennai,India,3632469,Regular,2204,DEV_04315,5159.83
CUST_00622,37,Pune,India,3863190,Platinum,2896,DEV_06815,6012.46
CUST_00623,21,Delhi,India,1063919,Platinum,2250,DEV_03753,4544.55
CUST_00624,54,Chennai,India,3706187,Gold,1159,DEV_04203,3350.5
CUST_00625,37,Hyderabad,India,4224250,Regular,1461,DEV_04908,4638.45
CUST_00626,67,Bangalore,India,919531,Gold,689,DEV_06160,1122.9
CUST_00627,57,Ahmedabad,India,200541,Regular,1616,DEV_00752,5087.14
CUST_00628,44,Hyderabad,India,1073660,Regular,2543,DEV_07216,4757.32
CUST_00629,29,Ahmedabad,India,3031564,Regular,1303,DEV_05897,8794.19
CUST_00630,62,Ahmedabad,India,3562062,Gold,2654,DEV_06210,2044.03
CUST_00631,58,Mumbai,India,4956886,Regular,1078,DEV_09900,6007.19
CUST_00632,35,Mumbai,India,424756,Regular,1274,DEV_03103,4362.33
CUST_00633,56,Hyderabad,India,2539775,Regular,876,DEV_01050,7237.87
CUST_00634,32,Chennai,India,4257226,Platinum,1407,DEV_00060,706.34
CUST_00635,31,Mumbai,India,1024547,Regular,1362,DEV_04694,9409.51
CUST_00636,44,Kolkata,India,3054852,Regular,1875,DEV_04545,9157.81
CUST_00637,22,Delhi,India,1372786,Gold,2912,DEV_00763,9842.42
CUST_00638,59,Ahmedabad,India,2215094,Platinum,627,DEV_01640,3884.47
CUST_00639,49,Pune,India,3715279,Corporate,743,DEV_05887,6872.73
CUST_00640,59,Ahmedabad,India,4844483,Regular,408,DEV_01287,7854.55
CUST_00641,50,Mumbai,India,1376688,Regular,2778,DEV_03220,4983.12
CUST_00642,30,Kolkata,India,3538032,Regular,1519,DEV_03295,9684.16
CUST_00643,57,Chennai,India,4158538,Platinum,2334,DEV_05249,8963.03
CUST_00644,19,Mumbai,India,380581,Gold,1680,DEV_08275,1266.98
CUST_00645,25,Ahmedabad,India,4983409,Corporate,1677,DEV_07062,6096.54
CUST_00646,47,Ahmedabad,India,2974769,Gold,2334,DEV_09670,1310.8
CUST_00647,26,Kolkata,India,2417298,Regular,2212,DEV_09127,5752.83
CUST_00648,23,Delhi,India,1673007,Gold,1262,DEV_00828,4675.31
CUST_00649,28,Bangalore,India,3061010,Regular,1848,DEV_00133,1246.92
CUST_00650,34,Mumbai,India,4565657,Platinum,604,DEV_06155,7424.09
CUST_00651,19,Hyderabad,India,4291698,Regular,579,DEV_08112,2140.33
CUST_00652,58,Hyderabad,India,1353206,Regular,2936,DEV_04810,7506.57
CUST_00653,60,Kolkata,India,2069969,Gold,1255,DEV_01797,7863.39
CUST_00654,20,Chennai,India,1986915,Corporate,1378,DEV_03124,7411.81
CUST_00655,58,Kolkata,India,4987017,Regular,482,DEV_06796,4487.42
CUST_00656,37,Chennai,India,4529234,Regular,739,DEV_08641,2184.83
CUST_00657,30,Hyderabad,India,518099,Regular,2311,DEV_02716,6328.85
CUST_00658,42,Ahmedabad,India,2981209,Corporate,823,DEV_03037,1423.77
CUST_00659,50,Bangalore,India,1395341,Regular,459,DEV_08886,5096.01
CUST_00660,69,Ahmedabad,India,1416545,Regular,1942,DEV_00439,8519.59
CUST_00661,48,Kolkata,India,1206737,Regular,1789,DEV_00186,3464.9
CUST_00662,59,Delhi,India,3554160,Regular,186,DEV_07942,7934.7
CUST_00663,33,Ahmedabad,India,1448528,Corporate,2933,DEV_05091,8052.23
CUST_00664,30,Chennai,India,2157799,Regular,877,DEV_08952,4798.73
CUST_00665,65,Chennai,India,3625449,Gold,1254,DEV_06046,7525.97
CUST_00666,69,Chennai,India,4959641,Regular,2708,DEV_06011,5149.87
CUST_00667,57,Mumbai,India,2986440,Regular,2937,DEV_07949,7483.88
CUST_00668,47,Pune,India,4648137,Regular,82,DEV_00512,6970.53
CUST_00669,48,Mumbai,India,3758464,Gold,1305,DEV_00110,782.97
CUST_00670,42,Pune,India,2997980,Gold,2136,DEV_07692,9816.64
CUST_00671,28,Pune,India,3119268,Regular,911,DEV_06063,9912.17
CUST_00672,62,Ahmedabad,India,1585651,Platinum,285,DEV_06735,5163.01
CUST_00673,57,Chennai,India,3451581,Corporate,2204,DEV_01172,4343.35
CUST_00674,32,Ahmedabad,India,4208000,Regular,2906,DEV_02458,6971.06
CUST_00675,48,Mumbai,India,2204611,Regular,2194,DEV_06221,1405.92
CUST_00676,55,Kolkata,India,4408421,Gold,2751,DEV_07030,984.44
CUST_00677,36,Pune,India,2584669,Regular,196,DEV_06707,3068.04
CUST_00678,18,Mumbai,India,1478840,Regular,1413,DEV_06533,1957.56
CUST_00679,27,Pune,India,517161,Gold,930,DEV_02923,3304.03
CUST_00680,62,Kolkata,India,1908256,Regular,2154,DEV_07463,7904.16
CUST_00681,23,Ahmedabad,India,4120468,Regular,2849,DEV_02649,3027.21
CUST_00682,45,Ahmedabad,India,2911034,Regular,389,DEV_05537,9713.69
CUST_00683,46,Ahmedabad,India,1085660,Gold,1861,DEV_02080,4257.48
CUST_00684,22,Pune,India,4762771,Regular,2377,DEV_02539,1060.18
CUST_00685,41,Hyderabad,India,4158655,Gold,705,DEV_07678,893.86
CUST_00686,38,Ahmedabad,India,3378692,Platinum,679,DEV_02070,3573.45
CUST_00687,29,Chennai,India,2499296,Gold,211,DEV_03381,9281.16
CUST_00688,69,Delhi,India,3358395,Gold,637,DEV_00148,8848.04
CUST_00689,36,Pune,India,1984662,Gold,827,DEV_05410,2541.57
CUST_00690,67,Mumbai,India,469744,Gold,2963,DEV_07971,9247.04
CUST_00691,41,Hyderabad,India,686427,Regular,2021,DEV_00350,6168.42
CUST_00692,45,Pune,India,3947000,Platinum,2489,DEV_06388,4632.6
CUST_00693,23,Ahmedabad,India,202183,Regular,1972,DEV_05918,2033.8
CUST_00694,61,Delhi,India,3471152,Regular,515,DEV_08045,2406.09
CUST_00695,19,Kolkata,India,1347042,Regular,1069,DEV_07767,1136.74
CUST_00696,42,Chennai,India,724743,Regular,2360,DEV_03564,4768.57
CUST_00697,64,Bangalore,India,1843754,Regular,734,DEV_02877,7507.54
CUST_00698,53,Mumbai,India,1332348,Platinum,2918,DEV_07867,846.18
CUST_00699,30,Bangalore,India,2176555,Regular,281,DEV_02205,8932.12
CUST_00700,68,Kolkata,India,1576188,Corporate,1174,DEV_07964,4640.46
CUST_00701,53,Chennai,India,620469,Regular,1114,DEV_07495,6528.52
CUST_00702,30,Ahmedabad,India,838699,Regular,1620,DEV_03412,9613.0
CUST_00703,20,Pune,India,3787238,Gold,1623,DEV_02876,7077.55
CUST_00704,33,Mumbai,India,2218063,Corporate,1820,DEV_02647,6550.7
CUST_00705,70,Bangalore,India,1480604,Regular,1046,DEV_08488,8539.59
CUST_00706,62,Chennai,India,3009448,Regular,2362,DEV_01656,4678.13
CUST_00707,48,Chennai,India,2902038,Regular,1852,DEV_02233,9005.37
CUST_00708,65,Kolkata,India,1990775,Regular,2672,DEV_03248,8971.49
CUST_00709,33,Delhi,India,3876108,Regular,329,DEV_05819,9376.61
CUST_00710,38,Mumbai,India,4068826,Regular,2229,DEV_08612,1741.97
CUST_00711,53,Kolkata,India,2775512,Regular,2509,DEV_00848,3252.03
CUST_00712,28,Hyderabad,India,1247693,Regular,676,DEV_01872,4598.41
CUST_00713,59,Hyderabad,India,2915033,Regular,1298,DEV_06131,4561.12
CUST_00714,64,Mumbai,India,598730,Gold,701,DEV_08263,8248.54
CUST_00715,39,Chennai,India,3709612,Regular,1921,DEV_05644,6197.67
CUST_00716,70,Mumbai,India,1225009,Regular,2782,DEV_07797,6257.98
CUST_00717,35,Hyderabad,India,302528,Gold,1329,DEV_00955,4723.21
CUST_00718,51,Hyderabad,India,4806293,Gold,1391,DEV_05289,8062.76
CUST_00719,50,Delhi,India,3204290,Regular,192,DEV_02409,4046.56
CUST_00720,52,Mumbai,India,3402779,Gold,2662,DEV_08544,3088.33
CUST_00721,43,Chennai,India,3315918,Regular,2660,DEV_07452,1282.48
CUST_00722,36,Bangalore,India,1257440,Regular,893,DEV_04366,3386.37
CUST_00723,29,Delhi,India,4059962,Corporate,1830,DEV_08026,5193.54
CUST_00724,36,Mumbai,India,2754783,Gold,1237,DEV_04021,1638.35
CUST_00725,28,Chennai,India,784355,Gold,1049,DEV_00913,7088.18
CUST_00726,48,Hyderabad,India,3097596,Regular,2898,DEV_04798,6550.04
CUST_00727,32,Delhi,India,2912867,Corporate,1105,DEV_09754,3008.51
CUST_00728,58,Chennai,India,4019474,Regular,2368,DEV_01510,2050.94
CUST_00729,64,Delhi,India,4906475,Gold,2306,DEV_03128,8994.44
CUST_00730,44,Kolkata,India,3636840,Regular,2080,DEV_03272,2746.1
CUST_00731,35,Delhi,India,2719831,Regular,913,DEV_04853,4732.43
CUST_00732,41,Ahmedabad,India,774677,Regular,1347,DEV_08916,3959.85
CUST_00733,31,Delhi,India,4265393,Regular,730,DEV_06548,5030.54
CUST_00734,48,Pune,India,3503926,Regular,1339,DEV_09262,9434.69
CUST_00735,69,Hyderabad,India,2237455,Platinum,1071,DEV_01439,4254.58
CUST_00736,27,Delhi,India,4499361,Regular,633,DEV_06089,1030.0
CUST_00737,59,Ahmedabad,India,3878436,Gold,2970,DEV_01723,5254.42
CUST_00738,64,Hyderabad,India,4186316,Regular,660,DEV_02785,9646.27
CUST_00739,23,Mumbai,India,866194,Regular,2365,DEV_01138,8300.27
CUST_00740,30,Ahmedabad,India,4598158,Gold,301,DEV_01715,2294.35
CUST_00741,39,Ahmedabad,India,1552923,Regular,1002,DEV_00967,9831.8
CUST_00742,28,Mumbai,India,4739459,Regular,455,DEV_00868,2035.36
CUST_00743,24,Ahmedabad,India,3944382,Regular,2511,DEV_08868,4365.93
CUST_00744,50,Bangalore,India,1115782,Platinum,1854,DEV_05063,1020.68
CUST_00745,25,Delhi,India,3961788,Regular,1884,DEV_00838,7086.52
CUST_00746,55,Pune,India,1175342,Regular,2643,DEV_01120,2352.83
CUST_00747,29,Ahmedabad,India,4115376,Regular,1287,DEV_00341,9488.55
CUST_00748,43,Mumbai,India,3296389,Regular,1224,DEV_05516,1595.01
CUST_00749,45,Kolkata,India,4999498,Gold,2930,DEV_09633,3343.44
CUST_00750,35,Mumbai,India,4303498,Regular,2968,DEV_06929,502.03
CUST_00751,39,Delhi,India,3739669,Platinum,1001,DEV_08711,1869.36
CUST_00752,41,Pune,India,1252930,Regular,2807,DEV_09547,9571.13
CUST_00753,65,Chennai,India,828967,Gold,2370,DEV_09511,9744.56
CUST_00754,31,Mumbai,India,728343,Corporate,1758,DEV_05484,1713.69
CUST_00755,18,Ahmedabad,India,4761397,Gold,2859,DEV_00264,3334.97
CUST_00756,23,Mumbai,India,4262505,Platinum,2694,DEV_06396,3795.47
CUST_00757,34,Kolkata,India,2341296,Platinum,1605,DEV_00815,7946.23
CUST_00758,20,Chennai,India,2961588,Platinum,2054,DEV_02882,4946.33
CUST_00759,39,Delhi,India,1013578,Regular,2908,DEV_09565,8409.43
CUST_00760,67,Chennai,India,3474861,Regular,171,DEV_08385,2667.81
CUST_00761,58,Chennai,India,1258443,Regular,298,DEV_01425,8873.66
CUST_00762,54,Hyderabad,India,4563194,Regular,1913,DEV_05447,6783.09
CUST_00763,39,Bangalore,India,1390235,Regular,2459,DEV_04288,1392.6
CUST_00764,58,Mumbai,India,2084660,Regular,1226,DEV_00363,7474.56
CUST_00765,64,Kolkata,India,1977954,Regular,1719,DEV_08856,3178.18
CUST_00766,44,Mumbai,India,1224424,Gold,608,DEV_09787,1200.71
CUST_00767,48,Bangalore,India,4493346,Regular,573,DEV_07575,4073.37
CUST_00768,47,Delhi,India,2751979,Regular,1947,DEV_05799,1954.24
CUST_00769,68,Kolkata,India,3106202,Platinum,2119,DEV_08570,3634.79
CUST_00770,30,Bangalore,India,1038128,Regular,1094,DEV_07718,9101.07
CUST_00771,21,Mumbai,India,3438034,Gold,2916,DEV_02965,6059.58
CUST_00772,56,Chennai,India,1114563,Regular,916,DEV_03730,7556.37
CUST_00773,45,Ahmedabad,India,4147246,Gold,378,DEV_01290,1856.44
CUST_00774,60,Chennai,India,4396290,Platinum,2595,DEV_09884,7533.09
CUST_00775,59,Bangalore,India,4545527,Platinum,2478,DEV_06161,6966.05
CUST_00776,50,Delhi,India,1697006,Gold,2195,DEV_03312,9860.07
CUST_00777,31,Mumbai,India,677301,Corporate,2934,DEV_05122,9542.31
CUST_00778,25,Ahmedabad,India,4776859,Regular,1875,DEV_09013,3542.55
CUST_00779,35,Bangalore,India,1825309,Regular,2648,DEV_03372,7293.43
CUST_00780,46,Pune,India,210352,Regular,1313,DEV_09934,9138.92
CUST_00781,60,Mumbai,India,4213699,Platinum,1786,DEV_07822,1899.26
CUST_00782,44,Bangalore,India,3242531,Regular,1970,DEV_08176,9172.14
CUST_00783,18,Chennai,India,4089854,Gold,590,DEV_03503,5807.12
CUST_00784,49,Delhi,India,2204647,Corporate,2417,DEV_06084,3933.41
CUST_00785,24,Ahmedabad,India,4116651,Regular,2649,DEV_08957,3363.4
CUST_00786,55,Mumbai,India,4941986,Regular,2950,DEV_06356,8715.22
CUST_00787,24,Bangalore,India,1362190,Regular,536,DEV_03696,9393.45
CUST_00788,68,Pune,India,2387341,Regular,1944,DEV_06190,2062.5
CUST_00789,63,Hyderabad,India,3702100,Regular,2662,DEV_03916,9617.6
CUST_00790,18,Mumbai,India,2244482,Regular,684,DEV_06212,9001.93
CUST_00791,37,Ahmedabad,India,1219954,Regular,842,DEV_09831,5762.06
CUST_00792,36,Hyderabad,India,3848443,Gold,401,DEV_08175,7885.14
CUST_00793,54,Ahmedabad,India,1728273,Regular,1114,DEV_08576,5259.64
CUST_00794,42,Pune,India,3534635,Corporate,1086,DEV_07507,2342.08
CUST_00795,58,Chennai,India,3004732,Regular,1191,DEV_05958,1599.79
CUST_00796,52,Hyderabad,India,514305,Corporate,1402,DEV_08832,7271.47
CUST_00797,37,Pune,India,1291558,Platinum,1333,DEV_02991,2889.7
CUST_00798,46,Bangalore,India,4115004,Regular,841,DEV_08883,2509.35
CUST_00799,65,Chennai,India,1028801,Gold,1415,DEV_02305,4673.84
CUST_00800,49,Pune,India,3834827,Regular,2871,DEV_06223,9378.25
CUST_00801,55,Pune,India,2218627,Gold,368,DEV_00473,3261.92
CUST_00802,36,Pune,India,2868461,Regular,1228,DEV_09932,6620.72
CUST_00803,62,Mumbai,India,466973,Gold,1331,DEV_00248,3006.74
CUST_00804,31,Mumbai,India,2448799,Gold,1634,DEV_02244,2598.34
CUST_00805,49,Hyderabad,India,3351910,Regular,1901,DEV_04661,2165.87
CUST_00806,34,Chennai,India,3622631,Regular,2084,DEV_05107,1070.77
CUST_00807,55,Delhi,India,677809,Gold,1388,DEV_06901,5742.17
CUST_00808,25,Mumbai,India,4929147,Regular,1009,DEV_07039,2181.14
CUST_00809,56,Chennai,India,3845456,Regular,1621,DEV_01735,5895.4
CUST_00810,59,Pune,India,2567588,Gold,2124,DEV_04440,5676.14
CUST_00811,21,Chennai,India,217877,Regular,1097,DEV_00924,5960.26
CUST_00812,22,Hyderabad,India,1598371,Gold,365,DEV_06257,8798.56
CUST_00813,28,Delhi,India,2232607,Regular,2092,DEV_00070,4544.03
CUST_00814,26,Pune,India,1118557,Corporate,730,DEV_06324,8262.36
CUST_00815,18,Bangalore,India,4024539,Regular,2514,DEV_02704,2711.22
CUST_00816,53,Hyderabad,India,3693514,Regular,714,DEV_04837,3466.64
CUST_00817,60,Hyderabad,India,4452818,Regular,2209,DEV_03808,8480.13
CUST_00818,38,Chennai,India,1239397,Gold,2335,DEV_03102,8025.43
CUST_00819,30,Kolkata,India,4822681,Regular,2610,DEV_01582,4153.85
CUST_00820,24,Chennai,India,4942576,Platinum,1513,DEV_09182,9231.71
CUST_00821,31,Delhi,India,2630603,Corporate,2411,DEV_00545,1066.69
CUST_00822,64,Ahmedabad,India,3680681,Regular,2550,DEV_03756,6573.7
CUST_00823,20,Bangalore,India,648721,Regular,890,DEV_00469,4600.17
CUST_00824,28,Kolkata,India,4467052,Regular,2360,DEV_08927,7867.33
CUST_00825,69,Kolkata,India,3481734,Regular,1968,DEV_07463,8557.57
CUST_00826,59,Pune,India,4776358,Corporate,722,DEV_08957,1687.14
CUST_00827,38,Pune,India,3922693,Regular,2055,DEV_03429,5863.07
CUST_00828,56,Delhi,India,3924284,Regular,624,DEV_00259,7681.93
CUST_00829,22,Mumbai,India,3487106,Gold,1013,DEV_03136,6319.02
CUST_00830,51,Hyderabad,India,4959957,Regular,1663,DEV_09713,2847.45
CUST_00831,33,Pune,India,1696320,Regular,1080,DEV_08837,8800.64
CUST_00832,37,Chennai,India,3234392,Gold,2817,DEV_03801,2184.89
CUST_00833,67,Hyderabad,India,4101476,Corporate,2279,DEV_05878,2084.99
CUST_00834,44,Kolkata,India,1122669,Regular,1986,DEV_06601,2648.04
CUST_00835,62,Bangalore,India,4722400,Regular,2607,DEV_04670,9181.94
CUST_00836,51,Delhi,India,4557724,Regular,677,DEV_07969,8560.77
CUST_00837,49,Pune,India,2753414,Corporate,2397,DEV_05235,9849.44
CUST_00838,32,Delhi,India,926595,Regular,1993,DEV_02535,2448.12
CUST_00839,51,Delhi,India,4303422,Gold,2452,DEV_04674,1798.48
CUST_00840,41,Pune,India,2711383,Regular,374,DEV_04767,5998.27
CUST_00841,19,Bangalore,India,972015,Regular,50,DEV_04567,7210.09
CUST_00842,18,Kolkata,India,3341998,Gold,2536,DEV_03817,8289.85
CUST_00843,26,Pune,India,1825696,Regular,2326,DEV_08508,9250.92
CUST_00844,35,Kolkata,India,2957933,Corporate,2351,DEV_03825,996.11
CUST_00845,39,Hyderabad,India,4273205,Gold,2918,DEV_08347,3262.8
CUST_00846,48,Bangalore,India,3694426,Gold,451,DEV_06162,8915.51
CUST_00847,64,Ahmedabad,India,3553440,Regular,1973,DEV_01634,8026.62
CUST_00848,20,Ahmedabad,India,4004449,Regular,1521,DEV_06739,1490.26
CUST_00849,24,Hyderabad,India,1745239,Platinum,2402,DEV_02071,6059.23
CUST_00850,66,Delhi,India,817043,Gold,2195,DEV_02844,5396.99
CUST_00851,27,Chennai,India,1557727,Regular,2450,DEV_08979,4562.6
CUST_00852,35,Bangalore,India,676020,Corporate,809,DEV_07952,8124.85
CUST_00853,51,Chennai,India,3032142,Corporate,187,DEV_08926,3699.24
CUST_00854,58,Hyderabad,India,4382628,Regular,1019,DEV_01438,4669.0
CUST_00855,61,Ahmedabad,India,3270644,Gold,2304,DEV_02977,8899.06
CUST_00856,47,Hyderabad,India,4397253,Regular,181,DEV_06676,1303.0
CUST_00857,66,Bangalore,India,851700,Regular,2869,DEV_01118,8750.66
CUST_00858,19,Pune,India,1336926,Regular,558,DEV_04204,6944.19
CUST_00859,57,Bangalore,India,1412831,Regular,1064,DEV_08625,6147.26
CUST_00860,70,Pune,India,4957491,Regular,127,DEV_07379,1196.76
CUST_00861,19,Ahmedabad,India,586324,Regular,2664,DEV_05306,1933.43
CUST_00862,22,Hyderabad,India,3094264,Corporate,113,DEV_01587,801.38
CUST_00863,66,Ahmedabad,India,1072308,Platinum,1100,DEV_08429,5677.33
CUST_00864,68,Delhi,India,466915,Regular,1320,DEV_04412,6863.93
CUST_00865,57,Delhi,India,3440441,Corporate,1635,DEV_05081,5771.56
CUST_00866,64,Chennai,India,1055343,Regular,57,DEV_05288,2785.94
CUST_00867,56,Kolkata,India,3712211,Regular,1966,DEV_01364,8481.55
CUST_00868,42,Hyderabad,India,2870403,Regular,2481,DEV_08512,680.58
CUST_00869,46,Hyderabad,India,4675033,Gold,194,DEV_07296,7885.66
CUST_00870,44,Mumbai,India,2010851,Regular,2764,DEV_03671,9550.18
CUST_00871,56,Chennai,India,2378625,Gold,2081,DEV_06529,6545.82
CUST_00872,52,Chennai,India,1335218,Regular,90,DEV_01876,4525.74
CUST_00873,65,Delhi,India,3985430,Regular,905,DEV_04728,5796.71
CUST_00874,45,Ahmedabad,India,4787269,Regular,2420,DEV_04306,1504.23
CUST_00875,53,Ahmedabad,India,4769481,Regular,2382,DEV_05184,5360.67
CUST_00876,44,Delhi,India,2224877,Regular,826,DEV_02699,8015.11
CUST_00877,25,Pune,India,842817,Platinum,274,DEV_05901,937.27
CUST_00878,19,Delhi,India,4837766,Corporate,1166,DEV_09198,2095.86
CUST_00879,18,Hyderabad,India,3712808,Regular,150,DEV_07777,2297.85
CUST_00880,46,Delhi,India,2219716,Gold,345,DEV_01031,564.9
CUST_00881,27,Pune,India,3310951,Regular,333,DEV_07322,3850.12
CUST_00882,38,Pune,India,381746,Regular,2785,DEV_02564,1550.55
CUST_00883,45,Mumbai,India,3901049,Regular,2816,DEV_05110,3686.3
CUST_00884,22,Chennai,India,4235091,Regular,1408,DEV_09302,6953.61
CUST_00885,63,Mumbai,India,4752499,Regular,1712,DEV_07934,2944.88
CUST_00886,19,Ahmedabad,India,1255144,Gold,1510,DEV_01663,9983.32
CUST_00887,60,Chennai,India,2568144,Gold,452,DEV_09525,3016.61
CUST_00888,61,Bangalore,India,4642201,Gold,2807,DEV_04841,4645.92
CUST_00889,45,Hyderabad,India,4468614,Gold,2968,DEV_04982,7631.13
CUST_00890,54,Ahmedabad,India,1273822,Platinum,2645,DEV_09221,5705.63
CUST_00891,33,Delhi,India,3571814,Regular,764,DEV_00502,2602.25
CUST_00892,24,Mumbai,India,396318,Regular,1710,DEV_04092,4629.19
CUST_00893,51,Chennai,India,2870476,Regular,357,DEV_03812,2431.7
CUST_00894,59,Hyderabad,India,4252892,Platinum,1681,DEV_02944,7954.49
CUST_00895,36,Pune,India,4485054,Regular,1982,DEV_01377,3977.55
CUST_00896,19,Chennai,India,3623514,Platinum,797,DEV_09908,8486.53
CUST_00897,22,Delhi,India,2233508,Regular,2997,DEV_06552,676.23
CUST_00898,22,Hyderabad,India,4954431,Gold,134,DEV_02161,4547.77
CUST_00899,32,Ahmedabad,India,1779420,Regular,1308,DEV_03569,4048.51
CUST_00900,33,Kolkata,India,1780058,Regular,1573,DEV_03301,4393.46
CUST_00901,39,Kolkata,India,4199095,Regular,1389,DEV_01459,3539.45
CUST_00902,70,Pune,India,1466888,Regular,779,DEV_02264,9214.12
CUST_00903,47,Ahmedabad,India,548346,Gold,1445,DEV_08261,4376.46
CUST_00904,68,Bangalore,India,2861139,Regular,2681,DEV_02699,3120.49
CUST_00905,57,Pune,India,4635706,Regular,1074,DEV_09633,5270.62
CUST_00906,29,Hyderabad,India,2971696,Regular,2485,DEV_08957,7922.62
CUST_00907,64,Pune,India,2670351,Regular,1148,DEV_04865,6384.86
CUST_00908,51,Chennai,India,1081040,Regular,2599,DEV_06415,8908.29
CUST_00909,27,Delhi,India,4547632,Regular,1653,DEV_06712,7663.46
CUST_00910,27,Mumbai,India,2059663,Regular,1342,DEV_09709,5207.4
CUST_00911,65,Mumbai,India,4393698,Regular,2708,DEV_02789,6592.55
CUST_00912,33,Pune,India,582004,Regular,1837,DEV_03825,7874.86
CUST_00913,53,Chennai,India,4152326,Platinum,710,DEV_00716,4379.05
CUST_00914,59,Hyderabad,India,3931040,Gold,2832,DEV_05715,2355.73
CUST_00915,37,Delhi,India,1296252,Regular,1223,DEV_03033,6103.46
CUST_00916,57,Hyderabad,India,321170,Regular,305,DEV_09243,4171.55
CUST_00917,42,Ahmedabad,India,2414328,Platinum,837,DEV_08060,9277.99
CUST_00918,61,Kolkata,India,505787,Regular,888,DEV_09674,6969.87
CUST_00919,35,Bangalore,India,4412660,Regular,1523,DEV_05829,5803.25
CUST_00920,43,Chennai,India,4169910,Regular,2903,DEV_06669,4593.43
CUST_00921,31,Delhi,India,3456335,Corporate,482,DEV_04126,8423.13
CUST_00922,20,Pune,India,950845,Corporate,2201,DEV_05012,6044.38
CUST_00923,35,Ahmedabad,India,1875521,Regular,2099,DEV_07252,616.01
CUST_00924,45,Ahmedabad,India,279793,Platinum,2196,DEV_03406,3709.24
CUST_00925,45,Ahmedabad,India,2150619,Regular,2817,DEV_02979,2200.76
CUST_00926,22,Bangalore,India,1077860,Gold,2412,DEV_02114,1409.84
CUST_00927,32,Chennai,India,669611,Platinum,523,DEV_05951,5284.99
CUST_00928,36,Pune,India,883486,Regular,2564,DEV_07403,9201.44
CUST_00929,45,Bangalore,India,2342369,Gold,82,DEV_03108,1750.29
CUST_00930,31,Kolkata,India,1489861,Regular,2865,DEV_05880,1832.29
CUST_00931,56,Bangalore,India,4287864,Gold,1451,DEV_04773,9921.61
CUST_00932,60,Chennai,India,4203709,Regular,2721,DEV_03848,2709.41
CUST_00933,44,Hyderabad,India,1728440,Regular,1557,DEV_07747,5672.5
CUST_00934,46,Delhi,India,1958723,Regular,1195,DEV_08261,9638.35
CUST_00935,18,Ahmedabad,India,4837282,Regular,2292,DEV_01908,4588.22
CUST_00936,69,Mumbai,India,3859939,Corporate,2569,DEV_00419,4273.74
CUST_00937,67,Bangalore,India,3971262,Gold,460,DEV_00186,5129.76
CUST_00938,25,Bangalore,India,1695897,Corporate,1441,DEV_03200,2346.36
CUST_00939,66,Bangalore,India,4436224,Gold,162,DEV_08822,1972.79
CUST_00940,23,Delhi,India,1068968,Regular,1210,DEV_04008,4653.26
CUST_00941,29,Mumbai,India,4848415,Platinum,208,DEV_06928,2022.9
CUST_00942,45,Pune,India,1707984,Platinum,2566,DEV_09006,1260.51
CUST_00943,48,Delhi,India,2669547,Regular,1678,DEV_06357,8449.62
CUST_00944,43,Hyderabad,India,2224119,Regular,2789,DEV_00582,1401.7
CUST_00945,39,Delhi,India,636880,Regular,2066,DEV_07426,3456.73
CUST_00946,70,Hyderabad,India,3050529,Gold,121,DEV_07799,2519.6
CUST_00947,58,Ahmedabad,India,3830784,Regular,2650,DEV_08706,4626.15
CUST_00948,43,Hyderabad,India,3230846,Gold,1018,DEV_07252,4492.64
CUST_00949,67,Bangalore,India,4651614,Regular,361,DEV_01531,8855.31
CUST_00950,39,Delhi,India,1739665,Regular,1586,DEV_00531,4767.3
CUST_00951,51,Hyderabad,India,2141639,Gold,1005,DEV_02850,4070.51
CUST_00952,33,Chennai,India,2807775,Regular,1899,DEV_08957,9331.03
CUST_00953,64,Ahmedabad,India,2507953,Regular,650,DEV_05090,6415.16
CUST_00954,67,Pune,India,4847392,Platinum,867,DEV_07626,8059.23
CUST_00955,33,Mumbai,India,411972,Regular,279,DEV_04169,3435.75
CUST_00956,54,Ahmedabad,India,3569637,Regular,1419,DEV_03536,9277.83
CUST_00957,68,Ahmedabad,India,1688996,Platinum,2025,DEV_03368,1726.94
CUST_00958,64,Kolkata,India,1511792,Platinum,2347,DEV_07566,7271.32
CUST_00959,29,Ahmedabad,India,1528657,Regular,57,DEV_07842,5244.02
CUST_00960,67,Ahmedabad,India,3549421,Gold,211,DEV_08973,5451.03
CUST_00961,26,Kolkata,India,3626912,Regular,561,DEV_06839,4400.13
CUST_00962,68,Kolkata,India,1844824,Regular,1158,DEV_00817,1482.41
CUST_00963,69,Ahmedabad,India,3919853,Platinum,642,DEV_01217,4782.43
CUST_00964,59,Kolkata,India,259553,Regular,1373,DEV_07504,3467.26
CUST_00965,42,Mumbai,India,4739370,Regular,1274,DEV_06665,9830.97
CUST_00966,52,Delhi,India,1041892,Gold,2465,DEV_03679,2245.31
CUST_00967,70,Mumbai,India,2816061,Regular,2260,DEV_09203,1081.18
CUST_00968,39,Bangalore,India,4534751,Corporate,1749,DEV_04965,8065.71
CUST_00969,34,Ahmedabad,India,1237186,Regular,2902,DEV_04304,7329.13
CUST_00970,53,Chennai,India,1081748,Gold,941,DEV_09710,845.87
CUST_00971,44,Hyderabad,India,883884,Regular,304,DEV_01920,1925.69
CUST_00972,30,Mumbai,India,566540,Gold,2764,DEV_05065,4131.88
CUST_00973,38,Ahmedabad,India,4381284,Gold,76,DEV_07038,2483.8
CUST_00974,66,Pune,India,2133899,Gold,662,DEV_09368,5246.55
CUST_00975,65,Kolkata,India,1092398,Gold,2599,DEV_08900,1831.24
CUST_00976,64,Delhi,India,2151516,Corporate,1328,DEV_01577,6610.06
CUST_00977,44,Kolkata,India,3907707,Regular,2524,DEV_08578,1112.86
CUST_00978,18,Delhi,India,1177906,Corporate,2662,DEV_02089,8162.05
CUST_00979,28,Pune,India,335184,Regular,984,DEV_03047,8477.26
CUST_00980,50,Pune,India,1765339,Regular,65,DEV_06717,6697.29
CUST_00981,57,Mumbai,India,2041079,Gold,1541,DEV_02298,7196.84
CUST_00982,31,Kolkata,India,2117258,Regular,2672,DEV_02839,882.5
CUST_00983,18,Kolkata,India,492301,Gold,1048,DEV_08830,6408.13
CUST_00984,56,Pune,India,4734812,Platinum,1820,DEV_00586,3536.98
CUST_00985,40,Bangalore,India,4416219,Regular,1821,DEV_09586,7000.02
CUST_00986,33,Delhi,India,4550006,Regular,1330,DEV_07537,5382.57
CUST_00987,55,Mumbai,India,893765,Gold,660,DEV_01249,6907.09
CUST_00988,42,Bangalore,India,3359829,Regular,1919,DEV_02627,4820.16
CUST_00989,40,Bangalore,India,1111468,Regular,2339,DEV_04482,9194.9
CUST_00990,67,Mumbai,India,2805811,Regular,484,DEV_07138,903.09
CUST_00991,51,Mumbai,India,2183763,Regular,1115,DEV_03237,2301.42
CUST_00992,33,Kolkata,India,1229474,Gold,1651,DEV_03726,4572.8
CUST_00993,70,Mumbai,India,397529,Regular,2900,DEV_07591,9824.12
CUST_00994,69,Bangalore,India,4371475,Regular,649,DEV_06723,2890.42
CUST_00995,30,Delhi,India,213789,Regular,1231,DEV_03678,2615.04
CUST_00996,47,Pune,India,2328761,Gold,2944,DEV_07313,8522.21
CUST_00997,19,Bangalore,India,778032,Regular,2660,DEV_09662,8267.11
CUST_00998,54,Hyderabad,India,4961952,Platinum,2197,DEV_01124,5891.79
CUST_00999,66,Delhi,India,997916,Gold,302,DEV_01317,533.25
CUST_01000,32,Delhi,India,1284823,Regular,2204,DEV_01072,6111.72
CUST_01001,66,Delhi,India,3691965,Regular,1600,DEV_07899,7217.57
CUST_01002,48,Chennai,India,418923,Gold,2228,DEV_08671,5824.91
CUST_01003,26,Delhi,India,4414406,Regular,2558,DEV_01095,9141.32
CUST_01004,35,Chennai,India,807400,Regular,1598,DEV_04775,5416.63
CUST_01005,23,Ahmedabad,India,3960973,Platinum,2593,DEV_03978,8732.37
CUST_01006,22,Chennai,India,2434094,Regular,1648,DEV_03548,7237.68
CUST_01007,46,Hyderabad,India,1144476,Corporate,2125,DEV_01499,6850.09
CUST_01008,53,Pune,India,3745940,Gold,610,DEV_04586,2241.32
CUST_01009,28,Chennai,India,3181877,Regular,1047,DEV_00016,5656.55
CUST_01010,30,Bangalore,India,3752852,Regular,264,DEV_06149,9984.79
CUST_01011,47,Hyderabad,India,4964026,Regular,1536,DEV_00269,1369.04
CUST_01012,27,Pune,India,1323533,Regular,2257,DEV_00452,6648.25
CUST_01013,33,Chennai,India,709526,Regular,2878,DEV_08212,5750.09
CUST_01014,52,Chennai,India,1801436,Corporate,286,DEV_04129,8194.22
CUST_01015,30,Chennai,India,1484638,Gold,2892,DEV_03951,2448.38
CUST_01016,61,Kolkata,India,3112454,Corporate,1354,DEV_03256,8050.22
CUST_01017,56,Delhi,India,966506,Regular,2682,DEV_08938,3789.29
CUST_01018,31,Bangalore,India,484669,Regular,414,DEV_07546,4875.22
CUST_01019,60,Mumbai,India,2155199,Gold,84,DEV_00475,6964.7
CUST_01020,35,Ahmedabad,India,3908584,Regular,1229,DEV_00887,5457.33
CUST_01021,31,Chennai,India,4277313,Corporate,1625,DEV_07363,7515.72
CUST_01022,29,Mumbai,India,308901,Regular,1590,DEV_09308,2560.93
CUST_01023,40,Chennai,India,2616903,Corporate,593,DEV_00066,6367.92
CUST_01024,30,Mumbai,India,3868641,Gold,730,DEV_03062,7987.33
CUST_01025,63,Pune,India,1238954,Regular,2452,DEV_00991,2032.49
CUST_01026,64,Delhi,India,3366741,Platinum,1589,DEV_01437,3178.3
CUST_01027,23,Delhi,India,3304397,Regular,1339,DEV_08460,9367.7
CUST_01028,33,Ahmedabad,India,2230040,Regular,1961,DEV_01294,5238.52
CUST_01029,23,Kolkata,India,2041466,Gold,1303,DEV_04956,4237.15
CUST_01030,69,Ahmedabad,India,500537,Gold,2869,DEV_06005,639.24
CUST_01031,32,Mumbai,India,4087868,Gold,705,DEV_06393,1647.97
CUST_01032,21,Delhi,India,3554154,Gold,1088,DEV_02719,9235.68
CUST_01033,56,Bangalore,India,3363927,Gold,606,DEV_06687,9575.49
CUST_01034,46,Pune,India,4320205,Gold,1390,DEV_06097,1357.17
CUST_01035,55,Chennai,India,1318098,Corporate,1116,DEV_03169,3453.15
CUST_01036,49,Pune,India,4755217,Regular,1404,DEV_05832,9982.89
CUST_01037,54,Hyderabad,India,1972017,Regular,646,DEV_04225,3288.41
CUST_01038,70,Delhi,India,3201266,Gold,2036,DEV_09389,5076.59
CUST_01039,22,Pune,India,3207450,Gold,1113,DEV_08010,9625.5
CUST_01040,24,Delhi,India,2403212,Gold,1911,DEV_02686,5747.44
CUST_01041,40,Delhi,India,4187067,Gold,1819,DEV_02744,4183.99
CUST_01042,24,Ahmedabad,India,2546075,Gold,1253,DEV_08358,7634.94
CUST_01043,31,Kolkata,India,3091220,Regular,1863,DEV_01270,5212.21
CUST_01044,26,Pune,India,676684,Regular,2337,DEV_09754,5188.86
CUST_01045,38,Mumbai,India,2401632,Regular,1071,DEV_00383,2807.04
CUST_01046,43,Ahmedabad,India,3237466,Regular,2249,DEV_08466,1958.41
CUST_01047,57,Mumbai,India,2595000,Regular,1186,DEV_06143,2323.6
CUST_01048,45,Delhi,India,2986234,Gold,676,DEV_05676,4089.52
CUST_01049,62,Mumbai,India,4130489,Regular,1889,DEV_09653,869.06
CUST_01050,38,Kolkata,India,982675,Platinum,89,DEV_07574,3979.14
CUST_01051,60,Kolkata,India,3068199,Regular,2071,DEV_03453,3537.5
CUST_01052,33,Ahmedabad,India,1618563,Regular,2015,DEV_07432,9989.24
CUST_01053,44,Ahmedabad,India,4755772,Gold,540,DEV_07602,3321.63
CUST_01054,39,Pune,India,871850,Regular,138,DEV_08600,4104.05
CUST_01055,43,Delhi,India,1801161,Gold,391,DEV_08688,2947.96
CUST_01056,63,Chennai,India,4276502,Gold,730,DEV_03839,3085.16
CUST_01057,36,Chennai,India,677785,Regular,1473,DEV_08110,8873.96
CUST_01058,20,Kolkata,India,3913341,Gold,1535,DEV_02397,4197.64
CUST_01059,67,Pune,India,2141713,Gold,2812,DEV_02640,3508.52
CUST_01060,62,Pune,India,683423,Regular,2303,DEV_00643,5958.04
CUST_01061,67,Chennai,India,3838514,Regular,1601,DEV_04400,9860.9
CUST_01062,41,Bangalore,India,1792087,Regular,2417,DEV_03813,9547.54
CUST_01063,22,Hyderabad,India,1450600,Corporate,1037,DEV_03836,6350.74
CUST_01064,27,Hyderabad,India,3157942,Corporate,943,DEV_08532,1420.05
CUST_01065,70,Pune,India,4203764,Gold,868,DEV_06237,4605.88
CUST_01066,26,Hyderabad,India,1048783,Gold,505,DEV_00640,7403.94
CUST_01067,61,Pune,India,1150222,Corporate,1526,DEV_09634,6264.58
CUST_01068,36,Bangalore,India,2090111,Corporate,2339,DEV_03764,4144.37
CUST_01069,54,Kolkata,India,1603624,Gold,2925,DEV_00949,6191.11
CUST_01070,70,Hyderabad,India,2640384,Regular,2467,DEV_04183,9456.52
CUST_01071,19,Hyderabad,India,3399921,Regular,176,DEV_03605,6052.15
CUST_01072,65,Kolkata,India,1441369,Regular,1617,DEV_08618,6538.6
CUST_01073,32,Kolkata,India,872084,Regular,2334,DEV_09515,3297.96
CUST_01074,26,Delhi,India,575764,Corporate,876,DEV_04181,3526.44
CUST_01075,49,Kolkata,India,685260,Gold,2235,DEV_02744,1428.08
CUST_01076,21,Pune,India,781988,Regular,766,DEV_07519,5196.81
CUST_01077,42,Bangalore,India,1389166,Regular,2199,DEV_08720,4859.54
CUST_01078,38,Hyderabad,India,2879844,Regular,2641,DEV_06320,3665.49
CUST_01079,40,Ahmedabad,India,1044720,Gold,717,DEV_01642,2825.93
CUST_01080,47,Kolkata,India,2038210,Regular,1159,DEV_00698,2191.86
CUST_01081,23,Mumbai,India,1365943,Gold,2828,DEV_03467,4252.17
CUST_01082,35,Hyderabad,India,4997544,Platinum,2539,DEV_04495,4613.46
CUST_01083,36,Delhi,India,4368806,Platinum,304,DEV_01965,3224.57
CUST_01084,58,Bangalore,India,3778503,Regular,1641,DEV_05567,843.38
CUST_01085,62,Delhi,India,3695542,Corporate,2843,DEV_03983,2162.27
CUST_01086,59,Delhi,India,3361138,Gold,1161,DEV_09847,7975.47
CUST_01087,47,Ahmedabad,India,889743,Platinum,1107,DEV_01597,8538.12
CUST_01088,34,Bangalore,India,4400159,Regular,679,DEV_00488,5311.68
CUST_01089,48,Pune,India,2760405,Regular,2616,DEV_06086,1645.0
CUST_01090,37,Ahmedabad,India,4760456,Regular,660,DEV_08589,8442.85
CUST_01091,36,Mumbai,India,1947676,Regular,1092,DEV_01862,7807.85
CUST_01092,32,Hyderabad,India,3503670,Gold,2246,DEV_01250,2969.42
CUST_01093,21,Chennai,India,4198867,Gold,2650,DEV_01389,7196.55
CUST_01094,34,Bangalore,India,2663949,Regular,2413,DEV_06092,2665.08
CUST_01095,20,Pune,India,3565403,Gold,802,DEV_08968,2994.71
CUST_01096,26,Chennai,India,3742730,Gold,2630,DEV_07531,1601.91
CUST_01097,48,Kolkata,India,2547519,Regular,527,DEV_07088,7629.29
CUST_01098,62,Pune,India,3826623,Platinum,600,DEV_05842,2612.52
CUST_01099,35,Bangalore,India,4202532,Regular,1336,DEV_00522,9972.46
CUST_01100,43,Delhi,India,668360,Corporate,246,DEV_07903,2743.61
CUST_01101,57,Ahmedabad,India,2016589,Gold,382,DEV_08709,3812.4
CUST_01102,48,Chennai,India,2035574,Regular,1818,DEV_03342,9590.4
CUST_01103,49,Mumbai,India,2840863,Corporate,1112,DEV_03004,8676.79
CUST_01104,36,Hyderabad,India,2815505,Regular,458,DEV_08499,9199.76
CUST_01105,61,Pune,India,2892469,Corporate,1192,DEV_05843,5117.48
CUST_01106,20,Pune,India,3508603,Corporate,2828,DEV_06691,9725.5
CUST_01107,23,Delhi,India,388442,Gold,1212,DEV_06481,3222.83
CUST_01108,69,Kolkata,India,2161888,Regular,1122,DEV_04610,5998.64
CUST_01109,24,Chennai,India,2648824,Regular,2354,DEV_03072,1452.88
CUST_01110,61,Mumbai,India,2981014,Regular,1843,DEV_07430,6678.27
CUST_01111,25,Ahmedabad,India,3000021,Regular,2554,DEV_07377,893.64
CUST_01112,23,Delhi,India,2405050,Regular,2024,DEV_08366,1433.33
CUST_01113,54,Delhi,India,2467525,Regular,647,DEV_06037,8946.37
CUST_01114,46,Mumbai,India,1324503,Regular,542,DEV_01000,3354.07
CUST_01115,44,Mumbai,India,4663836,Regular,2914,DEV_08390,9819.86
CUST_01116,38,Bangalore,India,2723791,Corporate,187,DEV_01293,4059.99
CUST_01117,52,Kolkata,India,3298767,Regular,1064,DEV_07780,2440.33
CUST_01118,47,Mumbai,India,1029105,Corporate,1356,DEV_08445,8488.37
CUST_01119,70,Delhi,India,1216943,Regular,624,DEV_05231,4385.68
CUST_01120,42,Chennai,India,827703,Gold,48,DEV_08102,1170.17
CUST_01121,49,Chennai,India,1096617,Regular,1800,DEV_03198,2072.98
CUST_01122,33,Delhi,India,3789123,Regular,1845,DEV_05664,1579.22
CUST_01123,27,Kolkata,India,4492362,Regular,1607,DEV_01827,6296.1
CUST_01124,55,Chennai,India,4550383,Corporate,1416,DEV_05301,3468.13
CUST_01125,45,Kolkata,India,2774241,Regular,1874,DEV_02434,5975.99
CUST_01126,35,Bangalore,India,3607652,Regular,2184,DEV_05334,5185.15
CUST_01127,35,Ahmedabad,India,2674469,Regular,2284,DEV_02112,4004.52
CUST_01128,66,Chennai,India,973397,Regular,901,DEV_07160,1576.3
CUST_01129,48,Kolkata,India,4498243,Regular,2630,DEV_06297,4455.18
CUST_01130,31,Kolkata,India,656540,Regular,1981,DEV_05200,3437.58
CUST_01131,45,Pune,India,4983183,Gold,1207,DEV_02824,4166.24
CUST_01132,64,Chennai,India,3609043,Corporate,1666,DEV_07034,7992.23
CUST_01133,56,Hyderabad,India,1151839,Regular,465,DEV_05629,2405.08
CUST_01134,64,Mumbai,India,776284,Regular,2587,DEV_05062,6414.42
CUST_01135,57,Bangalore,India,1858481,Gold,2884,DEV_01993,3098.93
CUST_01136,30,Pune,India,4414568,Regular,1854,DEV_05779,934.45
CUST_01137,24,Bangalore,India,2436337,Regular,425,DEV_00692,1599.78
CUST_01138,66,Hyderabad,India,4008069,Regular,2146,DEV_03446,8942.56
CUST_01139,41,Ahmedabad,India,1974710,Gold,1241,DEV_06159,8675.09
CUST_01140,38,Delhi,India,2993903,Regular,222,DEV_06810,3725.16
CUST_01141,31,Kolkata,India,2920951,Regular,1248,DEV_05554,9586.24
CUST_01142,69,Chennai,India,1989935,Regular,688,DEV_03348,6998.09
CUST_01143,31,Chennai,India,4552279,Corporate,1253,DEV_09899,4967.35
CUST_01144,37,Chennai,India,2758780,Corporate,1011,DEV_08332,3214.93
CUST_01145,49,Mumbai,India,4362119,Regular,2321,DEV_05319,5074.19
CUST_01146,65,Kolkata,India,1605710,Regular,2804,DEV_02537,9231.55
CUST_01147,67,Mumbai,India,4898373,Regular,280,DEV_06283,6422.77
CUST_01148,46,Delhi,India,4633421,Platinum,1360,DEV_03623,8831.97
CUST_01149,46,Ahmedabad,India,1669522,Platinum,540,DEV_07334,3689.0
CUST_01150,25,Mumbai,India,4259018,Regular,2486,DEV_06682,1297.41
CUST_01151,40,Mumbai,India,3413109,Regular,1081,DEV_00302,1340.15
CUST_01152,70,Delhi,India,4560157,Corporate,2479,DEV_05007,9770.0
CUST_01153,55,Ahmedabad,India,4841758,Regular,2266,DEV_01647,1968.88
CUST_01154,42,Pune,India,3080405,Regular,915,DEV_02906,3567.47
CUST_01155,62,Chennai,India,3068103,Regular,754,DEV_05717,2287.56
CUST_01156,69,Delhi,India,2393356,Platinum,1901,DEV_04289,7713.72
CUST_01157,56,Pune,India,4508271,Gold,1294,DEV_09464,8619.14
CUST_01158,40,Pune,India,4828240,Regular,2814,DEV_00112,5529.41
CUST_01159,59,Chennai,India,4144618,Gold,1309,DEV_08232,743.63
CUST_01160,18,Mumbai,India,2683536,Gold,1560,DEV_03783,6924.85
CUST_01161,70,Pune,India,1370220,Regular,1694,DEV_06790,985.57
CUST_01162,55,Delhi,India,4351344,Platinum,158,DEV_03226,8308.66
CUST_01163,28,Mumbai,India,4697344,Regular,1476,DEV_08606,6524.38
CUST_01164,70,Ahmedabad,India,2285669,Regular,1670,DEV_04084,3804.43
CUST_01165,49,Chennai,India,3263929,Gold,1857,DEV_02025,3066.26
CUST_01166,29,Chennai,India,789478,Regular,2256,DEV_02609,6296.49
CUST_01167,64,Hyderabad,India,2586293,Gold,2820,DEV_06246,2683.67
CUST_01168,40,Ahmedabad,India,2066394,Regular,967,DEV_08589,6135.43
CUST_01169,30,Delhi,India,1395366,Regular,541,DEV_01072,4748.76
CUST_01170,67,Chennai,India,4504419,Regular,2320,DEV_00343,5219.26
CUST_01171,59,Delhi,India,4747727,Regular,1777,DEV_01887,2042.0
CUST_01172,27,Chennai,India,514161,Regular,1459,DEV_07377,8640.89
CUST_01173,66,Mumbai,India,444426,Regular,1758,DEV_08051,6505.98
CUST_01174,53,Chennai,India,1962837,Regular,1327,DEV_09168,8845.96
CUST_01175,28,Chennai,India,3625444,Regular,2257,DEV_08448,5594.72
CUST_01176,50,Chennai,India,858527,Regular,2083,DEV_00299,8786.32
CUST_01177,36,Chennai,India,977215,Platinum,818,DEV_07564,4565.53
CUST_01178,23,Bangalore,India,4566009,Regular,699,DEV_00764,3801.48
CUST_01179,69,Delhi,India,1210644,Regular,1242,DEV_09450,5064.55
CUST_01180,65,Delhi,India,4892196,Regular,1171,DEV_08880,7708.99
CUST_01181,64,Chennai,India,2640181,Gold,1202,DEV_08938,4794.9
CUST_01182,66,Mumbai,India,4083893,Regular,1663,DEV_05770,3792.45
CUST_01183,28,Hyderabad,India,691374,Platinum,1217,DEV_04759,3434.62
CUST_01184,37,Delhi,India,2075203,Regular,2632,DEV_04133,1729.95
CUST_01185,48,Delhi,India,1516564,Gold,2022,DEV_06448,955.06
CUST_01186,50,Chennai,India,1238600,Platinum,127,DEV_08254,4380.59
CUST_01187,27,Kolkata,India,761471,Corporate,1364,DEV_05133,5910.6
CUST_01188,42,Delhi,India,3902594,Regular,2735,DEV_07435,7873.91
CUST_01189,36,Bangalore,India,3123663,Regular,1476,DEV_08758,9653.31
CUST_01190,44,Hyderabad,India,1296175,Regular,1322,DEV_06327,2736.45
CUST_01191,60,Bangalore,India,4494535,Regular,2531,DEV_01347,6496.72
CUST_01192,36,Hyderabad,India,3430804,Regular,423,DEV_01225,4439.58
CUST_01193,62,Hyderabad,India,4520883,Regular,2898,DEV_02427,575.07
CUST_01194,38,Kolkata,India,2585422,Regular,2203,DEV_01198,9959.65
CUST_01195,65,Chennai,India,1023196,Regular,990,DEV_03311,8546.43
CUST_01196,50,Ahmedabad,India,638291,Platinum,2196,DEV_09315,3911.26
CUST_01197,57,Bangalore,India,833383,Gold,2958,DEV_00973,2709.68
CUST_01198,39,Bangalore,India,3801120,Regular,2927,DEV_00930,4110.47
CUST_01199,23,Pune,India,1191296,Gold,322,DEV_08573,7798.02
CUST_01200,24,Hyderabad,India,1072727,Regular,814,DEV_03186,3958.0
CUST_01201,58,Delhi,India,4486168,Regular,168,DEV_01823,7525.34
CUST_01202,64,Ahmedabad,India,4808109,Regular,483,DEV_07656,4038.22
CUST_01203,46,Kolkata,India,2548831,Regular,873,DEV_00392,5867.02
CUST_01204,27,Delhi,India,4833110,Regular,1455,DEV_03019,2347.84
CUST_01205,56,Hyderabad,India,3037779,Gold,2412,DEV_03059,6832.65
CUST_01206,62,Delhi,India,3688222,Regular,1309,DEV_04807,9049.95
CUST_01207,47,Pune,India,2415381,Platinum,1812,DEV_03022,5131.04
CUST_01208,47,Hyderabad,India,4780014,Regular,2355,DEV_00060,8135.3
CUST_01209,59,Delhi,India,1184377,Regular,245,DEV_06898,5641.7
CUST_01210,70,Delhi,India,3631449,Platinum,424,DEV_03469,2858.36
CUST_01211,58,Hyderabad,India,4257980,Corporate,2469,DEV_00358,4967.26
CUST_01212,43,Hyderabad,India,1875377,Corporate,1596,DEV_03998,4513.91
CUST_01213,31,Bangalore,India,2925080,Regular,1415,DEV_08780,8234.99
CUST_01214,67,Chennai,India,224137,Regular,722,DEV_04586,4946.68
CUST_01215,39,Kolkata,India,4696229,Corporate,716,DEV_03346,3724.92
CUST_01216,24,Ahmedabad,India,3460248,Gold,1036,DEV_06003,546.34
CUST_01217,32,Pune,India,1784883,Gold,2189,DEV_00041,6686.72
CUST_01218,43,Ahmedabad,India,2029375,Regular,1631,DEV_00651,7333.44
CUST_01219,35,Ahmedabad,India,4432343,Platinum,551,DEV_09661,8237.52
CUST_01220,40,Hyderabad,India,3315766,Regular,1168,DEV_04224,9662.66
CUST_01221,53,Delhi,India,440091,Regular,2849,DEV_04984,6016.98
CUST_01222,45,Kolkata,India,222412,Platinum,1625,DEV_00385,8505.51
CUST_01223,51,Mumbai,India,887006,Regular,2492,DEV_08189,6623.69
CUST_01224,25,Delhi,India,2487416,Gold,2097,DEV_07507,3396.5
CUST_01225,18,Pune,India,4467122,Regular,2921,DEV_04871,3796.94
CUST_01226,69,Delhi,India,723101,Regular,1766,DEV_04868,5635.2
CUST_01227,60,Delhi,India,3079419,Gold,1262,DEV_00010,9035.8
CUST_01228,52,Pune,India,2659778,Regular,1584,DEV_01071,2589.71
CUST_01229,26,Kolkata,India,2290145,Gold,2641,DEV_08274,8523.36
CUST_01230,69,Delhi,India,4771198,Regular,414,DEV_07833,3714.3
CUST_01231,24,Pune,India,4260376,Platinum,1308,DEV_04703,7786.13
CUST_01232,36,Kolkata,India,1467942,Corporate,2199,DEV_04926,7462.76
CUST_01233,47,Hyderabad,India,4780896,Gold,2326,DEV_04674,2664.76
CUST_01234,57,Chennai,India,3929626,Regular,231,DEV_06060,5955.96
CUST_01235,59,Hyderabad,India,3908016,Regular,1899,DEV_00323,9559.53
CUST_01236,56,Pune,India,1485019,Corporate,1281,DEV_00468,7499.11
CUST_01237,60,Pune,India,2730440,Gold,2677,DEV_08897,8753.76
CUST_01238,41,Kolkata,India,3220048,Regular,135,DEV_06337,7718.35
CUST_01239,66,Hyderabad,India,1452368,Regular,1721,DEV_07325,8545.22
CUST_01240,24,Chennai,India,219548,Platinum,1651,DEV_04837,7563.88
CUST_01241,45,Hyderabad,India,336360,Gold,2062,DEV_03211,8234.12
CUST_01242,42,Chennai,India,2333047,Regular,966,DEV_07842,8236.2
CUST_01243,41,Ahmedabad,India,2945627,Platinum,2163,DEV_07640,9440.19
CUST_01244,29,Pune,India,3211119,Platinum,1898,DEV_03859,4582.37
CUST_01245,66,Delhi,India,2299640,Regular,1731,DEV_07925,3769.75
CUST_01246,32,Hyderabad,India,913640,Regular,1832,DEV_09992,8662.89
CUST_01247,47,Mumbai,India,1562724,Corporate,2539,DEV_09664,9527.38
CUST_01248,58,Delhi,India,2599947,Regular,654,DEV_06781,1777.04
CUST_01249,67,Hyderabad,India,2815508,Platinum,1014,DEV_06282,7320.62
CUST_01250,25,Delhi,India,3636911,Platinum,118,DEV_00452,8772.24
CUST_01251,22,Kolkata,India,2060343,Gold,1383,DEV_01810,4891.57
CUST_01252,44,Kolkata,India,1025810,Gold,1677,DEV_01673,2712.15
CUST_01253,42,Ahmedabad,India,3471462,Corporate,1413,DEV_05269,2045.22
CUST_01254,35,Hyderabad,India,2634420,Regular,1588,DEV_05668,8429.72
CUST_01255,56,Pune,India,4978414,Regular,1220,DEV_04469,5180.28
CUST_01256,36,Hyderabad,India,3757750,Regular,517,DEV_04969,9861.05
CUST_01257,39,Bangalore,India,354005,Regular,157,DEV_06938,522.49
CUST_01258,59,Delhi,India,4915738,Gold,3000,DEV_01046,9622.36
CUST_01259,41,Delhi,India,4945352,Regular,2897,DEV_03788,7717.34
CUST_01260,50,Chennai,India,1742451,Regular,585,DEV_02452,4675.13
CUST_01261,28,Hyderabad,India,3617273,Regular,1347,DEV_05954,9930.56
CUST_01262,49,Kolkata,India,4554481,Regular,1684,DEV_00416,4401.25
CUST_01263,55,Chennai,India,3732346,Regular,2811,DEV_05378,5867.25
CUST_01264,38,Hyderabad,India,4980135,Platinum,824,DEV_07914,2186.77
CUST_01265,33,Kolkata,India,1496216,Regular,306,DEV_02430,2634.66
CUST_01266,66,Bangalore,India,2470648,Regular,79,DEV_04830,9413.33
CUST_01267,35,Kolkata,India,1201207,Platinum,366,DEV_07136,2271.36
CUST_01268,61,Kolkata,India,1907087,Regular,968,DEV_03552,4943.25
CUST_01269,25,Bangalore,India,2914887,Regular,1662,DEV_01803,8253.14
CUST_01270,31,Delhi,India,1893866,Regular,1721,DEV_04716,2923.22
CUST_01271,49,Delhi,India,2267866,Gold,2357,DEV_02507,7642.06
CUST_01272,69,Bangalore,India,3404528,Corporate,1038,DEV_08001,4969.72
CUST_01273,54,Chennai,India,2796255,Platinum,2458,DEV_00214,7358.42
CUST_01274,58,Ahmedabad,India,2657099,Corporate,84,DEV_05250,6724.2
CUST_01275,54,Bangalore,India,4124451,Regular,1533,DEV_03454,7969.67
CUST_01276,66,Mumbai,India,2411198,Regular,449,DEV_00196,9918.04
CUST_01277,50,Hyderabad,India,4154660,Gold,1320,DEV_00107,4606.41
CUST_01278,57,Mumbai,India,4210978,Platinum,505,DEV_07657,7813.66
CUST_01279,59,Bangalore,India,3852656,Regular,1645,DEV_05242,6464.21
CUST_01280,48,Delhi,India,1829256,Gold,324,DEV_05376,2899.01
CUST_01281,30,Pune,India,3842923,Regular,751,DEV_01481,9122.33
CUST_01282,33,Chennai,India,3810030,Regular,635,DEV_01683,620.06
CUST_01283,42,Kolkata,India,1284242,Regular,2905,DEV_02978,4057.03
CUST_01284,37,Delhi,India,1486189,Gold,2534,DEV_06154,9280.19
CUST_01285,35,Delhi,India,3226438,Corporate,2777,DEV_06865,9963.58
CUST_01286,67,Pune,India,212016,Regular,2209,DEV_00840,1370.87
CUST_01287,58,Pune,India,2374915,Regular,1031,DEV_08438,5440.76
CUST_01288,56,Bangalore,India,4582949,Regular,113,DEV_09729,3494.87
CUST_01289,44,Delhi,India,549438,Regular,2160,DEV_04299,8781.88
CUST_01290,30,Kolkata,India,1947362,Regular,942,DEV_06637,7904.22
CUST_01291,44,Mumbai,India,1395786,Regular,1494,DEV_08760,7394.83
CUST_01292,66,Kolkata,India,4640407,Regular,389,DEV_05211,2419.55
CUST_01293,23,Delhi,India,4505720,Regular,2423,DEV_09660,1470.52
CUST_01294,22,Ahmedabad,India,332010,Regular,1554,DEV_05355,4726.38
CUST_01295,33,Pune,India,1741892,Gold,2223,DEV_06678,2206.02
CUST_01296,21,Ahmedabad,India,2093314,Platinum,1610,DEV_05248,2527.82
CUST_01297,50,Mumbai,India,3989522,Gold,2665,DEV_01129,1779.32
CUST_01298,45,Ahmedabad,India,1840683,Regular,1816,DEV_06867,2435.46
CUST_01299,58,Bangalore,India,3814264,Platinum,254,DEV_09563,6287.99
CUST_01300,28,Mumbai,India,939733,Regular,1185,DEV_06022,8212.78
CUST_01301,18,Hyderabad,India,4298056,Gold,471,DEV_09324,514.7
CUST_01302,67,Chennai,India,1697350,Regular,2151,DEV_07398,3888.99
CUST_01303,54,Delhi,India,2650522,Corporate,1674,DEV_01252,8915.23
CUST_01304,35,Ahmedabad,India,4471539,Regular,1255,DEV_04409,5180.03
CUST_01305,56,Ahmedabad,India,1811406,Regular,910,DEV_05931,6887.12
CUST_01306,63,Bangalore,India,497653,Regular,2577,DEV_00195,3650.46
CUST_01307,29,Pune,India,3476109,Regular,200,DEV_04876,8876.41
CUST_01308,52,Ahmedabad,India,1833394,Regular,2082,DEV_03817,7572.7
CUST_01309,47,Kolkata,India,2030164,Regular,1523,DEV_06425,3765.09
CUST_01310,54,Ahmedabad,India,1151461,Regular,679,DEV_02982,644.69
CUST_01311,33,Pune,India,1084021,Corporate,1869,DEV_06818,7965.45
CUST_01312,52,Pune,India,3646738,Regular,228,DEV_07483,839.85
CUST_01313,31,Chennai,India,1542871,Regular,1491,DEV_05911,6289.05
CUST_01314,69,Bangalore,India,2064777,Gold,2962,DEV_04531,9806.64
CUST_01315,45,Mumbai,India,565295,Regular,1308,DEV_09593,7769.23
CUST_01316,25,Ahmedabad,India,678646,Regular,1587,DEV_06534,4871.21
CUST_01317,31,Delhi,India,1631893,Regular,2569,DEV_04936,3670.42
CUST_01318,42,Delhi,India,971892,Regular,2355,DEV_05103,603.4
CUST_01319,33,Pune,India,1014427,Regular,2685,DEV_08280,6070.75
CUST_01320,56,Ahmedabad,India,1015563,Regular,1848,DEV_05771,1402.73
CUST_01321,57,Pune,India,3745606,Regular,2106,DEV_04777,3971.82
CUST_01322,65,Pune,India,581826,Corporate,1679,DEV_03827,1330.01
CUST_01323,21,Pune,India,4348739,Regular,1833,DEV_03023,9264.57
CUST_01324,68,Chennai,India,1558374,Regular,241,DEV_08019,3904.98
CUST_01325,31,Hyderabad,India,1386750,Regular,2723,DEV_09360,8364.03
CUST_01326,33,Kolkata,India,2897035,Regular,1832,DEV_00578,3901.98
CUST_01327,55,Ahmedabad,India,292074,Regular,31,DEV_05522,3337.43
CUST_01328,27,Mumbai,India,3364184,Corporate,538,DEV_06057,4172.24
CUST_01329,58,Chennai,India,865303,Regular,1145,DEV_05996,6355.41
CUST_01330,61,Chennai,India,1705428,Regular,2471,DEV_09009,4571.3
CUST_01331,60,Mumbai,India,3617946,Corporate,1267,DEV_00343,4350.08
CUST_01332,62,Mumbai,India,3789438,Gold,2026,DEV_01833,1715.72
CUST_01333,20,Bangalore,India,888477,Gold,2153,DEV_02244,789.57
CUST_01334,62,Kolkata,India,2328864,Regular,2804,DEV_07701,7918.12
CUST_01335,58,Kolkata,India,3703854,Regular,567,DEV_02995,5167.89
CUST_01336,63,Mumbai,India,1880844,Platinum,2578,DEV_05798,6494.77
CUST_01337,45,Delhi,India,2133555,Regular,1765,DEV_05209,7772.53
CUST_01338,61,Ahmedabad,India,352679,Regular,1514,DEV_05747,3693.19
CUST_01339,32,Delhi,India,1641833,Regular,2389,DEV_01152,6072.62
CUST_01340,64,Ahmedabad,India,2675724,Regular,1004,DEV_06381,3495.22
CUST_01341,34,Kolkata,India,1818558,Regular,2742,DEV_00247,1273.32
CUST_01342,45,Delhi,India,4937629,Gold,241,DEV_09324,8033.05
CUST_01343,54,Bangalore,India,3901731,Regular,451,DEV_00159,720.85
CUST_01344,41,Delhi,India,449102,Gold,2649,DEV_04526,3424.77
CUST_01345,38,Bangalore,India,2560766,Regular,2491,DEV_03307,6451.71
CUST_01346,45,Kolkata,India,4610334,Regular,1537,DEV_02387,7707.59
CUST_01347,47,Ahmedabad,India,3365663,Gold,2279,DEV_00595,3060.22
CUST_01348,61,Mumbai,India,1386625,Corporate,1810,DEV_04278,6503.96
CUST_01349,26,Chennai,India,4005141,Gold,1974,DEV_08222,6775.29
CUST_01350,70,Pune,India,4398468,Regular,1175,DEV_09585,2055.78
CUST_01351,39,Pune,India,3909595,Gold,356,DEV_08107,5675.89
CUST_01352,27,Chennai,India,4690915,Regular,804,DEV_04118,7044.47
CUST_01353,69,Hyderabad,India,1204702,Regular,109,DEV_02332,2450.19
CUST_01354,46,Bangalore,India,3451325,Platinum,711,DEV_08275,7841.84
CUST_01355,23,Hyderabad,India,1665585,Regular,2070,DEV_01859,3580.84
CUST_01356,45,Chennai,India,598132,Corporate,1143,DEV_04196,3317.22
CUST_01357,47,Mumbai,India,2139046,Platinum,787,DEV_09681,2550.2
CUST_01358,31,Hyderabad,India,2223655,Regular,880,DEV_01936,2274.39
CUST_01359,42,Ahmedabad,India,4932107,Regular,2894,DEV_01356,5762.56
CUST_01360,40,Mumbai,India,3969646,Corporate,1327,DEV_00895,3795.2
CUST_01361,47,Mumbai,India,667953,Gold,1998,DEV_02464,5137.71
CUST_01362,66,Bangalore,India,3767308,Regular,2166,DEV_08966,6479.1
CUST_01363,22,Chennai,India,3606995,Regular,682,DEV_00520,4271.98
CUST_01364,49,Hyderabad,India,4430302,Regular,734,DEV_09548,1674.0
CUST_01365,59,Bangalore,India,4072943,Regular,2075,DEV_02629,4526.3
CUST_01366,57,Delhi,India,4922905,Regular,2978,DEV_06669,8553.04
CUST_01367,27,Delhi,India,270837,Regular,427,DEV_08502,1149.63
CUST_01368,53,Delhi,India,2696210,Regular,997,DEV_06465,4607.2
CUST_01369,39,Delhi,India,1418781,Regular,1838,DEV_01415,1193.72
CUST_01370,60,Delhi,India,4207766,Gold,2470,DEV_07240,5475.71
CUST_01371,40,Bangalore,India,4811798,Platinum,1210,DEV_09653,9944.34
CUST_01372,28,Pune,India,1167536,Regular,1616,DEV_01423,2172.28
CUST_01373,36,Hyderabad,India,4528822,Regular,571,DEV_07507,2791.63
CUST_01374,36,Delhi,India,1785508,Regular,1061,DEV_06051,3611.31
CUST_01375,68,Mumbai,India,3590863,Regular,2502,DEV_02851,8941.83
CUST_01376,21,Mumbai,India,3746599,Regular,190,DEV_06060,1586.41
CUST_01377,23,Kolkata,India,2271109,Platinum,2303,DEV_07954,2471.47
CUST_01378,23,Kolkata,India,1749433,Gold,1684,DEV_04188,1843.28
CUST_01379,54,Ahmedabad,India,2557654,Gold,2158,DEV_03398,9589.86
CUST_01380,54,Chennai,India,692261,Platinum,1976,DEV_05281,1458.72
CUST_01381,63,Bangalore,India,2205054,Gold,2887,DEV_07108,9955.45
CUST_01382,46,Hyderabad,India,2423122,Regular,2074,DEV_08047,4398.71
CUST_01383,36,Chennai,India,4039925,Regular,2135,DEV_08202,5301.12
CUST_01384,23,Bangalore,India,2087195,Gold,2220,DEV_00669,6926.18
CUST_01385,32,Kolkata,India,2307956,Regular,514,DEV_06376,1941.65
CUST_01386,35,Mumbai,India,4880777,Corporate,944,DEV_07620,4330.46
CUST_01387,66,Delhi,India,4371926,Regular,233,DEV_04946,8312.12
CUST_01388,45,Kolkata,India,2345769,Regular,2689,DEV_03825,8865.59
CUST_01389,64,Chennai,India,2179634,Regular,2870,DEV_07877,4162.16
CUST_01390,30,Mumbai,India,3231866,Regular,2731,DEV_00063,9480.44
CUST_01391,34,Hyderabad,India,3709460,Regular,360,DEV_07675,8105.3
CUST_01392,70,Bangalore,India,1827285,Platinum,1623,DEV_06751,5334.1
CUST_01393,28,Hyderabad,India,3839851,Regular,2624,DEV_05219,5919.55
CUST_01394,64,Delhi,India,2618030,Regular,2454,DEV_02602,5897.21
CUST_01395,39,Mumbai,India,663426,Gold,169,DEV_02606,5601.83
CUST_01396,20,Ahmedabad,India,1609848,Regular,2520,DEV_08468,634.58
CUST_01397,61,Chennai,India,3568106,Regular,603,DEV_00571,4580.0
CUST_01398,34,Bangalore,India,3536894,Regular,295,DEV_03803,8326.7
CUST_01399,42,Delhi,India,4142576,Regular,491,DEV_04863,640.41
CUST_01400,68,Bangalore,India,2410889,Regular,164,DEV_08283,4874.53
CUST_01401,51,Hyderabad,India,1756878,Gold,1836,DEV_04495,1252.1
CUST_01402,61,Bangalore,India,4087934,Regular,647,DEV_02113,907.86
CUST_01403,65,Delhi,India,2573596,Gold,2387,DEV_03996,4948.09
CUST_01404,67,Hyderabad,India,4286653,Regular,1661,DEV_04716,5108.04
CUST_01405,35,Mumbai,India,2119135,Regular,2420,DEV_08050,9432.63
CUST_01406,19,Kolkata,India,3301137,Regular,1453,DEV_04388,5972.96
CUST_01407,65,Ahmedabad,India,2246638,Regular,1016,DEV_07108,2083.73
CUST_01408,56,Pune,India,2579127,Gold,1643,DEV_03861,7825.16
CUST_01409,49,Chennai,India,2166658,Gold,675,DEV_06830,9119.41
CUST_01410,66,Chennai,India,1318962,Regular,1115,DEV_00904,1679.15
CUST_01411,30,Ahmedabad,India,1777289,Corporate,127,DEV_02540,7242.91
CUST_01412,58,Ahmedabad,India,1077324,Regular,585,DEV_02673,2482.26
CUST_01413,33,Bangalore,India,1108527,Gold,2327,DEV_08975,3008.1
CUST_01414,33,Kolkata,India,3064065,Regular,2208,DEV_06509,5386.45
CUST_01415,31,Delhi,India,1616104,Regular,2317,DEV_09440,4027.35
CUST_01416,26,Kolkata,India,1393746,Regular,355,DEV_02655,2347.69
CUST_01417,67,Pune,India,3517320,Regular,2945,DEV_08827,4315.68
CUST_01418,31,Delhi,India,1862286,Gold,77,DEV_04352,4586.31
CUST_01419,52,Bangalore,India,273883,Regular,1134,DEV_09970,3883.39
CUST_01420,66,Ahmedabad,India,2432846,Regular,31,DEV_09767,7161.97
CUST_01421,62,Mumbai,India,4664674,Regular,1606,DEV_00296,2192.56
CUST_01422,70,Hyderabad,India,1716458,Regular,1313,DEV_02738,1470.13
CUST_01423,38,Kolkata,India,3157195,Gold,1491,DEV_03325,6088.32
CUST_01424,66,Ahmedabad,India,2158633,Platinum,2944,DEV_03712,8784.85
CUST_01425,28,Kolkata,India,3564864,Regular,799,DEV_01268,8273.71
CUST_01426,24,Hyderabad,India,1828704,Regular,868,DEV_06318,601.46
CUST_01427,53,Bangalore,India,1788385,Platinum,585,DEV_02471,6974.19
CUST_01428,33,Chennai,India,1817021,Regular,840,DEV_06376,9555.96
CUST_01429,30,Hyderabad,India,618479,Platinum,1349,DEV_04864,9846.07
CUST_01430,57,Pune,India,1102569,Corporate,520,DEV_06052,810.41
CUST_01431,69,Pune,India,4142360,Gold,588,DEV_02761,673.81
CUST_01432,37,Delhi,India,1311252,Regular,2427,DEV_08650,3998.33
CUST_01433,25,Bangalore,India,3161924,Regular,1953,DEV_01638,790.53
CUST_01434,46,Hyderabad,India,375299,Corporate,2953,DEV_06290,5707.56
CUST_01435,65,Mumbai,India,2841187,Gold,2106,DEV_07114,8455.84
CUST_01436,41,Mumbai,India,1716770,Gold,2285,DEV_00295,8679.79
CUST_01437,67,Bangalore,India,451826,Regular,1722,DEV_09860,1779.52
CUST_01438,67,Kolkata,India,4066551,Regular,1508,DEV_04303,7585.63
CUST_01439,36,Chennai,India,4559381,Regular,1711,DEV_02414,7807.94
CUST_01440,66,Chennai,India,3881931,Regular,976,DEV_07469,6071.37
CUST_01441,45,Ahmedabad,India,1597657,Gold,1364,DEV_06121,6208.97
CUST_01442,22,Pune,India,2022087,Regular,2988,DEV_03850,2557.01
CUST_01443,18,Bangalore,India,866616,Gold,338,DEV_06491,7666.47
CUST_01444,39,Mumbai,India,3186599,Regular,249,DEV_02879,8879.79
CUST_01445,55,Kolkata,India,405245,Platinum,2549,DEV_02353,7168.6
CUST_01446,62,Hyderabad,India,3492496,Gold,49,DEV_06062,8452.19
CUST_01447,19,Pune,India,4503297,Gold,2794,DEV_03370,5028.39
CUST_01448,40,Delhi,India,347874,Regular,1030,DEV_04311,7853.49
CUST_01449,61,Pune,India,493952,Regular,285,DEV_08518,7931.08
CUST_01450,70,Pune,India,933670,Gold,906,DEV_01444,9632.8
CUST_01451,65,Kolkata,India,4137155,Regular,1401,DEV_09809,6495.18
CUST_01452,52,Kolkata,India,2883050,Corporate,185,DEV_03704,5830.81
CUST_01453,62,Hyderabad,India,2524813,Gold,1486,DEV_02411,6680.5
CUST_01454,48,Delhi,India,2012516,Regular,1284,DEV_06374,9151.9
CUST_01455,28,Hyderabad,India,3132142,Regular,388,DEV_03746,4229.34
CUST_01456,58,Ahmedabad,India,1033264,Gold,760,DEV_04120,5374.32
CUST_01457,58,Mumbai,India,1402086,Regular,758,DEV_01345,9674.08
CUST_01458,31,Pune,India,1362531,Regular,1513,DEV_08403,9641.25
CUST_01459,46,Bangalore,India,242826,Gold,2966,DEV_02474,4611.75
CUST_01460,51,Ahmedabad,India,1856153,Regular,271,DEV_05489,3073.05
CUST_01461,60,Bangalore,India,3909604,Corporate,336,DEV_01036,3046.63
CUST_01462,33,Ahmedabad,India,288885,Regular,1591,DEV_08616,9250.75
CUST_01463,25,Kolkata,India,2079097,Gold,2199,DEV_00583,4992.7
CUST_01464,21,Mumbai,India,3745779,Regular,816,DEV_00986,7220.77
CUST_01465,47,Hyderabad,India,4158192,Regular,983,DEV_07207,3179.81
CUST_01466,59,Pune,India,4804826,Regular,1706,DEV_02061,9379.36
CUST_01467,46,Hyderabad,India,2590424,Regular,2796,DEV_00433,7813.52
CUST_01468,29,Hyderabad,India,3333947,Corporate,2165,DEV_01809,1135.3
CUST_01469,66,Kolkata,India,1285539,Platinum,676,DEV_07518,2448.86
CUST_01470,62,Ahmedabad,India,2604718,Regular,824,DEV_03440,7202.01
CUST_01471,42,Delhi,India,2785994,Platinum,2107,DEV_01044,2445.52
CUST_01472,64,Mumbai,India,4947456,Gold,1702,DEV_03504,1012.83
CUST_01473,58,Ahmedabad,India,2795162,Platinum,268,DEV_09822,4193.36
CUST_01474,70,Kolkata,India,2053434,Regular,1757,DEV_01116,9309.18
CUST_01475,48,Delhi,India,2159564,Regular,2339,DEV_09104,8733.99
CUST_01476,63,Delhi,India,1371829,Platinum,2776,DEV_04024,6468.99
CUST_01477,31,Hyderabad,India,4948201,Gold,2755,DEV_07501,3632.17
CUST_01478,26,Pune,India,687383,Regular,273,DEV_01661,7180.75
CUST_01479,35,Mumbai,India,3336583,Corporate,407,DEV_08286,3024.58
CUST_01480,57,Ahmedabad,India,3559815,Corporate,1491,DEV_06632,6369.63
CUST_01481,67,Hyderabad,India,4816472,Regular,647,DEV_08843,7218.78
CUST_01482,25,Ahmedabad,India,3731001,Regular,146,DEV_05369,4067.68
CUST_01483,41,Hyderabad,India,1173849,Gold,444,DEV_06299,7771.27
CUST_01484,29,Kolkata,India,742209,Gold,1672,DEV_09853,1544.74
CUST_01485,46,Hyderabad,India,3961313,Platinum,2872,DEV_03835,4161.21
CUST_01486,37,Bangalore,India,2998712,Regular,2945,DEV_02111,4980.34
CUST_01487,34,Bangalore,India,2448589,Regular,1797,DEV_05074,8188.79
CUST_01488,60,Ahmedabad,India,221245,Corporate,1393,DEV_05655,8008.17
CUST_01489,32,Hyderabad,India,429562,Regular,142,DEV_08905,9123.11
CUST_01490,65,Delhi,India,2249886,Platinum,2345,DEV_04314,6724.7
CUST_01491,27,Kolkata,India,2192152,Regular,1115,DEV_01062,2839.09
CUST_01492,42,Kolkata,India,848134,Corporate,2186,DEV_01044,7626.33
CUST_01493,43,Hyderabad,India,4476702,Regular,647,DEV_00441,7372.76
CUST_01494,46,Delhi,India,3976313,Gold,2654,DEV_02261,3846.29
CUST_01495,45,Mumbai,India,4490984,Corporate,1363,DEV_04577,9632.99
CUST_01496,19,Ahmedabad,India,2394040,Gold,1630,DEV_04089,554.07
CUST_01497,30,Bangalore,India,3190806,Regular,2470,DEV_04249,2596.63
CUST_01498,19,Hyderabad,India,387341,Gold,1134,DEV_05622,8098.63
CUST_01499,37,Hyderabad,India,1779250,Regular,84,DEV_03075,5489.04
CUST_01500,63,Chennai,India,1262968,Platinum,654,DEV_05972,8354.0
CUST_01501,54,Hyderabad,India,937630,Regular,1361,DEV_04426,3153.61
CUST_01502,19,Hyderabad,India,1122942,Regular,618,DEV_04798,7370.27
CUST_01503,41,Kolkata,India,2173091,Regular,132,DEV_03826,5359.86
CUST_01504,47,Mumbai,India,2824412,Regular,492,DEV_08881,1703.12
CUST_01505,64,Ahmedabad,India,4793883,Regular,2352,DEV_01954,4925.28
CUST_01506,65,Chennai,India,3829352,Regular,1520,DEV_04927,966.82
CUST_01507,67,Kolkata,India,1547961,Gold,631,DEV_06498,5291.49
CUST_01508,45,Ahmedabad,India,833784,Regular,659,DEV_07885,1212.98
CUST_01509,53,Bangalore,India,1016752,Regular,1029,DEV_01879,9950.23
CUST_01510,60,Ahmedabad,India,4993672,Regular,449,DEV_03949,6497.11
CUST_01511,41,Ahmedabad,India,1355603,Platinum,2056,DEV_08240,7906.31
CUST_01512,44,Chennai,India,2526177,Gold,2692,DEV_02760,3374.81
CUST_01513,33,Hyderabad,India,2697958,Platinum,2586,DEV_00858,4461.76
CUST_01514,32,Hyderabad,India,1587959,Regular,1175,DEV_05655,2073.06
CUST_01515,64,Mumbai,India,1581264,Regular,2162,DEV_00788,4293.55
CUST_01516,20,Chennai,India,4526757,Regular,1158,DEV_00144,2733.33
CUST_01517,37,Chennai,India,398487,Regular,1756,DEV_07776,8363.1
CUST_01518,54,Kolkata,India,3658757,Regular,724,DEV_03615,6556.42
CUST_01519,36,Bangalore,India,3555852,Regular,2175,DEV_04535,7528.96
CUST_01520,70,Kolkata,India,3323837,Regular,33,DEV_01099,4408.95
CUST_01521,57,Kolkata,India,1313497,Regular,2939,DEV_08912,6428.14
CUST_01522,70,Pune,India,1438692,Gold,772,DEV_05761,6318.97
CUST_01523,50,Bangalore,India,4255564,Gold,185,DEV_01420,3542.25
CUST_01524,60,Chennai,India,4403850,Regular,484,DEV_07287,4563.13
CUST_01525,40,Bangalore,India,266397,Regular,535,DEV_05691,4432.01
CUST_01526,20,Bangalore,India,4567543,Corporate,2156,DEV_01430,6394.21
CUST_01527,44,Mumbai,India,252754,Regular,2063,DEV_00924,2426.16
CUST_01528,30,Chennai,India,2131891,Gold,2843,DEV_04743,2828.96
CUST_01529,44,Delhi,India,2753669,Regular,835,DEV_02077,4686.7
CUST_01530,40,Pune,India,2018023,Regular,1583,DEV_07353,3174.04
CUST_01531,59,Bangalore,India,3428078,Regular,2496,DEV_01624,5402.37
CUST_01532,40,Mumbai,India,4359043,Regular,621,DEV_08362,2478.2
CUST_01533,48,Delhi,India,1604532,Platinum,1570,DEV_09015,5722.09
CUST_01534,46,Ahmedabad,India,567526,Gold,647,DEV_08902,921.66
CUST_01535,50,Hyderabad,India,1283964,Regular,923,DEV_07956,2014.53
CUST_01536,44,Ahmedabad,India,1522656,Gold,1513,DEV_08410,3849.8
CUST_01537,68,Ahmedabad,India,4942372,Platinum,1696,DEV_03343,5389.35
CUST_01538,37,Kolkata,India,970786,Regular,61,DEV_01480,7232.99
CUST_01539,23,Hyderabad,India,1076509,Regular,1120,DEV_06799,2653.77
CUST_01540,22,Chennai,India,2108720,Gold,2365,DEV_05359,8410.61
CUST_01541,22,Pune,India,3002178,Corporate,323,DEV_07936,5625.51
CUST_01542,50,Chennai,India,4500091,Regular,1124,DEV_01509,8418.22
CUST_01543,65,Bangalore,India,1240166,Regular,907,DEV_00294,3137.81
CUST_01544,52,Hyderabad,India,4142673,Regular,2293,DEV_00208,8387.28
CUST_01545,25,Delhi,India,1423977,Regular,885,DEV_02731,9163.37
CUST_01546,65,Delhi,India,1925056,Platinum,513,DEV_02027,2181.06
CUST_01547,70,Chennai,India,1146568,Regular,2246,DEV_02880,8355.32
CUST_01548,68,Ahmedabad,India,307860,Gold,2605,DEV_07224,9188.79
CUST_01549,29,Mumbai,India,4746630,Regular,1865,DEV_05045,5745.12
CUST_01550,18,Delhi,India,2076212,Platinum,780,DEV_07699,3375.82
CUST_01551,45,Pune,India,4468762,Gold,1694,DEV_05865,9688.39
CUST_01552,68,Pune,India,1120293,Regular,1154,DEV_02975,2630.22
CUST_01553,67,Kolkata,India,834760,Regular,642,DEV_00259,7145.14
CUST_01554,35,Pune,India,4961809,Regular,2742,DEV_01142,9036.57
CUST_01555,70,Ahmedabad,India,4092832,Corporate,1424,DEV_05989,5205.15
CUST_01556,65,Chennai,India,4793167,Regular,732,DEV_09922,9288.4
CUST_01557,44,Ahmedabad,India,2480303,Regular,2435,DEV_03060,3699.33
CUST_01558,70,Bangalore,India,3828198,Gold,1922,DEV_05025,5293.52
CUST_01559,69,Mumbai,India,2825135,Regular,245,DEV_02024,6697.73
CUST_01560,34,Hyderabad,India,709149,Regular,1473,DEV_06493,7803.4
CUST_01561,66,Pune,India,419299,Regular,1391,DEV_03531,4161.27
CUST_01562,20,Ahmedabad,India,3684224,Gold,1759,DEV_03628,8480.13
CUST_01563,66,Pune,India,3672187,Regular,1238,DEV_08526,1166.87
CUST_01564,41,Chennai,India,617836,Regular,186,DEV_04851,7859.24
CUST_01565,69,Hyderabad,India,641050,Gold,765,DEV_00567,3061.33
CUST_01566,19,Ahmedabad,India,1542292,Regular,455,DEV_06490,5888.12
CUST_01567,25,Bangalore,India,2648156,Regular,2083,DEV_01526,3944.84
CUST_01568,54,Kolkata,India,3292536,Regular,2594,DEV_08178,4575.93
CUST_01569,34,Chennai,India,3215039,Regular,1463,DEV_05179,7340.73
CUST_01570,38,Chennai,India,4329853,Platinum,2564,DEV_00993,2947.63
CUST_01571,60,Delhi,India,4047267,Regular,1613,DEV_04184,2116.58
CUST_01572,42,Mumbai,India,4626744,Regular,740,DEV_01369,9711.12
CUST_01573,42,Pune,India,4168140,Regular,2012,DEV_06278,4180.01
CUST_01574,61,Pune,India,387724,Regular,946,DEV_03391,8197.25
CUST_01575,45,Delhi,India,4241895,Corporate,2305,DEV_06150,2868.4
CUST_01576,33,Hyderabad,India,1259554,Regular,1209,DEV_03532,5608.88
CUST_01577,44,Kolkata,India,3171207,Regular,270,DEV_00091,3623.26
CUST_01578,35,Kolkata,India,2988070,Regular,879,DEV_03851,8958.56
CUST_01579,61,Pune,India,1041764,Regular,2073,DEV_04820,2712.58
CUST_01580,46,Chennai,India,2341268,Regular,773,DEV_05658,6313.65
CUST_01581,19,Delhi,India,4593061,Gold,217,DEV_04073,7339.36
CUST_01582,60,Bangalore,India,496725,Regular,1350,DEV_06611,954.15
CUST_01583,65,Delhi,India,3404354,Regular,2845,DEV_02756,1405.12
CUST_01584,34,Bangalore,India,1854217,Regular,910,DEV_04723,7970.56
CUST_01585,58,Chennai,India,3436261,Gold,351,DEV_05297,9298.58
CUST_01586,70,Hyderabad,India,4870528,Corporate,2653,DEV_08025,7424.91
CUST_01587,47,Delhi,India,3871541,Gold,1927,DEV_01498,8729.2
CUST_01588,70,Hyderabad,India,4060011,Gold,868,DEV_03487,4348.83
CUST_01589,40,Pune,India,4861690,Gold,2777,DEV_00454,5523.64
CUST_01590,21,Pune,India,2430340,Gold,1769,DEV_03596,4899.0
CUST_01591,30,Bangalore,India,3954407,Gold,2661,DEV_02845,4962.43
CUST_01592,51,Hyderabad,India,650067,Regular,1260,DEV_07791,3860.79
CUST_01593,37,Delhi,India,1017088,Platinum,1691,DEV_01879,6952.39
CUST_01594,68,Kolkata,India,2751909,Regular,1279,DEV_00377,1258.56
CUST_01595,31,Pune,India,716070,Gold,2580,DEV_03631,786.23
CUST_01596,57,Hyderabad,India,697167,Corporate,1364,DEV_02615,5127.6
CUST_01597,43,Kolkata,India,1925178,Regular,2738,DEV_06741,3448.07
CUST_01598,46,Ahmedabad,India,1530821,Regular,1639,DEV_05457,9316.18
CUST_01599,50,Delhi,India,719347,Regular,1965,DEV_02460,8659.04
CUST_01600,30,Pune,India,1957835,Regular,151,DEV_08462,6745.3
CUST_01601,18,Mumbai,India,2273234,Gold,263,DEV_00462,5163.62
CUST_01602,54,Mumbai,India,1093851,Regular,2272,DEV_02602,5999.12
CUST_01603,57,Pune,India,584573,Corporate,1988,DEV_06209,719.36
CUST_01604,35,Ahmedabad,India,4455589,Platinum,98,DEV_04371,5515.86
CUST_01605,40,Hyderabad,India,273340,Gold,516,DEV_06581,3312.9
CUST_01606,31,Ahmedabad,India,641195,Gold,2693,DEV_00209,7021.25
CUST_01607,38,Bangalore,India,1000286,Regular,1463,DEV_04569,3939.88
CUST_01608,32,Bangalore,India,4871332,Gold,1454,DEV_06836,7798.26
CUST_01609,53,Chennai,India,2654190,Regular,994,DEV_00385,1998.71
CUST_01610,33,Kolkata,India,2536854,Regular,681,DEV_01431,937.72
CUST_01611,47,Ahmedabad,India,2236488,Gold,713,DEV_00969,2963.9
CUST_01612,46,Pune,India,1650709,Platinum,381,DEV_04919,3057.79
CUST_01613,61,Chennai,India,1151066,Platinum,1143,DEV_07833,6752.79
CUST_01614,46,Kolkata,India,3992529,Regular,1499,DEV_04617,3767.64
CUST_01615,67,Hyderabad,India,2466082,Regular,656,DEV_07628,9962.77
CUST_01616,68,Ahmedabad,India,4736728,Regular,1804,DEV_08757,5427.41
CUST_01617,35,Kolkata,India,2110218,Regular,1157,DEV_08682,3888.64
CUST_01618,28,Chennai,India,1523897,Platinum,1041,DEV_03267,7820.66
CUST_01619,48,Chennai,India,2904788,Gold,1427,DEV_06362,3306.79
CUST_01620,44,Delhi,India,3312625,Corporate,2243,DEV_07160,7437.33
CUST_01621,59,Ahmedabad,India,4954787,Regular,435,DEV_07271,7338.18
CUST_01622,39,Kolkata,India,3305347,Regular,141,DEV_03709,2773.16
CUST_01623,26,Hyderabad,India,1296718,Regular,2423,DEV_07086,2707.45
CUST_01624,45,Kolkata,India,1248603,Gold,1763,DEV_01926,6307.4
CUST_01625,62,Bangalore,India,223311,Gold,1219,DEV_01813,3420.7
CUST_01626,35,Pune,India,1330693,Gold,2194,DEV_02881,7894.79
CUST_01627,28,Chennai,India,1897622,Regular,1163,DEV_08799,9357.6
CUST_01628,25,Hyderabad,India,255605,Regular,2994,DEV_09926,4289.71
CUST_01629,38,Kolkata,India,3666218,Regular,792,DEV_09849,2205.95
CUST_01630,55,Hyderabad,India,3520452,Platinum,1060,DEV_00920,8345.19
CUST_01631,20,Bangalore,India,1906398,Regular,2922,DEV_02104,1336.02
CUST_01632,68,Mumbai,India,1548092,Regular,1220,DEV_00618,1735.21
CUST_01633,54,Delhi,India,1369804,Regular,635,DEV_08428,8785.13
CUST_01634,63,Bangalore,India,1105397,Regular,982,DEV_03673,3259.84
CUST_01635,44,Chennai,India,2525244,Platinum,842,DEV_04932,3423.68
CUST_01636,22,Hyderabad,India,1475233,Gold,2896,DEV_02059,6556.12
CUST_01637,61,Bangalore,India,959069,Regular,587,DEV_01265,509.96
CUST_01638,59,Pune,India,3120416,Regular,2117,DEV_05469,5849.0
CUST_01639,47,Kolkata,India,2817638,Regular,1241,DEV_08000,4543.0
CUST_01640,49,Kolkata,India,202856,Gold,403,DEV_02890,6358.0
CUST_01641,48,Ahmedabad,India,280687,Gold,1885,DEV_02457,8630.87
CUST_01642,51,Hyderabad,India,208633,Gold,74,DEV_02805,7354.39
CUST_01643,54,Pune,India,4793564,Regular,1266,DEV_04959,3916.84
CUST_01644,66,Hyderabad,India,4696894,Regular,2756,DEV_03830,4724.12
CUST_01645,66,Mumbai,India,2709489,Regular,2023,DEV_02075,9560.82
CUST_01646,24,Bangalore,India,3325680,Regular,2177,DEV_01999,8574.92
CUST_01647,67,Chennai,India,776424,Platinum,1853,DEV_02864,5639.72
CUST_01648,57,Mumbai,India,437412,Corporate,2421,DEV_02304,8815.65
CUST_01649,52,Kolkata,India,3757431,Corporate,2531,DEV_05516,4112.49
CUST_01650,41,Pune,India,2484209,Platinum,1689,DEV_09127,4323.93
CUST_01651,58,Pune,India,4616046,Regular,1672,DEV_08046,4402.76
CUST_01652,21,Ahmedabad,India,2817830,Gold,308,DEV_08869,8210.68
CUST_01653,60,Hyderabad,India,3899391,Regular,2207,DEV_06760,9864.3
CUST_01654,54,Bangalore,India,1702294,Regular,663,DEV_02789,2837.51
CUST_01655,49,Hyderabad,India,217862,Regular,970,DEV_03071,1663.9
CUST_01656,70,Chennai,India,1774633,Regular,2451,DEV_07246,2978.52
CUST_01657,25,Kolkata,India,4573657,Regular,2087,DEV_01838,7717.75
CUST_01658,59,Delhi,India,3484614,Regular,2105,DEV_08228,9598.64
CUST_01659,34,Bangalore,India,4902723,Regular,924,DEV_07664,3711.34
CUST_01660,31,Kolkata,India,1974083,Regular,894,DEV_07478,7730.96
CUST_01661,55,Chennai,India,4612856,Platinum,139,DEV_04542,6873.31
CUST_01662,19,Ahmedabad,India,1692782,Regular,175,DEV_03341,1823.67
CUST_01663,44,Delhi,India,1107861,Regular,1799,DEV_08097,3058.51
CUST_01664,37,Delhi,India,532764,Regular,2490,DEV_08252,3330.65
CUST_01665,29,Chennai,India,2834180,Gold,1437,DEV_07525,2913.22
CUST_01666,35,Bangalore,India,3243931,Regular,2448,DEV_08353,1422.67
CUST_01667,66,Delhi,India,326239,Platinum,1187,DEV_00920,7692.78
CUST_01668,69,Hyderabad,India,913543,Regular,306,DEV_03331,9548.26
CUST_01669,25,Pune,India,2033904,Regular,1211,DEV_09674,9466.93
CUST_01670,31,Delhi,India,4670409,Gold,1183,DEV_06525,2271.72
CUST_01671,53,Kolkata,India,2680421,Regular,632,DEV_07751,7292.84
CUST_01672,51,Kolkata,India,4719628,Regular,85,DEV_06583,9524.59
CUST_01673,43,Pune,India,3752734,Regular,663,DEV_03991,4120.54
CUST_01674,31,Mumbai,India,2842251,Regular,1127,DEV_04743,6843.75
CUST_01675,65,Delhi,India,1179483,Regular,1733,DEV_07594,1430.51
CUST_01676,33,Bangalore,India,285039,Regular,2882,DEV_08942,8571.31
CUST_01677,61,Kolkata,India,3018374,Regular,731,DEV_04763,8768.09
CUST_01678,48,Ahmedabad,India,3836048,Regular,1511,DEV_01813,5160.52
CUST_01679,65,Mumbai,India,4596992,Platinum,1334,DEV_05121,3059.41
CUST_01680,61,Ahmedabad,India,2524788,Regular,2950,DEV_06626,6888.53
CUST_01681,53,Bangalore,India,782632,Regular,750,DEV_06415,4760.95
CUST_01682,27,Pune,India,2750032,Gold,1127,DEV_06605,2876.61
CUST_01683,44,Kolkata,India,3445070,Regular,833,DEV_06300,8768.93
CUST_01684,51,Kolkata,India,4506016,Regular,1898,DEV_01421,1205.17
CUST_01685,25,Delhi,India,4290385,Gold,153,DEV_09824,1648.24
CUST_01686,31,Hyderabad,India,2049451,Regular,1198,DEV_04816,5664.57
CUST_01687,42,Chennai,India,951460,Gold,2829,DEV_08931,539.57
CUST_01688,61,Hyderabad,India,1697118,Corporate,1395,DEV_08269,1372.05
CUST_01689,41,Chennai,India,3080151,Regular,2889,DEV_08298,7990.73
CUST_01690,48,Ahmedabad,India,730612,Platinum,1864,DEV_00779,1336.99
CUST_01691,44,Kolkata,India,2033369,Regular,2882,DEV_09918,8174.52
CUST_01692,63,Hyderabad,India,2520231,Corporate,209,DEV_00869,511.94
CUST_01693,58,Delhi,India,452535,Platinum,1649,DEV_06935,8659.14
CUST_01694,60,Mumbai,India,1997919,Regular,2384,DEV_08841,4987.81
CUST_01695,45,Ahmedabad,India,3878334,Platinum,2296,DEV_06056,5443.76
CUST_01696,21,Mumbai,India,1074894,Regular,2337,DEV_05716,3081.2
CUST_01697,59,Hyderabad,India,598774,Gold,2770,DEV_05160,2509.25
CUST_01698,50,Ahmedabad,India,1487870,Platinum,2007,DEV_07524,5191.65
CUST_01699,42,Ahmedabad,India,3505345,Gold,2637,DEV_08627,2748.84
CUST_01700,24,Hyderabad,India,4625790,Regular,2773,DEV_08952,9558.1
CUST_01701,34,Kolkata,India,3100533,Regular,878,DEV_06299,8068.7
CUST_01702,60,Pune,India,4279115,Regular,1438,DEV_02035,5802.06
CUST_01703,41,Delhi,India,1851924,Platinum,1359,DEV_00743,3233.85
CUST_01704,53,Mumbai,India,4723538,Regular,1939,DEV_08308,2999.0
CUST_01705,35,Ahmedabad,India,2472266,Gold,1725,DEV_07289,7709.09
CUST_01706,41,Ahmedabad,India,3867029,Corporate,558,DEV_05712,9970.05
CUST_01707,65,Chennai,India,1915003,Gold,2717,DEV_09841,2085.51
CUST_01708,58,Bangalore,India,4373504,Regular,2522,DEV_09058,5390.74
CUST_01709,64,Chennai,India,1019715,Regular,2682,DEV_07251,2452.79
CUST_01710,27,Hyderabad,India,1377605,Platinum,652,DEV_00968,1490.39
CUST_01711,36,Bangalore,India,3091123,Gold,1173,DEV_06787,4463.66
CUST_01712,67,Kolkata,India,1241354,Regular,350,DEV_00563,9540.94
CUST_01713,34,Pune,India,1632375,Regular,1826,DEV_03996,9766.64
CUST_01714,26,Kolkata,India,1531487,Platinum,1943,DEV_02292,529.47
CUST_01715,55,Bangalore,India,3598677,Regular,2139,DEV_06499,1204.91
CUST_01716,54,Mumbai,India,1747601,Regular,1640,DEV_00345,9189.6
CUST_01717,52,Chennai,India,1824302,Regular,243,DEV_08190,2744.02
CUST_01718,49,Bangalore,India,3412672,Gold,1744,DEV_04308,5687.1
CUST_01719,61,Hyderabad,India,475983,Platinum,2118,DEV_08724,3409.87
CUST_01720,33,Kolkata,India,3491279,Corporate,1391,DEV_05953,3745.74
CUST_01721,33,Hyderabad,India,1996978,Platinum,2946,DEV_02781,5243.86
CUST_01722,31,Ahmedabad,India,640053,Regular,1915,DEV_05011,9672.95
CUST_01723,46,Hyderabad,India,2599246,Gold,2529,DEV_03974,7333.24
CUST_01724,62,Hyderabad,India,495155,Regular,1587,DEV_04286,2446.58
CUST_01725,36,Delhi,India,4580859,Regular,2444,DEV_03024,3633.92
CUST_01726,68,Kolkata,India,2771534,Regular,1610,DEV_08677,3091.42
CUST_01727,28,Delhi,India,3915364,Gold,1784,DEV_07887,2524.94
CUST_01728,46,Kolkata,India,3329565,Gold,1240,DEV_06332,2275.58
CUST_01729,26,Kolkata,India,4052775,Regular,1258,DEV_09499,9916.17
CUST_01730,61,Pune,India,4358040,Corporate,310,DEV_04848,5685.64
CUST_01731,25,Chennai,India,3438394,Corporate,1204,DEV_08143,5831.43
CUST_01732,60,Pune,India,816904,Platinum,2470,DEV_00837,7216.54
CUST_01733,60,Kolkata,India,1030319,Regular,2505,DEV_02787,2573.61
CUST_01734,56,Pune,India,3299693,Regular,1399,DEV_03440,5773.12
CUST_01735,68,Ahmedabad,India,2153467,Regular,2222,DEV_07419,652.18
CUST_01736,35,Ahmedabad,India,533168,Regular,2501,DEV_01776,9606.58
CUST_01737,52,Ahmedabad,India,4809355,Regular,1846,DEV_07883,3465.82
CUST_01738,38,Kolkata,India,2384352,Regular,2987,DEV_06151,9400.13
CUST_01739,42,Chennai,India,2008182,Regular,2938,DEV_09383,3370.18
CUST_01740,64,Kolkata,India,4324074,Regular,1214,DEV_01885,8353.74
CUST_01741,26,Delhi,India,615341,Regular,1265,DEV_04023,4325.42
CUST_01742,61,Delhi,India,4485007,Regular,1776,DEV_00459,2192.56
CUST_01743,36,Pune,India,2106404,Gold,264,DEV_07105,3186.15
CUST_01744,47,Hyderabad,India,738206,Corporate,2493,DEV_05832,6934.16
CUST_01745,46,Delhi,India,2312493,Gold,2331,DEV_06232,4826.31
CUST_01746,47,Kolkata,India,4440788,Regular,68,DEV_06707,7944.48
CUST_01747,18,Mumbai,India,3152934,Gold,134,DEV_03960,5988.41
CUST_01748,32,Hyderabad,India,1790119,Gold,2371,DEV_03432,789.66
CUST_01749,49,Bangalore,India,4490037,Regular,1383,DEV_05367,1880.95
CUST_01750,20,Mumbai,India,3866714,Gold,681,DEV_02139,9046.62
CUST_01751,27,Ahmedabad,India,4273622,Gold,2187,DEV_09824,1347.76
CUST_01752,19,Ahmedabad,India,3721503,Regular,1392,DEV_07805,4805.16
CUST_01753,66,Chennai,India,3718874,Corporate,2349,DEV_08599,5229.06
CUST_01754,31,Ahmedabad,India,3280941,Regular,2340,DEV_05721,1506.44
CUST_01755,24,Ahmedabad,India,312407,Regular,2983,DEV_02671,5279.08
CUST_01756,62,Pune,India,3406455,Regular,837,DEV_05304,1124.06
CUST_01757,55,Chennai,India,2038840,Platinum,1272,DEV_00707,7602.37
CUST_01758,34,Pune,India,1630545,Platinum,1235,DEV_02155,9724.93
CUST_01759,33,Pune,India,1723618,Regular,458,DEV_04172,7093.76
CUST_01760,62,Mumbai,India,2287691,Regular,318,DEV_06530,1719.4
CUST_01761,66,Kolkata,India,3947385,Gold,503,DEV_06983,5541.15
CUST_01762,23,Bangalore,India,4526142,Platinum,649,DEV_00613,5784.77
CUST_01763,43,Mumbai,India,2027392,Gold,1036,DEV_07327,8013.47
CUST_01764,45,Delhi,India,3204147,Platinum,1429,DEV_01565,9493.04
CUST_01765,21,Bangalore,India,213932,Regular,2158,DEV_09527,3956.52
CUST_01766,44,Mumbai,India,3870763,Regular,683,DEV_09195,6084.12
CUST_01767,65,Delhi,India,2902994,Regular,137,DEV_04313,6879.37
CUST_01768,34,Chennai,India,770803,Regular,1493,DEV_08462,2026.93
CUST_01769,27,Pune,India,1850293,Regular,1960,DEV_07543,3883.57
CUST_01770,25,Hyderabad,India,462648,Gold,697,DEV_09651,9354.81
CUST_01771,55,Pune,India,364024,Corporate,1163,DEV_01504,4810.86
CUST_01772,32,Chennai,India,1405256,Regular,2786,DEV_05423,1433.02
CUST_01773,49,Ahmedabad,India,315013,Gold,2562,DEV_00728,9950.88
CUST_01774,34,Bangalore,India,1655909,Platinum,1566,DEV_05460,4349.53
CUST_01775,39,Bangalore,India,297729,Regular,1358,DEV_08311,6597.16
CUST_01776,47,Chennai,India,893443,Regular,1907,DEV_07714,8354.59
CUST_01777,59,Pune,India,2687262,Regular,2011,DEV_07243,2500.22
CUST_01778,46,Hyderabad,India,2913344,Corporate,1484,DEV_04039,5457.91
CUST_01779,40,Kolkata,India,3366441,Regular,1636,DEV_06309,4020.33
CUST_01780,58,Chennai,India,2156114,Regular,329,DEV_04036,6406.6
CUST_01781,43,Ahmedabad,India,4159386,Gold,382,DEV_02946,9470.01
CUST_01782,46,Bangalore,India,2862731,Platinum,59,DEV_04367,9175.63
CUST_01783,64,Bangalore,India,3447695,Regular,361,DEV_06417,6295.6
CUST_01784,29,Kolkata,India,3090958,Regular,1890,DEV_06326,7512.64
CUST_01785,35,Delhi,India,4011348,Regular,2379,DEV_05508,3193.07
CUST_01786,27,Ahmedabad,India,1887451,Gold,1601,DEV_08822,733.45
CUST_01787,45,Chennai,India,1368712,Corporate,2157,DEV_08767,1217.08
CUST_01788,66,Delhi,India,2242279,Gold,2661,DEV_09277,2836.89
CUST_01789,46,Kolkata,India,966121,Regular,330,DEV_09219,2366.22
CUST_01790,36,Bangalore,India,1293321,Corporate,2505,DEV_06194,1104.83
CUST_01791,32,Delhi,India,3490539,Regular,1032,DEV_03778,3984.65
CUST_01792,31,Chennai,India,4103565,Regular,2872,DEV_00041,5657.99
CUST_01793,54,Ahmedabad,India,2812960,Regular,40,DEV_01506,889.64
CUST_01794,42,Kolkata,India,3233195,Platinum,436,DEV_09762,7526.72
CUST_01795,64,Chennai,India,3506161,Regular,2388,DEV_01003,9050.22
CUST_01796,52,Chennai,India,2423628,Regular,2584,DEV_07865,9941.43
CUST_01797,63,Bangalore,India,4824937,Platinum,447,DEV_03917,1180.37
CUST_01798,45,Pune,India,891807,Regular,1986,DEV_04403,7001.99
CUST_01799,31,Pune,India,3125480,Regular,1029,DEV_04335,5982.25
CUST_01800,48,Pune,India,3173392,Regular,361,DEV_01549,7183.46
CUST_01801,61,Pune,India,2924986,Regular,2200,DEV_03535,1048.23
CUST_01802,24,Ahmedabad,India,900933,Gold,2225,DEV_01002,6587.58
CUST_01803,24,Hyderabad,India,2508843,Regular,2448,DEV_02743,8062.2
CUST_01804,29,Pune,India,1382523,Corporate,1842,DEV_00861,2575.12
CUST_01805,23,Kolkata,India,874752,Regular,2050,DEV_05412,7440.52
CUST_01806,32,Pune,India,4486009,Regular,2738,DEV_06181,6121.86
CUST_01807,51,Bangalore,India,2107891,Regular,390,DEV_05586,9214.35
CUST_01808,66,Kolkata,India,1751266,Gold,1458,DEV_01343,6109.68
CUST_01809,51,Bangalore,India,2731559,Gold,314,DEV_04612,8345.25
CUST_01810,54,Kolkata,India,4546576,Regular,73,DEV_05530,6158.3
CUST_01811,54,Bangalore,India,1588421,Platinum,1243,DEV_03070,4765.12
CUST_01812,32,Kolkata,India,806063,Regular,547,DEV_08407,8986.18
CUST_01813,28,Chennai,India,4248682,Regular,2537,DEV_04559,9125.88
CUST_01814,42,Delhi,India,4275448,Regular,1194,DEV_04036,3277.46
CUST_01815,19,Ahmedabad,India,2981590,Gold,2008,DEV_00658,1387.93
CUST_01816,57,Mumbai,India,3233170,Gold,2977,DEV_06648,7041.1
CUST_01817,65,Pune,India,1865144,Corporate,2727,DEV_03168,4138.9
CUST_01818,18,Hyderabad,India,2457812,Regular,2687,DEV_00056,6068.32
CUST_01819,69,Bangalore,India,4981261,Regular,2098,DEV_05210,9736.78
CUST_01820,19,Delhi,India,3041125,Platinum,708,DEV_00849,1954.83
CUST_01821,46,Delhi,India,2211162,Regular,2122,DEV_04118,7443.79
CUST_01822,52,Delhi,India,1605253,Regular,2235,DEV_01917,2501.6
CUST_01823,41,Delhi,India,591661,Corporate,1995,DEV_06381,4163.32
CUST_01824,64,Kolkata,India,4433791,Regular,494,DEV_08795,9052.68
CUST_01825,41,Chennai,India,4166256,Platinum,872,DEV_01917,4894.54
CUST_01826,42,Chennai,India,3007499,Gold,2309,DEV_05561,3468.84
CUST_01827,20,Bangalore,India,2233579,Corporate,1172,DEV_00748,2214.8
CUST_01828,49,Kolkata,India,288413,Regular,270,DEV_06180,8416.28
CUST_01829,60,Hyderabad,India,4776243,Corporate,2933,DEV_06661,4623.82
CUST_01830,51,Delhi,India,4690868,Regular,2815,DEV_01404,3969.8
CUST_01831,33,Bangalore,India,273158,Regular,711,DEV_04250,8209.39
CUST_01832,55,Ahmedabad,India,2903639,Corporate,2141,DEV_02974,5170.6
CUST_01833,27,Mumbai,India,4115401,Regular,2191,DEV_01612,3522.1
CUST_01834,44,Mumbai,India,2316825,Regular,263,DEV_08171,9489.92
CUST_01835,39,Chennai,India,880944,Regular,385,DEV_02292,9654.54
CUST_01836,46,Kolkata,India,3788671,Regular,359,DEV_05411,5466.42
CUST_01837,66,Pune,India,1400848,Regular,2419,DEV_08543,9488.9
CUST_01838,27,Ahmedabad,India,686737,Regular,385,DEV_03484,9051.45
CUST_01839,43,Chennai,India,3067797,Corporate,587,DEV_03617,3916.89
CUST_01840,33,Delhi,India,325502,Regular,1716,DEV_06814,4301.17
CUST_01841,36,Delhi,India,2212610,Platinum,2338,DEV_04405,1202.41
CUST_01842,56,Pune,India,2724428,Regular,502,DEV_00921,1893.82
CUST_01843,67,Hyderabad,India,1058987,Corporate,1251,DEV_05923,2614.31
CUST_01844,51,Hyderabad,India,2860178,Regular,2686,DEV_04055,6449.32
CUST_01845,37,Hyderabad,India,4061272,Regular,1895,DEV_05133,6983.35
CUST_01846,18,Ahmedabad,India,2172311,Gold,2802,DEV_05176,1515.28
CUST_01847,31,Kolkata,India,689550,Regular,2862,DEV_09729,3467.22
CUST_01848,21,Ahmedabad,India,945514,Regular,801,DEV_06442,9079.28
CUST_01849,18,Pune,India,3163861,Regular,1212,DEV_08316,1180.01
CUST_01850,51,Pune,India,2054653,Gold,338,DEV_02061,7345.84
CUST_01851,70,Hyderabad,India,3456197,Regular,1887,DEV_05456,9124.51
CUST_01852,30,Pune,India,437400,Regular,2190,DEV_04416,2735.19
CUST_01853,21,Hyderabad,India,1856711,Platinum,73,DEV_03068,7116.42
CUST_01854,61,Bangalore,India,3755059,Gold,2946,DEV_08707,8805.81
CUST_01855,44,Hyderabad,India,1698722,Platinum,2058,DEV_04488,8388.01
CUST_01856,68,Kolkata,India,3734050,Regular,890,DEV_00971,5651.17
CUST_01857,42,Delhi,India,1566290,Platinum,2256,DEV_00872,1851.68
CUST_01858,28,Ahmedabad,India,3068902,Regular,2894,DEV_06390,6625.72
CUST_01859,50,Hyderabad,India,3787235,Regular,2261,DEV_03024,9629.7
CUST_01860,37,Ahmedabad,India,1719958,Regular,880,DEV_01644,7307.19
CUST_01861,54,Mumbai,India,883234,Regular,2891,DEV_05499,4152.5
CUST_01862,32,Kolkata,India,1533117,Regular,2796,DEV_02144,1712.09
CUST_01863,30,Chennai,India,987945,Gold,324,DEV_03721,3919.88
CUST_01864,65,Pune,India,1103858,Regular,81,DEV_07155,3724.77
CUST_01865,18,Ahmedabad,India,1804922,Corporate,723,DEV_04998,7156.94
CUST_01866,53,Kolkata,India,4151189,Gold,82,DEV_06065,6993.57
CUST_01867,28,Bangalore,India,3483839,Regular,1434,DEV_08530,9575.39
CUST_01868,35,Chennai,India,3216061,Regular,1097,DEV_00534,3267.93
CUST_01869,46,Pune,India,903262,Regular,2306,DEV_05432,3271.83
CUST_01870,22,Bangalore,India,2564469,Platinum,213,DEV_06202,3907.53
CUST_01871,52,Mumbai,India,1313625,Regular,2990,DEV_04174,6535.54
CUST_01872,24,Hyderabad,India,1636019,Regular,2658,DEV_03937,4394.12
CUST_01873,32,Chennai,India,4246019,Platinum,1176,DEV_01822,6265.6
CUST_01874,37,Ahmedabad,India,3970311,Regular,1216,DEV_06683,2135.92
CUST_01875,49,Delhi,India,922324,Gold,1091,DEV_06453,2014.88
CUST_01876,42,Hyderabad,India,4206349,Regular,1100,DEV_02741,9485.88
CUST_01877,54,Hyderabad,India,315602,Regular,895,DEV_03169,642.2
CUST_01878,37,Pune,India,3627945,Regular,79,DEV_02073,4255.22
CUST_01879,52,Bangalore,India,2769878,Gold,1687,DEV_00917,7924.27
CUST_01880,41,Delhi,India,1714106,Gold,1506,DEV_07648,6354.67
CUST_01881,48,Kolkata,India,717035,Gold,1038,DEV_08894,2388.53
CUST_01882,35,Pune,India,1071324,Regular,388,DEV_05386,8411.41
CUST_01883,24,Ahmedabad,India,3787672,Regular,1570,DEV_02565,821.16
CUST_01884,68,Chennai,India,462383,Regular,1514,DEV_04282,6528.25
CUST_01885,26,Kolkata,India,3591520,Regular,1156,DEV_06632,8278.08
CUST_01886,44,Hyderabad,India,4764561,Regular,983,DEV_05582,5613.56
CUST_01887,39,Pune,India,1189534,Gold,149,DEV_06717,1534.59
CUST_01888,18,Mumbai,India,2022956,Gold,1527,DEV_01674,510.21
CUST_01889,30,Mumbai,India,3615743,Regular,917,DEV_02654,9843.85
CUST_01890,28,Pune,India,3445848,Regular,1599,DEV_05378,595.34
CUST_01891,31,Kolkata,India,572333,Regular,322,DEV_03972,8712.54
CUST_01892,48,Bangalore,India,2601301,Regular,399,DEV_04129,7340.63
CUST_01893,50,Chennai,India,4445181,Platinum,1223,DEV_08694,3813.77
CUST_01894,44,Bangalore,India,405322,Regular,2591,DEV_00591,8092.66
CUST_01895,66,Kolkata,India,4647004,Gold,45,DEV_00058,7880.67
CUST_01896,44,Ahmedabad,India,4710806,Regular,2769,DEV_05524,4386.01
CUST_01897,66,Chennai,India,4659274,Corporate,2621,DEV_01338,9401.4
CUST_01898,66,Ahmedabad,India,4490125,Regular,2324,DEV_07469,4464.17
CUST_01899,50,Kolkata,India,666922,Regular,1170,DEV_01449,9631.82
CUST_01900,23,Chennai,India,3002104,Gold,2887,DEV_01665,1642.52
CUST_01901,53,Hyderabad,India,2929990,Platinum,2240,DEV_07290,5399.72
CUST_01902,43,Mumbai,India,4987592,Corporate,727,DEV_00981,6559.85
CUST_01903,67,Hyderabad,India,1168307,Regular,2863,DEV_02803,8397.35
CUST_01904,22,Mumbai,India,2452411,Corporate,1798,DEV_01470,8088.51
CUST_01905,20,Mumbai,India,3100120,Gold,1324,DEV_04605,8875.23
CUST_01906,44,Mumbai,India,3644300,Regular,2799,DEV_05750,8766.26
CUST_01907,57,Chennai,India,4484452,Corporate,2229,DEV_03845,5393.07
CUST_01908,30,Ahmedabad,India,2215899,Regular,1526,DEV_05497,4508.72
CUST_01909,63,Delhi,India,3838349,Gold,2132,DEV_02346,5642.44
CUST_01910,29,Hyderabad,India,1321716,Regular,220,DEV_01470,7434.67
CUST_01911,38,Chennai,India,2718688,Regular,2003,DEV_02813,6775.48
CUST_01912,62,Kolkata,India,4616153,Regular,2670,DEV_00141,8882.7
CUST_01913,28,Pune,India,1957429,Gold,2231,DEV_02563,6629.15
CUST_01914,18,Bangalore,India,2312700,Platinum,2473,DEV_03712,8407.29
CUST_01915,68,Ahmedabad,India,3092280,Regular,2965,DEV_09326,6413.82
CUST_01916,27,Hyderabad,India,2880067,Regular,542,DEV_02077,2507.59
CUST_01917,64,Kolkata,India,2792670,Regular,266,DEV_00405,7398.81
CUST_01918,19,Mumbai,India,294228,Regular,2026,DEV_09188,5408.52
CUST_01919,21,Ahmedabad,India,4083636,Gold,2796,DEV_07069,3250.09
CUST_01920,49,Chennai,India,2292968,Regular,1851,DEV_07234,2459.95
CUST_01921,27,Kolkata,India,2483691,Regular,2412,DEV_02815,1289.08
CUST_01922,49,Pune,India,3602082,Regular,1285,DEV_01783,8825.17
CUST_01923,61,Bangalore,India,2486665,Regular,1991,DEV_00031,5888.58
CUST_01924,33,Delhi,India,4198952,Regular,514,DEV_00228,9883.6
CUST_01925,58,Kolkata,India,4113940,Regular,1729,DEV_00149,9535.59
CUST_01926,25,Delhi,India,1894757,Regular,1921,DEV_04448,6880.91
CUST_01927,21,Bangalore,India,462834,Regular,2552,DEV_02750,5099.7
CUST_01928,63,Kolkata,India,659643,Regular,1803,DEV_08508,4022.57
CUST_01929,38,Delhi,India,2379019,Gold,889,DEV_08788,2919.27
CUST_01930,60,Hyderabad,India,3896165,Gold,2294,DEV_08685,645.67
CUST_01931,27,Hyderabad,India,2529393,Regular,1025,DEV_04777,1695.07
CUST_01932,22,Ahmedabad,India,2381091,Regular,294,DEV_04687,1699.48
CUST_01933,23,Delhi,India,3335689,Regular,2187,DEV_08052,4245.31
CUST_01934,25,Hyderabad,India,2453848,Regular,1905,DEV_02289,2026.17
CUST_01935,34,Delhi,India,3355073,Corporate,805,DEV_05216,5797.41
CUST_01936,61,Mumbai,India,707831,Regular,211,DEV_00213,3844.73
CUST_01937,42,Delhi,India,2331649,Regular,95,DEV_00303,6571.53
CUST_01938,26,Mumbai,India,1884280,Regular,266,DEV_05350,5748.41
CUST_01939,25,Kolkata,India,3511677,Regular,2875,DEV_01348,6599.59
CUST_01940,57,Pune,India,1128913,Regular,1062,DEV_01249,4954.49
CUST_01941,60,Chennai,India,4584116,Corporate,2590,DEV_09522,7137.91
CUST_01942,62,Kolkata,India,4701993,Gold,2172,DEV_08513,928.83
CUST_01943,63,Ahmedabad,India,4198706,Regular,332,DEV_03910,2069.85
CUST_01944,55,Ahmedabad,India,2595350,Regular,1036,DEV_02890,7645.91
CUST_01945,55,Chennai,India,1914786,Gold,2748,DEV_09105,3029.51
CUST_01946,40,Mumbai,India,1536467,Platinum,2727,DEV_08535,9077.32
CUST_01947,52,Bangalore,India,2858800,Platinum,1581,DEV_08613,2206.95
CUST_01948,25,Ahmedabad,India,4841129,Regular,895,DEV_05125,1032.08
CUST_01949,40,Kolkata,India,3075573,Regular,2031,DEV_01058,8702.0
CUST_01950,59,Bangalore,India,385918,Regular,2815,DEV_00334,4303.41
CUST_01951,35,Chennai,India,3278216,Gold,629,DEV_08976,3079.06
CUST_01952,56,Mumbai,India,1093156,Regular,1683,DEV_04096,1700.26
CUST_01953,49,Kolkata,India,3410232,Regular,2261,DEV_01834,5158.11
CUST_01954,46,Hyderabad,India,1851971,Regular,772,DEV_04892,9965.94
CUST_01955,25,Kolkata,India,4777179,Regular,2585,DEV_02599,6015.04
CUST_01956,33,Bangalore,India,3057028,Regular,1701,DEV_01700,3537.9
CUST_01957,30,Mumbai,India,1822847,Regular,2523,DEV_00551,5891.37
CUST_01958,38,Ahmedabad,India,894713,Regular,2126,DEV_07452,1396.52
CUST_01959,50,Delhi,India,3142246,Regular,1803,DEV_01176,6696.32
CUST_01960,31,Hyderabad,India,1521379,Platinum,2729,DEV_07891,1767.28
CUST_01961,34,Delhi,India,1379599,Regular,1736,DEV_03820,2742.76
CUST_01962,40,Kolkata,India,2907711,Gold,580,DEV_06059,2678.76
CUST_01963,21,Pune,India,1610674,Regular,557,DEV_04937,4214.45
CUST_01964,59,Bangalore,India,2505975,Regular,949,DEV_02274,6513.81
CUST_01965,43,Mumbai,India,4496420,Platinum,1935,DEV_03180,7615.31
CUST_01966,50,Pune,India,2617925,Platinum,1360,DEV_06218,9582.47
CUST_01967,20,Pune,India,3642234,Corporate,1633,DEV_00065,1766.75
CUST_01968,65,Hyderabad,India,3251643,Regular,804,DEV_01790,1637.02
CUST_01969,53,Pune,India,1672567,Regular,140,DEV_06608,5429.19
CUST_01970,37,Ahmedabad,India,1903803,Regular,330,DEV_02040,2866.85
CUST_01971,61,Chennai,India,3291819,Corporate,507,DEV_03401,5232.38
CUST_01972,41,Chennai,India,380423,Regular,2296,DEV_04767,3559.53
CUST_01973,57,Bangalore,India,1557423,Regular,394,DEV_09462,3641.74
CUST_01974,65,Bangalore,India,2742900,Regular,1944,DEV_07583,9000.93
CUST_01975,28,Chennai,India,4956274,Regular,1454,DEV_07556,5553.79
CUST_01976,23,Mumbai,India,1446715,Regular,2223,DEV_08915,7236.41
CUST_01977,35,Hyderabad,India,4878998,Regular,2819,DEV_04934,3286.32
CUST_01978,36,Bangalore,India,1231598,Regular,2273,DEV_03779,6063.12
CUST_01979,65,Chennai,India,768273,Regular,385,DEV_06848,5993.78
CUST_01980,21,Bangalore,India,3040660,Gold,2565,DEV_05019,5723.91
CUST_01981,62,Mumbai,India,923481,Gold,1162,DEV_00042,3178.01
CUST_01982,36,Ahmedabad,India,1076111,Regular,1295,DEV_09994,9900.84
CUST_01983,69,Ahmedabad,India,2264494,Regular,2665,DEV_07004,5891.49
CUST_01984,64,Mumbai,India,1649494,Regular,700,DEV_07775,8747.2
CUST_01985,31,Kolkata,India,4140367,Regular,1953,DEV_04502,1492.81
CUST_01986,41,Delhi,India,829049,Regular,1005,DEV_00332,5258.77
CUST_01987,61,Pune,India,1779630,Gold,2961,DEV_06666,8152.56
CUST_01988,62,Delhi,India,2690984,Gold,2422,DEV_07252,6231.13
CUST_01989,47,Ahmedabad,India,1334508,Corporate,2648,DEV_07531,1146.32
CUST_01990,67,Hyderabad,India,2986950,Regular,2592,DEV_08990,1421.75
CUST_01991,32,Ahmedabad,India,1519111,Gold,1096,DEV_04627,8349.04
CUST_01992,54,Pune,India,2058825,Gold,1622,DEV_01618,1016.27
CUST_01993,21,Mumbai,India,4831815,Platinum,533,DEV_02983,3986.42
CUST_01994,38,Chennai,India,1762304,Regular,451,DEV_08806,9047.54
CUST_01995,39,Hyderabad,India,4940203,Regular,610,DEV_08011,5467.12
CUST_01996,64,Hyderabad,India,4979616,Regular,129,DEV_08780,8201.9
CUST_01997,31,Mumbai,India,440077,Regular,588,DEV_07852,8602.33
CUST_01998,35,Pune,India,3038979,Regular,1034,DEV_00853,6243.08
CUST_01999,49,Delhi,India,4419086,Platinum,776,DEV_08879,5748.77
CUST_02000,48,Pune,India,4831880,Regular,1751,DEV_02035,8257.4
CUST_02001,70,Bangalore,India,1679206,Platinum,923,DEV_02943,5834.14
CUST_02002,24,Kolkata,India,2588024,Regular,2814,DEV_07387,3925.47
CUST_02003,38,Bangalore,India,583660,Regular,2749,DEV_09227,5147.6
CUST_02004,23,Pune,India,680656,Gold,666,DEV_00393,7218.12
CUST_02005,42,Hyderabad,India,4287800,Regular,1152,DEV_01443,6051.62
CUST_02006,61,Mumbai,India,4041268,Regular,749,DEV_00155,3760.91
CUST_02007,40,Delhi,India,1353302,Regular,2754,DEV_05585,578.92
CUST_02008,58,Kolkata,India,3635210,Regular,2552,DEV_07984,6139.22
CUST_02009,64,Chennai,India,4410297,Regular,1739,DEV_09983,7375.54
CUST_02010,67,Ahmedabad,India,715469,Regular,2171,DEV_04408,3681.02
CUST_02011,28,Chennai,India,826811,Regular,629,DEV_01909,2409.48
CUST_02012,35,Delhi,India,3081106,Regular,1845,DEV_03440,4218.71
CUST_02013,62,Pune,India,2732477,Regular,1252,DEV_08818,6241.7
CUST_02014,62,Mumbai,India,2281347,Regular,2843,DEV_05545,6975.27
CUST_02015,53,Ahmedabad,India,1347771,Regular,1808,DEV_09535,5954.54
CUST_02016,44,Pune,India,4035270,Regular,2348,DEV_04054,6795.72
CUST_02017,61,Mumbai,India,1297310,Regular,2087,DEV_07740,8613.14
CUST_02018,36,Chennai,India,2526949,Gold,87,DEV_07815,4214.61
CUST_02019,62,Chennai,India,3140042,Regular,1932,DEV_05711,5183.62
CUST_02020,67,Kolkata,India,3894229,Regular,1264,DEV_01853,1244.33
CUST_02021,57,Mumbai,India,3161095,Regular,2417,DEV_02902,3964.3
CUST_02022,56,Bangalore,India,4087866,Corporate,461,DEV_07924,3229.91
CUST_02023,37,Chennai,India,2202224,Gold,53,DEV_00878,1630.37
CUST_02024,66,Hyderabad,India,1933456,Platinum,185,DEV_08045,7533.08
CUST_02025,21,Hyderabad,India,2293443,Platinum,1522,DEV_04941,3146.68
CUST_02026,36,Delhi,India,2144599,Corporate,118,DEV_03280,3774.81
CUST_02027,41,Ahmedabad,India,2987215,Platinum,1416,DEV_02040,5820.8
CUST_02028,30,Bangalore,India,3079950,Corporate,1809,DEV_02800,9966.29
CUST_02029,36,Kolkata,India,4941985,Gold,1495,DEV_03007,7293.19
CUST_02030,22,Pune,India,3335229,Gold,2436,DEV_05765,9935.55
CUST_02031,42,Hyderabad,India,824543,Regular,2853,DEV_05046,3788.46
CUST_02032,50,Hyderabad,India,3483963,Regular,1545,DEV_00893,5117.11
CUST_02033,37,Chennai,India,1675890,Corporate,1305,DEV_02835,8837.96
CUST_02034,48,Kolkata,India,3388367,Platinum,2385,DEV_00015,7893.13
CUST_02035,29,Bangalore,India,4224773,Regular,1868,DEV_02889,3200.24
CUST_02036,55,Mumbai,India,4100484,Regular,2578,DEV_01501,1693.99
CUST_02037,21,Pune,India,3233848,Regular,201,DEV_03324,5069.72
CUST_02038,26,Pune,India,3027134,Gold,2992,DEV_03683,4021.9
CUST_02039,56,Chennai,India,727444,Regular,1595,DEV_09719,906.17
CUST_02040,58,Bangalore,India,4057614,Regular,2298,DEV_05957,7017.31
CUST_02041,55,Kolkata,India,1799634,Regular,1888,DEV_02415,5394.36
CUST_02042,26,Pune,India,580615,Platinum,2127,DEV_03032,4284.79
CUST_02043,27,Chennai,India,1235454,Regular,2966,DEV_00120,1029.65
CUST_02044,48,Pune,India,2957808,Platinum,2170,DEV_05942,5401.86
CUST_02045,29,Chennai,India,2288964,Corporate,190,DEV_04217,3673.53
CUST_02046,18,Mumbai,India,4708000,Regular,2844,DEV_00058,7788.71
CUST_02047,42,Delhi,India,4135510,Corporate,1115,DEV_02768,7139.85
CUST_02048,59,Chennai,India,1043697,Regular,1722,DEV_07844,9902.81
CUST_02049,49,Ahmedabad,India,2138534,Regular,2044,DEV_07427,5495.91
CUST_02050,70,Kolkata,India,1631104,Platinum,2483,DEV_08561,7225.27
CUST_02051,62,Ahmedabad,India,3503369,Gold,1017,DEV_06992,1554.47
CUST_02052,56,Kolkata,India,4868780,Regular,1337,DEV_05706,8768.23
CUST_02053,35,Ahmedabad,India,3466305,Regular,1447,DEV_02930,5060.35
CUST_02054,53,Chennai,India,3187821,Regular,2841,DEV_01280,1803.34
CUST_02055,61,Mumbai,India,1203360,Regular,423,DEV_01729,5832.43
CUST_02056,40,Pune,India,3788152,Gold,1149,DEV_04786,4354.15
CUST_02057,19,Ahmedabad,India,4445754,Regular,114,DEV_07206,3163.86
CUST_02058,52,Pune,India,3125924,Regular,716,DEV_02834,6479.22
CUST_02059,54,Ahmedabad,India,2621240,Platinum,195,DEV_02725,8750.44
CUST_02060,41,Hyderabad,India,475553,Corporate,2024,DEV_02761,6371.02
CUST_02061,48,Ahmedabad,India,4537097,Platinum,751,DEV_04014,9743.95
CUST_02062,23,Chennai,India,1181068,Corporate,1764,DEV_07647,3999.32
CUST_02063,68,Ahmedabad,India,2045574,Regular,907,DEV_08234,3669.78
CUST_02064,47,Pune,India,391465,Regular,2635,DEV_06187,6194.14
CUST_02065,35,Bangalore,India,1332905,Regular,2159,DEV_03207,7698.83
CUST_02066,58,Ahmedabad,India,904053,Regular,848,DEV_02603,5079.9
CUST_02067,28,Kolkata,India,1001131,Regular,2340,DEV_03267,5315.91
CUST_02068,60,Hyderabad,India,893162,Platinum,135,DEV_01128,4843.1
CUST_02069,56,Kolkata,India,4106753,Corporate,1840,DEV_02601,3551.9
CUST_02070,37,Bangalore,India,3601310,Regular,2789,DEV_00507,7815.0
CUST_02071,69,Delhi,India,3052547,Regular,2366,DEV_06503,2029.27
CUST_02072,70,Pune,India,386734,Corporate,1402,DEV_08608,2952.43
CUST_02073,45,Chennai,India,2778852,Corporate,318,DEV_00903,2720.11
CUST_02074,63,Delhi,India,1386599,Regular,274,DEV_07100,4431.72
CUST_02075,28,Mumbai,India,1670553,Platinum,483,DEV_02655,6567.99
CUST_02076,24,Kolkata,India,1881494,Regular,1672,DEV_08712,7807.3
CUST_02077,24,Delhi,India,535681,Regular,865,DEV_02886,6341.42
CUST_02078,37,Kolkata,India,3683616,Corporate,1808,DEV_01555,7083.46
CUST_02079,38,Mumbai,India,839720,Regular,2799,DEV_06117,6958.61
CUST_02080,64,Mumbai,India,1512156,Regular,1500,DEV_03543,7408.15
CUST_02081,24,Hyderabad,India,860106,Gold,874,DEV_07016,9674.11
CUST_02082,47,Delhi,India,460470,Gold,2504,DEV_01067,5980.77
CUST_02083,26,Mumbai,India,1084741,Regular,1819,DEV_05486,3306.43
CUST_02084,60,Chennai,India,255306,Regular,1511,DEV_03078,7506.4
CUST_02085,24,Bangalore,India,2003329,Regular,50,DEV_03630,3755.23
CUST_02086,50,Ahmedabad,India,2488821,Regular,1222,DEV_09062,3448.99
CUST_02087,23,Hyderabad,India,1456841,Regular,2650,DEV_05872,6731.15
CUST_02088,67,Chennai,India,1627868,Corporate,1142,DEV_07826,946.1
CUST_02089,53,Chennai,India,3400104,Regular,780,DEV_03696,1009.29
CUST_02090,56,Pune,India,4259890,Regular,1883,DEV_07701,4059.89
CUST_02091,70,Kolkata,India,1633307,Regular,768,DEV_05764,3642.04
CUST_02092,35,Kolkata,India,4256106,Regular,1131,DEV_04742,4323.43
CUST_02093,37,Mumbai,India,292479,Gold,1886,DEV_02538,8749.35
CUST_02094,21,Chennai,India,1252635,Regular,1732,DEV_08885,1787.13
CUST_02095,25,Ahmedabad,India,2239802,Gold,2086,DEV_06671,8539.21
CUST_02096,20,Ahmedabad,India,2439014,Corporate,1150,DEV_08289,5064.39
CUST_02097,40,Chennai,India,2730329,Platinum,2599,DEV_07494,9466.83
CUST_02098,59,Mumbai,India,3931487,Regular,490,DEV_04905,9649.28
CUST_02099,20,Kolkata,India,4455373,Regular,2474,DEV_06887,3908.63
CUST_02100,29,Kolkata,India,4086332,Regular,1031,DEV_08783,6392.29
CUST_02101,41,Hyderabad,India,2349510,Corporate,2556,DEV_04360,5782.86
CUST_02102,43,Bangalore,India,2818180,Regular,1328,DEV_01223,7797.72
CUST_02103,52,Delhi,India,3444338,Gold,2301,DEV_07149,6026.07
CUST_02104,27,Ahmedabad,India,4441178,Regular,1083,DEV_08340,8500.27
CUST_02105,26,Ahmedabad,India,4026777,Regular,1273,DEV_07669,2627.56
CUST_02106,18,Kolkata,India,578137,Gold,1540,DEV_07532,7450.99
CUST_02107,31,Hyderabad,India,603994,Regular,1621,DEV_04882,4359.78
CUST_02108,21,Pune,India,1558225,Gold,2923,DEV_02173,8400.99
CUST_02109,35,Chennai,India,3358454,Regular,1497,DEV_04072,3999.59
CUST_02110,53,Hyderabad,India,2608976,Corporate,899,DEV_01862,2096.58
CUST_02111,36,Delhi,India,2614429,Regular,2903,DEV_00642,9094.71
CUST_02112,40,Delhi,India,1684687,Regular,1624,DEV_02728,7641.6
CUST_02113,26,Kolkata,India,1058341,Corporate,2335,DEV_02540,6790.65
CUST_02114,40,Hyderabad,India,1589631,Regular,413,DEV_01562,6817.57
CUST_02115,31,Hyderabad,India,1224901,Regular,1766,DEV_04789,7643.7
CUST_02116,39,Hyderabad,India,4519518,Gold,1241,DEV_02150,9782.27
CUST_02117,65,Delhi,India,1655098,Gold,2944,DEV_04775,6449.26
CUST_02118,37,Pune,India,1720353,Regular,1875,DEV_07997,8439.32
CUST_02119,51,Hyderabad,India,3662394,Corporate,1198,DEV_04348,8271.32
CUST_02120,66,Bangalore,India,2003794,Regular,973,DEV_03614,4198.69
CUST_02121,69,Delhi,India,1600895,Regular,1453,DEV_00754,2769.51
CUST_02122,52,Delhi,India,3460216,Regular,1051,DEV_08872,5976.56
CUST_02123,49,Bangalore,India,3703852,Corporate,548,DEV_01914,8019.96
CUST_02124,39,Hyderabad,India,1364792,Gold,1509,DEV_02444,1696.76
CUST_02125,31,Mumbai,India,3684915,Regular,1446,DEV_03485,4226.78
CUST_02126,36,Mumbai,India,1672636,Regular,2037,DEV_06444,8624.45
CUST_02127,69,Bangalore,India,4173051,Regular,2426,DEV_02994,3454.77
CUST_02128,28,Bangalore,India,2882102,Regular,214,DEV_05410,5477.6
CUST_02129,26,Delhi,India,3394570,Platinum,2994,DEV_05323,4810.03
CUST_02130,27,Ahmedabad,India,1467358,Regular,454,DEV_09204,5529.53
CUST_02131,50,Delhi,India,720447,Regular,329,DEV_02152,2385.96
CUST_02132,22,Mumbai,India,301472,Gold,2179,DEV_09073,8126.71
CUST_02133,24,Kolkata,India,1432857,Gold,1240,DEV_03493,2913.14
CUST_02134,60,Chennai,India,1125615,Regular,351,DEV_06819,6438.65
CUST_02135,43,Chennai,India,2561431,Regular,2773,DEV_05101,9620.3
CUST_02136,25,Bangalore,India,1554803,Regular,2053,DEV_09349,4387.46
CUST_02137,55,Bangalore,India,4138094,Regular,2623,DEV_01030,583.01
CUST_02138,40,Pune,India,1677586,Platinum,2060,DEV_06312,4358.27
CUST_02139,23,Pune,India,4911389,Corporate,2752,DEV_05256,2277.44
CUST_02140,50,Hyderabad,India,1965580,Regular,173,DEV_08353,6567.52
CUST_02141,64,Chennai,India,1925613,Gold,2628,DEV_03913,6587.36
CUST_02142,36,Delhi,India,3064373,Corporate,1095,DEV_01386,4531.49
CUST_02143,63,Kolkata,India,2168515,Regular,1678,DEV_05420,3196.1
CUST_02144,28,Delhi,India,1712477,Regular,2190,DEV_04434,9229.48
CUST_02145,24,Chennai,India,3063978,Corporate,1652,DEV_01051,4963.69
CUST_02146,40,Bangalore,India,1865855,Regular,1630,DEV_06858,7322.28
CUST_02147,65,Chennai,India,3920223,Regular,1997,DEV_00928,5817.56
CUST_02148,54,Mumbai,India,831206,Gold,2457,DEV_02398,4318.26
CUST_02149,52,Kolkata,India,3666538,Platinum,1003,DEV_00866,4158.77
CUST_02150,69,Pune,India,3161309,Platinum,1103,DEV_08847,9247.5
CUST_02151,58,Ahmedabad,India,1433040,Platinum,2895,DEV_03587,9467.76
CUST_02152,59,Kolkata,India,2460977,Corporate,535,DEV_01128,4754.28
CUST_02153,54,Kolkata,India,2669990,Regular,1330,DEV_02152,9974.49
CUST_02154,50,Kolkata,India,4083514,Regular,1081,DEV_00652,1827.83
CUST_02155,32,Ahmedabad,India,4028729,Gold,1677,DEV_06422,6585.74
CUST_02156,42,Delhi,India,471156,Regular,2112,DEV_02746,3381.97
CUST_02157,68,Delhi,India,4032718,Gold,265,DEV_02184,9782.61
CUST_02158,49,Pune,India,1916949,Regular,1160,DEV_02093,7790.76
CUST_02159,24,Hyderabad,India,3488994,Regular,1419,DEV_05382,7103.28
CUST_02160,27,Pune,India,3775675,Regular,408,DEV_08236,2264.4
CUST_02161,54,Chennai,India,797924,Corporate,222,DEV_00179,9289.88
CUST_02162,37,Bangalore,India,4313357,Corporate,1104,DEV_09005,5344.84
CUST_02163,65,Pune,India,4084733,Gold,397,DEV_00376,2715.49
CUST_02164,48,Chennai,India,1890402,Corporate,1911,DEV_07797,2039.59
CUST_02165,41,Ahmedabad,India,3533340,Regular,2989,DEV_01236,9463.46
CUST_02166,47,Bangalore,India,2705513,Regular,1997,DEV_03537,5945.22
CUST_02167,40,Ahmedabad,India,3155374,Regular,537,DEV_03647,8368.44
CUST_02168,63,Chennai,India,3714680,Platinum,1038,DEV_02978,8780.68
CUST_02169,70,Ahmedabad,India,2775928,Regular,2429,DEV_07591,7720.84
CUST_02170,24,Mumbai,India,1369753,Regular,1842,DEV_09587,2009.7
CUST_02171,51,Mumbai,India,1609398,Gold,2790,DEV_03666,2312.48
CUST_02172,48,Kolkata,India,2528502,Gold,244,DEV_02583,2390.75
CUST_02173,32,Chennai,India,4501674,Regular,56,DEV_06766,5001.06
CUST_02174,57,Kolkata,India,1162558,Regular,1309,DEV_03945,9399.45
CUST_02175,55,Mumbai,India,4188806,Gold,1654,DEV_04085,6121.63
CUST_02176,19,Pune,India,453874,Regular,637,DEV_07035,4073.69
CUST_02177,63,Hyderabad,India,875304,Regular,2372,DEV_09594,9010.55
CUST_02178,26,Delhi,India,2423969,Regular,47,DEV_04353,7398.07
CUST_02179,54,Bangalore,India,2631234,Corporate,2808,DEV_06139,8249.71
CUST_02180,56,Delhi,India,2182717,Regular,407,DEV_06089,1142.94
CUST_02181,47,Mumbai,India,4695968,Regular,1953,DEV_01306,5813.78
CUST_02182,25,Delhi,India,470380,Platinum,1875,DEV_06716,8551.5
CUST_02183,54,Bangalore,India,2817718,Regular,461,DEV_01013,4761.38
CUST_02184,23,Bangalore,India,1959872,Regular,657,DEV_08254,3850.24
CUST_02185,28,Hyderabad,India,465393,Regular,1404,DEV_07997,9949.94
CUST_02186,22,Mumbai,India,2954513,Regular,1878,DEV_00156,1965.81
CUST_02187,54,Bangalore,India,2330163,Regular,37,DEV_09468,3764.7
CUST_02188,62,Ahmedabad,India,1356944,Gold,2440,DEV_09403,6789.11
CUST_02189,40,Kolkata,India,1085717,Corporate,1145,DEV_02958,5272.86
CUST_02190,47,Pune,India,4567290,Regular,1480,DEV_03171,3760.38
CUST_02191,62,Chennai,India,4541664,Corporate,519,DEV_01046,3512.47
CUST_02192,39,Kolkata,India,3095455,Platinum,643,DEV_06835,6312.18
CUST_02193,46,Pune,India,2435779,Corporate,353,DEV_05925,2896.63
CUST_02194,47,Mumbai,India,3262141,Corporate,2266,DEV_08545,5624.94
CUST_02195,67,Bangalore,India,2611057,Gold,910,DEV_03264,4766.04
CUST_02196,57,Ahmedabad,India,4344080,Regular,2466,DEV_05114,7187.7
CUST_02197,49,Kolkata,India,4664233,Regular,904,DEV_06451,1568.11
CUST_02198,48,Pune,India,1685062,Regular,2874,DEV_01625,7681.82
CUST_02199,56,Hyderabad,India,2849334,Regular,2742,DEV_08187,3524.5
CUST_02200,40,Kolkata,India,1024930,Regular,320,DEV_05644,6739.43
CUST_02201,28,Bangalore,India,3855303,Gold,1707,DEV_02733,7122.76
CUST_02202,28,Kolkata,India,3671153,Regular,780,DEV_03918,627.01
CUST_02203,69,Chennai,India,1023396,Regular,370,DEV_08926,3161.83
CUST_02204,40,Hyderabad,India,3287981,Regular,903,DEV_01326,8697.92
CUST_02205,60,Pune,India,2950280,Gold,1932,DEV_05647,4116.21
CUST_02206,28,Pune,India,928778,Gold,1590,DEV_04223,1674.82
CUST_02207,34,Ahmedabad,India,3629855,Regular,2401,DEV_05168,8885.19
CUST_02208,43,Mumbai,India,3163666,Regular,2833,DEV_04348,8363.55
CUST_02209,25,Chennai,India,4256033,Gold,2338,DEV_08716,2221.67
CUST_02210,35,Delhi,India,3917702,Regular,342,DEV_04134,6488.0
CUST_02211,40,Ahmedabad,India,2828541,Corporate,2504,DEV_02069,5733.32
CUST_02212,31,Delhi,India,273781,Regular,2737,DEV_07170,5006.7
CUST_02213,21,Ahmedabad,India,3425468,Corporate,2514,DEV_05643,3393.86
CUST_02214,22,Kolkata,India,1482553,Regular,1364,DEV_07219,4270.84
CUST_02215,60,Mumbai,India,3144922,Regular,1877,DEV_07013,3938.96
CUST_02216,21,Chennai,India,1574693,Regular,1839,DEV_01054,2240.46
CUST_02217,32,Mumbai,India,1792378,Regular,2891,DEV_06758,8966.71
CUST_02218,44,Pune,India,686595,Regular,147,DEV_08188,7869.59
CUST_02219,22,Delhi,India,4695226,Corporate,2275,DEV_07938,4049.9
CUST_02220,37,Ahmedabad,India,2887307,Corporate,2006,DEV_02116,3366.03
CUST_02221,22,Chennai,India,3650034,Corporate,1701,DEV_04833,8982.39
CUST_02222,56,Ahmedabad,India,3566655,Corporate,2993,DEV_04756,1906.55
CUST_02223,48,Hyderabad,India,1196436,Regular,1936,DEV_07522,6903.89
CUST_02224,66,Delhi,India,2114180,Regular,105,DEV_07717,8019.18
CUST_02225,43,Hyderabad,India,3339271,Regular,2727,DEV_00572,8628.66
CUST_02226,48,Ahmedabad,India,4202463,Gold,2215,DEV_01095,3274.84
CUST_02227,39,Hyderabad,India,1567791,Gold,2475,DEV_08249,4399.59
CUST_02228,59,Ahmedabad,India,1994965,Regular,1603,DEV_01257,8372.53
CUST_02229,19,Ahmedabad,India,1326453,Corporate,70,DEV_01212,6987.58
CUST_02230,38,Pune,India,3577336,Regular,253,DEV_04969,5458.5
CUST_02231,22,Hyderabad,India,4643272,Regular,530,DEV_01746,5994.22
CUST_02232,32,Hyderabad,India,2001486,Gold,2456,DEV_07053,3130.33
CUST_02233,37,Hyderabad,India,2671395,Regular,2289,DEV_04663,7553.49
CUST_02234,70,Hyderabad,India,4105006,Gold,234,DEV_06583,3887.2
CUST_02235,67,Kolkata,India,2912048,Corporate,2387,DEV_03813,2609.68
CUST_02236,63,Ahmedabad,India,1899031,Regular,1397,DEV_00828,555.92
CUST_02237,62,Kolkata,India,4400461,Corporate,1717,DEV_04293,8313.93
CUST_02238,45,Kolkata,India,3174904,Regular,535,DEV_01252,4549.4
CUST_02239,27,Mumbai,India,396425,Regular,2382,DEV_03691,858.11
CUST_02240,59,Chennai,India,1181474,Corporate,647,DEV_04712,4069.89
CUST_02241,47,Pune,India,3882459,Gold,1362,DEV_09790,8013.77
CUST_02242,56,Kolkata,India,3066404,Gold,2367,DEV_05064,4857.8
CUST_02243,56,Chennai,India,540771,Platinum,2183,DEV_02200,4248.33
CUST_02244,31,Chennai,India,554971,Regular,2742,DEV_08481,5590.75
CUST_02245,42,Mumbai,India,4346451,Regular,1692,DEV_09262,1843.53
CUST_02246,32,Hyderabad,India,4574599,Regular,1816,DEV_03247,4480.26
CUST_02247,25,Chennai,India,3141392,Gold,550,DEV_09209,9665.73
CUST_02248,37,Ahmedabad,India,3979608,Regular,2463,DEV_03886,5711.66
CUST_02249,65,Mumbai,India,1732878,Regular,1046,DEV_03707,8756.5
CUST_02250,42,Ahmedabad,India,2223651,Regular,698,DEV_05063,6796.89
CUST_02251,19,Mumbai,India,3643859,Regular,1272,DEV_00986,3524.89
CUST_02252,66,Mumbai,India,2002008,Regular,2387,DEV_00833,976.36
CUST_02253,28,Hyderabad,India,3196222,Regular,1330,DEV_04216,4038.14
CUST_02254,50,Pune,India,1520822,Regular,2956,DEV_03557,3605.12
CUST_02255,44,Chennai,India,3731876,Regular,657,DEV_00069,9125.27
CUST_02256,66,Pune,India,1642753,Platinum,2806,DEV_05389,5558.65
CUST_02257,55,Delhi,India,4845204,Regular,1855,DEV_09709,3464.98
CUST_02258,34,Delhi,India,3948662,Corporate,142,DEV_04087,4528.62
CUST_02259,39,Delhi,India,3028512,Regular,1738,DEV_09131,8096.27
CUST_02260,70,Hyderabad,India,3655450,Regular,1447,DEV_00016,9036.13
CUST_02261,64,Hyderabad,India,4585529,Regular,2484,DEV_01823,6869.04
CUST_02262,50,Ahmedabad,India,3609363,Regular,2202,DEV_09750,9137.3
CUST_02263,18,Pune,India,602588,Regular,1323,DEV_05718,698.13
CUST_02264,30,Ahmedabad,India,4347015,Regular,268,DEV_02565,7384.11
CUST_02265,31,Chennai,India,1686953,Gold,251,DEV_02042,1943.03
CUST_02266,42,Pune,India,419639,Regular,1769,DEV_02178,3609.99
CUST_02267,70,Kolkata,India,4463051,Corporate,1415,DEV_09395,3712.96
CUST_02268,31,Mumbai,India,1018431,Gold,1857,DEV_03852,8125.5
CUST_02269,66,Kolkata,India,1063574,Platinum,694,DEV_04960,2527.72
CUST_02270,53,Ahmedabad,India,235451,Regular,479,DEV_01819,8203.63
CUST_02271,48,Mumbai,India,405565,Gold,447,DEV_09772,707.63
CUST_02272,56,Kolkata,India,1814679,Gold,1958,DEV_00463,4460.54
CUST_02273,18,Pune,India,443650,Regular,1814,DEV_03225,1820.9
CUST_02274,25,Pune,India,3704643,Gold,1769,DEV_06994,6992.86
CUST_02275,19,Bangalore,India,4815213,Regular,1972,DEV_02031,1791.4
CUST_02276,41,Kolkata,India,3060850,Gold,2617,DEV_06326,2940.35
CUST_02277,66,Ahmedabad,India,3468574,Regular,2039,DEV_04086,8242.99
CUST_02278,39,Ahmedabad,India,1322837,Regular,2665,DEV_03336,3872.42
CUST_02279,42,Ahmedabad,India,3387317,Regular,1239,DEV_02699,7183.91
CUST_02280,46,Kolkata,India,1326916,Regular,2715,DEV_09174,5450.48
CUST_02281,49,Chennai,India,539350,Gold,1312,DEV_07075,6694.72
CUST_02282,54,Delhi,India,1768289,Platinum,2728,DEV_07025,873.93
CUST_02283,35,Chennai,India,4721462,Regular,296,DEV_08224,5318.86
CUST_02284,43,Hyderabad,India,4351143,Gold,2242,DEV_07961,4110.72
CUST_02285,32,Hyderabad,India,996674,Regular,226,DEV_08909,6425.4
CUST_02286,34,Bangalore,India,2840291,Regular,339,DEV_00572,5737.03
CUST_02287,32,Delhi,India,4785844,Regular,1842,DEV_00571,9691.54
CUST_02288,38,Delhi,India,3947420,Regular,1613,DEV_04201,1403.62
CUST_02289,65,Ahmedabad,India,810098,Regular,2087,DEV_08639,749.28
CUST_02290,35,Ahmedabad,India,1128367,Gold,1033,DEV_09649,9482.08
CUST_02291,25,Mumbai,India,4042872,Corporate,1207,DEV_03792,696.3
CUST_02292,28,Mumbai,India,3537084,Gold,1049,DEV_05398,8028.3
CUST_02293,42,Ahmedabad,India,4679733,Platinum,2665,DEV_05675,9248.74
CUST_02294,35,Mumbai,India,2237465,Corporate,1663,DEV_08135,7125.14
CUST_02295,35,Kolkata,India,1199312,Regular,2799,DEV_00671,6155.0
CUST_02296,61,Mumbai,India,4534365,Regular,2902,DEV_03311,1721.2
CUST_02297,26,Mumbai,India,4844337,Regular,1755,DEV_03928,3229.45
CUST_02298,44,Hyderabad,India,3774658,Regular,1774,DEV_05511,8083.75
CUST_02299,67,Ahmedabad,India,1910895,Regular,331,DEV_06897,8945.61
CUST_02300,69,Delhi,India,1610501,Corporate,2191,DEV_08313,945.31
CUST_02301,34,Bangalore,India,1737547,Gold,1954,DEV_04489,8000.63
CUST_02302,34,Pune,India,1433681,Regular,1877,DEV_00079,5769.22
CUST_02303,26,Hyderabad,India,2107595,Regular,1475,DEV_06570,3107.94
CUST_02304,67,Kolkata,India,2904513,Regular,2388,DEV_09077,8713.92
CUST_02305,46,Bangalore,India,1657464,Gold,977,DEV_05448,1465.5
CUST_02306,46,Bangalore,India,993709,Regular,1488,DEV_01444,4169.73
CUST_02307,24,Delhi,India,4236840,Regular,442,DEV_05244,3550.39
CUST_02308,23,Chennai,India,2312303,Corporate,1903,DEV_03867,5526.85
CUST_02309,43,Delhi,India,2366212,Regular,2272,DEV_09682,8891.13
CUST_02310,53,Mumbai,India,2509036,Regular,1651,DEV_09364,4419.13
CUST_02311,43,Pune,India,1697417,Regular,1336,DEV_01496,1905.41
CUST_02312,63,Delhi,India,1741300,Regular,2461,DEV_08167,5849.15
CUST_02313,46,Hyderabad,India,336537,Gold,1494,DEV_09890,1677.06
CUST_02314,31,Delhi,India,2552066,Regular,2089,DEV_08379,7835.76
CUST_02315,30,Hyderabad,India,1298500,Regular,582,DEV_04956,3779.58
CUST_02316,55,Hyderabad,India,341616,Regular,2745,DEV_03172,5857.69
CUST_02317,20,Pune,India,2690264,Regular,719,DEV_04747,7218.28
CUST_02318,25,Mumbai,India,838843,Corporate,2138,DEV_04272,7525.89
CUST_02319,28,Mumbai,India,602063,Regular,1779,DEV_03968,8699.61
CUST_02320,39,Delhi,India,2841978,Gold,2353,DEV_06886,1044.01
CUST_02321,23,Kolkata,India,2338289,Corporate,991,DEV_04765,8852.14
CUST_02322,62,Hyderabad,India,3043959,Gold,1402,DEV_00228,5787.07
CUST_02323,42,Pune,India,2576550,Platinum,2606,DEV_06324,4966.83
CUST_02324,28,Chennai,India,4815840,Regular,2940,DEV_02933,6382.49
CUST_02325,28,Ahmedabad,India,296968,Regular,1265,DEV_03240,3482.69
CUST_02326,40,Chennai,India,3534058,Regular,1420,DEV_05344,1537.78
CUST_02327,21,Bangalore,India,338289,Gold,1490,DEV_01443,1843.31
CUST_02328,69,Kolkata,India,1512461,Gold,268,DEV_04515,8096.71
CUST_02329,66,Kolkata,India,593747,Regular,680,DEV_02548,7014.08
CUST_02330,59,Hyderabad,India,1786677,Gold,2236,DEV_09302,9906.96
CUST_02331,20,Hyderabad,India,4258390,Regular,1850,DEV_00138,3533.14
CUST_02332,42,Delhi,India,4022543,Regular,2588,DEV_07276,4042.74
CUST_02333,69,Ahmedabad,India,4237568,Regular,867,DEV_01384,2419.33
CUST_02334,66,Bangalore,India,4706007,Regular,765,DEV_04876,6583.34
CUST_02335,59,Hyderabad,India,1299308,Regular,378,DEV_06035,5343.48
CUST_02336,61,Bangalore,India,4971515,Regular,565,DEV_06917,7732.63
CUST_02337,61,Hyderabad,India,1422070,Platinum,944,DEV_00192,6483.8
CUST_02338,34,Mumbai,India,1303838,Platinum,2728,DEV_09098,6522.65
CUST_02339,35,Ahmedabad,India,2256810,Regular,2995,DEV_03020,3775.21
CUST_02340,66,Bangalore,India,3553962,Corporate,1496,DEV_01724,5538.0
CUST_02341,57,Delhi,India,2467718,Regular,2784,DEV_06465,955.0
CUST_02342,38,Delhi,India,3784636,Regular,1899,DEV_00904,4490.77
CUST_02343,33,Pune,India,1271442,Regular,153,DEV_03155,1809.41
CUST_02344,24,Pune,India,787778,Regular,2399,DEV_07231,3588.91
CUST_02345,33,Ahmedabad,India,2693872,Regular,2865,DEV_06632,9193.93
CUST_02346,19,Bangalore,India,1742010,Regular,2800,DEV_04074,1777.02
CUST_02347,38,Chennai,India,2343701,Platinum,2036,DEV_00512,4243.77
CUST_02348,64,Mumbai,India,1952859,Regular,871,DEV_01918,5364.24
CUST_02349,64,Bangalore,India,2602240,Gold,404,DEV_03508,4031.54
CUST_02350,50,Hyderabad,India,1955581,Regular,2408,DEV_06436,5418.53
CUST_02351,50,Pune,India,3124212,Regular,1862,DEV_03034,4167.54
CUST_02352,51,Delhi,India,1165658,Regular,2692,DEV_05836,5798.55
CUST_02353,25,Mumbai,India,1446573,Regular,728,DEV_00797,1419.01
CUST_02354,43,Chennai,India,519571,Corporate,2508,DEV_02027,4106.3
CUST_02355,63,Kolkata,India,4559634,Gold,1166,DEV_04157,1001.47
CUST_02356,52,Hyderabad,India,808542,Regular,929,DEV_05809,1866.77
CUST_02357,18,Ahmedabad,India,3105903,Regular,2890,DEV_01867,5330.82
CUST_02358,57,Delhi,India,4665829,Gold,1834,DEV_09614,4031.01
CUST_02359,53,Pune,India,713771,Regular,2544,DEV_00208,3233.8
CUST_02360,64,Pune,India,4190032,Regular,218,DEV_03176,4368.13
CUST_02361,65,Mumbai,India,4294481,Regular,2903,DEV_04407,4173.24
CUST_02362,19,Hyderabad,India,4748402,Corporate,1530,DEV_00513,9633.31
CUST_02363,30,Ahmedabad,India,431501,Gold,2668,DEV_00978,5647.06
CUST_02364,67,Chennai,India,4783612,Regular,92,DEV_01293,9456.17
CUST_02365,28,Hyderabad,India,327336,Gold,1918,DEV_06205,4838.88
CUST_02366,25,Bangalore,India,2736658,Regular,2113,DEV_04641,4367.09
CUST_02367,68,Chennai,India,470686,Gold,1784,DEV_00962,6733.55
CUST_02368,37,Pune,India,915723,Gold,165,DEV_04437,7780.06
CUST_02369,56,Delhi,India,3989440,Gold,1120,DEV_07235,4176.82
CUST_02370,38,Pune,India,1302245,Regular,2475,DEV_00749,7623.37
CUST_02371,44,Ahmedabad,India,4137475,Platinum,2317,DEV_07523,2196.53
CUST_02372,22,Delhi,India,4196353,Gold,2036,DEV_03222,4562.17
CUST_02373,45,Ahmedabad,India,3645468,Corporate,1128,DEV_09623,4460.4
CUST_02374,18,Delhi,India,2911245,Corporate,2200,DEV_02688,9608.21
CUST_02375,68,Chennai,India,2470617,Gold,2814,DEV_00933,2363.56
CUST_02376,34,Hyderabad,India,2651502,Regular,1603,DEV_00641,9369.22
CUST_02377,20,Kolkata,India,4271867,Regular,1148,DEV_09734,7653.29
CUST_02378,18,Ahmedabad,India,1403666,Regular,447,DEV_02404,6338.51
CUST_02379,63,Bangalore,India,1788624,Platinum,2914,DEV_00601,4802.72
CUST_02380,47,Delhi,India,881272,Platinum,1460,DEV_00076,8714.79
CUST_02381,42,Bangalore,India,2794378,Regular,2992,DEV_01569,5660.43
CUST_02382,62,Ahmedabad,India,1087226,Gold,2099,DEV_09738,543.33
CUST_02383,27,Delhi,India,4522684,Regular,2378,DEV_02225,9305.84
CUST_02384,43,Kolkata,India,2280473,Regular,2531,DEV_07213,6531.84
CUST_02385,63,Delhi,India,4155864,Gold,1552,DEV_08308,8070.44
CUST_02386,52,Bangalore,India,604451,Gold,2134,DEV_08785,3567.27
CUST_02387,47,Pune,India,2507689,Gold,727,DEV_03437,4291.59
CUST_02388,34,Ahmedabad,India,1015738,Gold,2529,DEV_09398,2684.39
CUST_02389,66,Kolkata,India,2328895,Regular,2921,DEV_03478,2079.52
CUST_02390,70,Delhi,India,890475,Regular,2011,DEV_04342,5824.77
CUST_02391,55,Kolkata,India,4555648,Regular,455,DEV_05415,1727.82
CUST_02392,66,Kolkata,India,4079097,Regular,2369,DEV_06863,3658.29
CUST_02393,43,Hyderabad,India,850267,Regular,2209,DEV_01786,3375.68
CUST_02394,62,Kolkata,India,2854881,Gold,2507,DEV_04750,9868.62
CUST_02395,18,Pune,India,2004589,Corporate,1185,DEV_02315,6712.6
CUST_02396,64,Pune,India,3654220,Regular,687,DEV_07200,2721.3
CUST_02397,67,Delhi,India,4154768,Gold,2643,DEV_05287,1036.97
CUST_02398,43,Pune,India,360621,Regular,787,DEV_06542,4174.04
CUST_02399,57,Pune,India,4636462,Regular,913,DEV_09377,3052.68
CUST_02400,48,Chennai,India,780917,Regular,2482,DEV_05962,5558.2
CUST_02401,65,Hyderabad,India,3138919,Gold,986,DEV_03628,882.81
CUST_02402,40,Chennai,India,736001,Regular,1027,DEV_09981,1524.77
CUST_02403,32,Bangalore,India,499865,Regular,1297,DEV_06198,2303.22
CUST_02404,59,Chennai,India,1479311,Gold,2293,DEV_02602,5364.45
CUST_02405,19,Mumbai,India,2646952,Regular,2863,DEV_02282,8880.08
CUST_02406,57,Chennai,India,335111,Corporate,188,DEV_09115,4821.07
CUST_02407,47,Hyderabad,India,4957297,Regular,1712,DEV_05244,9949.52
CUST_02408,55,Bangalore,India,2479127,Platinum,1514,DEV_07727,4903.59
CUST_02409,30,Mumbai,India,3703954,Platinum,2959,DEV_05475,4493.45
CUST_02410,51,Ahmedabad,India,4126026,Regular,400,DEV_00004,9104.13
CUST_02411,28,Ahmedabad,India,1747148,Regular,455,DEV_00034,6365.01
CUST_02412,27,Delhi,India,3908821,Regular,1157,DEV_04046,6088.36
CUST_02413,22,Chennai,India,2588282,Gold,1843,DEV_04431,4744.14
CUST_02414,48,Ahmedabad,India,1842148,Regular,2485,DEV_06739,9565.14
CUST_02415,69,Kolkata,India,2811145,Regular,860,DEV_09891,3554.23
CUST_02416,68,Hyderabad,India,4751217,Corporate,1930,DEV_05591,2930.28
CUST_02417,53,Pune,India,4697042,Regular,2000,DEV_02927,1935.01
CUST_02418,69,Pune,India,461702,Regular,2785,DEV_04742,5048.2
CUST_02419,25,Bangalore,India,4753996,Regular,2171,DEV_09674,5797.05
CUST_02420,42,Mumbai,India,1882357,Regular,696,DEV_09365,5212.19
CUST_02421,42,Delhi,India,2618042,Regular,2542,DEV_05437,3458.45
CUST_02422,36,Hyderabad,India,3408913,Corporate,2030,DEV_01451,2336.61
CUST_02423,22,Chennai,India,365452,Regular,2452,DEV_01971,5574.26
CUST_02424,38,Delhi,India,3504661,Regular,1528,DEV_03776,8131.56
CUST_02425,32,Hyderabad,India,2902296,Regular,1704,DEV_06665,6680.09
CUST_02426,29,Pune,India,4507657,Regular,2802,DEV_03566,9323.89
CUST_02427,43,Kolkata,India,4876594,Regular,457,DEV_01364,645.37
CUST_02428,28,Bangalore,India,4180557,Platinum,2590,DEV_09942,2445.88
CUST_02429,23,Delhi,India,4823496,Regular,493,DEV_02279,5826.07
CUST_02430,29,Pune,India,1734403,Regular,1747,DEV_08496,6480.68
CUST_02431,30,Delhi,India,2488361,Regular,1090,DEV_06406,2784.83
CUST_02432,23,Mumbai,India,2938939,Regular,2495,DEV_08741,2078.71
CUST_02433,38,Hyderabad,India,708211,Gold,849,DEV_04081,6850.19
CUST_02434,40,Kolkata,India,2076069,Corporate,442,DEV_00970,1747.48
CUST_02435,52,Hyderabad,India,491292,Gold,769,DEV_00379,5413.0
CUST_02436,53,Ahmedabad,India,947290,Platinum,713,DEV_03507,6007.61
CUST_02437,26,Hyderabad,India,1157011,Regular,1781,DEV_07262,4552.88
CUST_02438,55,Kolkata,India,2920884,Regular,1446,DEV_04528,8731.05
CUST_02439,31,Mumbai,India,2023350,Regular,254,DEV_05765,2040.37
CUST_02440,22,Hyderabad,India,1704427,Regular,1669,DEV_05568,8757.93
CUST_02441,68,Ahmedabad,India,4291312,Regular,2308,DEV_08590,4643.61
CUST_02442,53,Pune,India,4897529,Regular,1685,DEV_05385,3623.58
CUST_02443,35,Chennai,India,868700,Regular,2547,DEV_06799,2738.09
CUST_02444,32,Bangalore,India,1073990,Gold,2923,DEV_04490,7141.48
CUST_02445,69,Hyderabad,India,2989681,Platinum,1312,DEV_08271,5375.66
CUST_02446,58,Ahmedabad,India,557494,Regular,1873,DEV_08713,7913.93
CUST_02447,21,Chennai,India,2842362,Gold,1786,DEV_02763,9823.65
CUST_02448,27,Delhi,India,2125698,Regular,593,DEV_08027,8542.81
CUST_02449,50,Ahmedabad,India,3789169,Regular,105,DEV_08942,9134.5
CUST_02450,55,Pune,India,4573054,Gold,1893,DEV_06948,1214.76
CUST_02451,68,Bangalore,India,1234221,Gold,640,DEV_04882,4405.74
CUST_02452,21,Chennai,India,3698292,Regular,2192,DEV_04412,720.76
CUST_02453,49,Kolkata,India,573752,Regular,1555,DEV_06217,4930.5
CUST_02454,59,Hyderabad,India,4621282,Regular,2212,DEV_07606,5702.73
CUST_02455,69,Mumbai,India,3701088,Regular,2110,DEV_00791,7454.72
CUST_02456,49,Bangalore,India,2571258,Regular,1689,DEV_06007,7146.52
CUST_02457,59,Ahmedabad,India,4847063,Platinum,270,DEV_05660,5886.98
CUST_02458,40,Delhi,India,3196411,Regular,1106,DEV_02365,7564.26
CUST_02459,20,Pune,India,3009186,Gold,2310,DEV_04451,2359.89
CUST_02460,51,Delhi,India,2669588,Regular,2785,DEV_08323,4121.96
CUST_02461,32,Pune,India,4057432,Corporate,791,DEV_02499,8196.11
CUST_02462,27,Kolkata,India,4285392,Regular,839,DEV_05647,6892.34
CUST_02463,55,Mumbai,India,984051,Platinum,2634,DEV_07825,4602.07
CUST_02464,59,Chennai,India,314699,Regular,210,DEV_06528,4181.12
CUST_02465,44,Chennai,India,3381699,Regular,1105,DEV_01696,2799.42
CUST_02466,41,Pune,India,3979286,Gold,688,DEV_09201,839.81
CUST_02467,65,Kolkata,India,585171,Regular,194,DEV_00286,9107.01
CUST_02468,63,Delhi,India,4702300,Platinum,2984,DEV_06755,9306.97
CUST_02469,43,Mumbai,India,3598460,Gold,1848,DEV_02533,3546.8
CUST_02470,37,Delhi,India,524231,Platinum,712,DEV_02502,3834.18
CUST_02471,56,Bangalore,India,4978714,Regular,1642,DEV_07795,2735.16
CUST_02472,18,Pune,India,2093316,Regular,400,DEV_02475,2552.69
CUST_02473,67,Hyderabad,India,468328,Regular,2100,DEV_08890,3463.05
CUST_02474,53,Chennai,India,3682405,Gold,581,DEV_03877,9387.49
CUST_02475,18,Mumbai,India,4226694,Regular,566,DEV_01143,1135.06
CUST_02476,32,Ahmedabad,India,1841979,Gold,951,DEV_09897,6249.88
CUST_02477,30,Bangalore,India,4565027,Regular,1097,DEV_09363,7976.86
CUST_02478,21,Kolkata,India,1042489,Regular,1845,DEV_00259,9579.91
CUST_02479,35,Hyderabad,India,3170775,Corporate,2072,DEV_05154,9216.91
CUST_02480,65,Pune,India,3310757,Regular,2578,DEV_04209,5670.05
CUST_02481,33,Delhi,India,591873,Gold,587,DEV_06680,4405.89
CUST_02482,50,Bangalore,India,3418473,Regular,1471,DEV_05117,2254.96
CUST_02483,56,Chennai,India,1177142,Gold,630,DEV_08328,7284.27
CUST_02484,55,Ahmedabad,India,2390738,Regular,326,DEV_09757,5660.13
CUST_02485,36,Hyderabad,India,4090314,Regular,1580,DEV_05777,9038.1
CUST_02486,18,Kolkata,India,718823,Regular,1851,DEV_07194,3136.79
CUST_02487,38,Mumbai,India,612840,Gold,1605,DEV_09849,7718.66
CUST_02488,50,Mumbai,India,4974743,Regular,2266,DEV_08543,3711.27
CUST_02489,24,Kolkata,India,4266755,Gold,1252,DEV_06713,2397.33
CUST_02490,40,Delhi,India,1192549,Regular,393,DEV_05037,3804.02
CUST_02491,68,Ahmedabad,India,1597967,Gold,1849,DEV_05117,3931.7
CUST_02492,65,Pune,India,559592,Gold,1555,DEV_01177,9358.22
CUST_02493,44,Ahmedabad,India,804635,Gold,2887,DEV_02052,2672.11
CUST_02494,67,Kolkata,India,1356824,Regular,213,DEV_03674,8395.42
CUST_02495,42,Bangalore,India,1405814,Regular,1043,DEV_00699,5139.31
CUST_02496,21,Delhi,India,4243185,Platinum,1565,DEV_07412,9922.04
CUST_02497,28,Bangalore,India,3712787,Regular,2812,DEV_03792,2626.19
CUST_02498,45,Bangalore,India,958687,Regular,2276,DEV_01166,750.68
CUST_02499,52,Pune,India,4341677,Regular,2007,DEV_09968,1793.29
CUST_02500,26,Ahmedabad,India,1851263,Regular,638,DEV_08607,1662.66
CUST_02501,52,Bangalore,India,1546003,Regular,1972,DEV_07689,9322.14
CUST_02502,26,Hyderabad,India,2782036,Regular,1422,DEV_05984,2407.36
CUST_02503,28,Kolkata,India,3920291,Regular,770,DEV_07004,3269.34
CUST_02504,67,Mumbai,India,1323718,Regular,472,DEV_05493,6818.76
CUST_02505,48,Bangalore,India,4730724,Gold,531,DEV_06629,7859.04
CUST_02506,18,Pune,India,2735954,Corporate,2519,DEV_09981,8347.65
CUST_02507,55,Delhi,India,4888608,Gold,464,DEV_01001,8658.77
CUST_02508,40,Kolkata,India,973182,Regular,857,DEV_08837,8522.38
CUST_02509,19,Kolkata,India,928395,Gold,2820,DEV_07596,4768.62
CUST_02510,18,Chennai,India,3472233,Regular,1344,DEV_00224,7505.25
CUST_02511,53,Ahmedabad,India,3171573,Platinum,616,DEV_04475,9720.02
CUST_02512,67,Mumbai,India,2036857,Regular,2885,DEV_06588,7833.77
CUST_02513,54,Kolkata,India,4000618,Regular,414,DEV_01477,8265.97
CUST_02514,29,Mumbai,India,3156254,Regular,1616,DEV_03979,4422.4
CUST_02515,61,Ahmedabad,India,2354777,Gold,512,DEV_05176,1943.74
CUST_02516,37,Mumbai,India,2613714,Regular,2191,DEV_01396,2928.55
CUST_02517,29,Mumbai,India,4655641,Regular,710,DEV_04064,5819.59
CUST_02518,31,Ahmedabad,India,468153,Regular,2638,DEV_05277,4243.09
CUST_02519,23,Hyderabad,India,1923449,Gold,1025,DEV_09240,7807.09
CUST_02520,26,Hyderabad,India,4679495,Gold,1191,DEV_02519,4257.08
CUST_02521,50,Kolkata,India,1260802,Gold,2235,DEV_01367,4809.08
CUST_02522,66,Chennai,India,205972,Regular,2262,DEV_08344,9786.75
CUST_02523,70,Ahmedabad,India,3453486,Regular,825,DEV_09483,4445.65
CUST_02524,53,Chennai,India,2794964,Regular,128,DEV_02181,8229.5
CUST_02525,30,Mumbai,India,843613,Regular,813,DEV_07736,6561.7
CUST_02526,60,Delhi,India,700809,Corporate,1370,DEV_08700,7336.73
CUST_02527,23,Delhi,India,1804286,Regular,1607,DEV_07822,3655.36
CUST_02528,46,Hyderabad,India,3637134,Regular,1645,DEV_03581,2307.91
CUST_02529,34,Kolkata,India,3324282,Platinum,891,DEV_09492,3483.31
CUST_02530,19,Chennai,India,2114485,Gold,1347,DEV_05048,8061.21
CUST_02531,57,Delhi,India,2192562,Regular,2081,DEV_03319,3372.19
CUST_02532,57,Kolkata,India,1922007,Regular,2107,DEV_08650,4863.27
CUST_02533,43,Ahmedabad,India,3802146,Regular,1832,DEV_04504,4940.56
CUST_02534,25,Kolkata,India,4233596,Gold,1369,DEV_02080,3245.66
CUST_02535,34,Ahmedabad,India,531913,Corporate,871,DEV_04632,6624.5
CUST_02536,66,Bangalore,India,1991537,Regular,1540,DEV_04073,1152.09
CUST_02537,67,Delhi,India,3027343,Regular,2678,DEV_09658,2340.82
CUST_02538,30,Pune,India,1052606,Gold,2904,DEV_00173,6653.31
CUST_02539,48,Bangalore,India,323129,Gold,1562,DEV_07605,8875.9
CUST_02540,47,Ahmedabad,India,1387940,Corporate,1099,DEV_09300,1837.12
CUST_02541,65,Delhi,India,4989938,Regular,830,DEV_09968,522.05
CUST_02542,58,Mumbai,India,614582,Regular,1032,DEV_07788,5921.33
CUST_02543,56,Kolkata,India,865431,Corporate,1297,DEV_09887,8592.2
CUST_02544,26,Mumbai,India,3168638,Regular,2110,DEV_06057,5688.48
CUST_02545,27,Bangalore,India,3462260,Regular,2745,DEV_07627,8291.74
CUST_02546,47,Kolkata,India,3423209,Gold,2420,DEV_07063,1733.5
CUST_02547,19,Kolkata,India,3990023,Regular,2544,DEV_04327,4348.44
CUST_02548,58,Bangalore,India,3860702,Regular,650,DEV_03269,9967.63
CUST_02549,40,Mumbai,India,2967140,Corporate,1078,DEV_04695,9535.15
CUST_02550,37,Hyderabad,India,753985,Corporate,2019,DEV_02620,6316.89
CUST_02551,31,Bangalore,India,4690281,Regular,894,DEV_00263,9270.42
CUST_02552,57,Delhi,India,4716879,Regular,2895,DEV_07059,9040.1
CUST_02553,50,Delhi,India,1727247,Regular,236,DEV_01430,6948.04
CUST_02554,33,Ahmedabad,India,285473,Regular,2081,DEV_07388,8117.72
CUST_02555,53,Ahmedabad,India,4472893,Platinum,1252,DEV_02954,6730.23
CUST_02556,67,Kolkata,India,4577524,Regular,2375,DEV_02539,540.42
CUST_02557,54,Delhi,India,4930280,Regular,1874,DEV_00580,5659.58
CUST_02558,34,Pune,India,437485,Gold,2602,DEV_00569,9982.25
CUST_02559,55,Delhi,India,4511815,Corporate,253,DEV_04267,6901.92
CUST_02560,32,Bangalore,India,2764418,Regular,1704,DEV_09540,928.4
CUST_02561,38,Ahmedabad,India,3770128,Regular,2217,DEV_07251,4344.28
CUST_02562,66,Delhi,India,2692809,Regular,1997,DEV_05184,6916.39
CUST_02563,33,Pune,India,3474071,Gold,1527,DEV_02055,7937.66
CUST_02564,32,Hyderabad,India,4512794,Corporate,860,DEV_09843,9347.86
CUST_02565,26,Ahmedabad,India,3098139,Regular,88,DEV_01347,982.54
CUST_02566,21,Ahmedabad,India,4124588,Regular,211,DEV_09022,708.19
CUST_02567,35,Ahmedabad,India,3059887,Regular,1195,DEV_01297,5380.69
CUST_02568,42,Ahmedabad,India,356343,Regular,1500,DEV_07777,3715.76
CUST_02569,41,Ahmedabad,India,3859400,Gold,1463,DEV_00778,5627.98
CUST_02570,61,Pune,India,3066906,Regular,2723,DEV_03381,2635.78
CUST_02571,21,Ahmedabad,India,1138863,Gold,220,DEV_00757,3682.78
CUST_02572,42,Pune,India,248389,Corporate,908,DEV_01971,2491.97
CUST_02573,19,Ahmedabad,India,3392209,Gold,1011,DEV_01675,2197.21
CUST_02574,19,Ahmedabad,India,1932508,Gold,1021,DEV_08717,8774.46
CUST_02575,57,Bangalore,India,2047003,Gold,1232,DEV_02309,9699.42
CUST_02576,59,Kolkata,India,3050028,Corporate,1899,DEV_07810,9939.93
CUST_02577,31,Delhi,India,2625212,Gold,1660,DEV_04861,8828.9
CUST_02578,25,Ahmedabad,India,555039,Regular,574,DEV_02039,9441.28
CUST_02579,38,Pune,India,4098539,Gold,2769,DEV_02848,6056.86
CUST_02580,23,Pune,India,2853635,Regular,1129,DEV_08933,9788.07
CUST_02581,26,Ahmedabad,India,2239961,Regular,747,DEV_00952,4690.38
CUST_02582,47,Mumbai,India,4578734,Regular,2172,DEV_04671,6725.52
CUST_02583,27,Chennai,India,1720129,Gold,1354,DEV_03001,6613.98
CUST_02584,40,Hyderabad,India,4000741,Regular,1240,DEV_02217,2033.38
CUST_02585,28,Chennai,India,3994396,Regular,943,DEV_02218,1149.37
CUST_02586,26,Bangalore,India,2027461,Gold,1193,DEV_04047,1169.07
CUST_02587,28,Chennai,India,1698586,Regular,2839,DEV_01220,2841.81
CUST_02588,26,Bangalore,India,4483269,Gold,2320,DEV_02624,3561.52
CUST_02589,30,Mumbai,India,2099799,Platinum,1118,DEV_09306,3456.57
CUST_02590,29,Ahmedabad,India,2284233,Platinum,2088,DEV_09570,7035.9
CUST_02591,68,Pune,India,1348954,Corporate,1294,DEV_02176,4419.78
CUST_02592,56,Delhi,India,3580226,Platinum,1939,DEV_09547,1756.67
CUST_02593,60,Pune,India,3035585,Regular,1655,DEV_07473,4010.68
CUST_02594,27,Ahmedabad,India,443858,Gold,30,DEV_09183,7566.5
CUST_02595,19,Delhi,India,3301333,Gold,1371,DEV_07743,508.83
CUST_02596,29,Ahmedabad,India,2257237,Corporate,1785,DEV_08035,9756.04
CUST_02597,62,Chennai,India,714989,Gold,362,DEV_00078,780.65
CUST_02598,35,Chennai,India,4602475,Regular,170,DEV_02500,2213.23
CUST_02599,40,Ahmedabad,India,1678625,Gold,1055,DEV_05244,8890.84
CUST_02600,18,Hyderabad,India,4453506,Regular,2123,DEV_05351,2584.58
CUST_02601,26,Kolkata,India,2118087,Regular,991,DEV_06345,4224.87
CUST_02602,24,Bangalore,India,2239302,Platinum,189,DEV_03421,1688.67
CUST_02603,34,Delhi,India,825342,Regular,2993,DEV_03429,578.4
CUST_02604,47,Ahmedabad,India,3637072,Gold,2910,DEV_02906,4914.14
CUST_02605,26,Kolkata,India,2270127,Platinum,2315,DEV_07325,3370.85
CUST_02606,19,Bangalore,India,3995618,Platinum,583,DEV_01615,8558.2
CUST_02607,52,Pune,India,389827,Regular,2305,DEV_03076,6994.58
CUST_02608,61,Pune,India,792064,Gold,1053,DEV_08557,4260.13
CUST_02609,18,Kolkata,India,4125395,Regular,1339,DEV_05821,671.68
CUST_02610,66,Ahmedabad,India,3896842,Gold,546,DEV_03501,6150.1
CUST_02611,48,Kolkata,India,4895556,Gold,2325,DEV_03235,839.91
CUST_02612,39,Chennai,India,2227272,Corporate,2979,DEV_05703,4342.41
CUST_02613,62,Pune,India,2159474,Corporate,1118,DEV_01079,2205.69
CUST_02614,28,Delhi,India,4726868,Gold,2434,DEV_08573,1581.1
CUST_02615,28,Kolkata,India,356784,Regular,1883,DEV_06258,9612.94
CUST_02616,29,Bangalore,India,779380,Regular,638,DEV_06723,7909.79
CUST_02617,33,Kolkata,India,3124583,Gold,2074,DEV_02490,1089.26
CUST_02618,46,Pune,India,1974455,Regular,1922,DEV_04487,1600.96
CUST_02619,64,Kolkata,India,3828484,Platinum,1263,DEV_01700,7748.95
CUST_02620,53,Bangalore,India,341064,Regular,1113,DEV_04237,6206.32
CUST_02621,55,Chennai,India,2281638,Regular,2346,DEV_00967,4787.83
CUST_02622,24,Pune,India,2019985,Regular,1049,DEV_05957,9839.82
CUST_02623,38,Delhi,India,4296124,Regular,2671,DEV_09830,6522.21
CUST_02624,57,Chennai,India,1897763,Gold,2744,DEV_05602,1944.04
CUST_02625,25,Bangalore,India,3523540,Regular,889,DEV_02054,1157.63
CUST_02626,27,Delhi,India,3068340,Corporate,1429,DEV_00992,7924.3
CUST_02627,37,Bangalore,India,842959,Regular,560,DEV_06657,4182.11
CUST_02628,23,Chennai,India,4519886,Regular,2163,DEV_05090,4744.82
CUST_02629,42,Ahmedabad,India,1490606,Regular,2234,DEV_03301,7342.55
CUST_02630,38,Pune,India,4679554,Regular,711,DEV_03980,5625.43
CUST_02631,38,Mumbai,India,4123607,Platinum,804,DEV_08697,7392.58
CUST_02632,19,Kolkata,India,3957400,Regular,2906,DEV_02553,4512.71
CUST_02633,23,Ahmedabad,India,2827691,Gold,158,DEV_04237,5752.96
CUST_02634,25,Kolkata,India,3682105,Platinum,2365,DEV_02771,2839.3
CUST_02635,21,Mumbai,India,3409475,Gold,1421,DEV_06871,3264.85
CUST_02636,26,Kolkata,India,3788606,Gold,2329,DEV_06313,2233.84
CUST_02637,44,Delhi,India,727785,Platinum,2533,DEV_05983,5680.48
CUST_02638,33,Chennai,India,2614291,Platinum,575,DEV_02652,5379.24
CUST_02639,19,Pune,India,3390070,Gold,810,DEV_08154,9113.11
CUST_02640,31,Delhi,India,413477,Platinum,467,DEV_08627,9273.03
CUST_02641,19,Ahmedabad,India,4315008,Platinum,2752,DEV_00993,4006.43
CUST_02642,36,Delhi,India,3636988,Regular,1047,DEV_06856,5554.85
CUST_02643,58,Chennai,India,505524,Regular,523,DEV_07958,2934.34
CUST_02644,42,Delhi,India,2840220,Regular,161,DEV_05932,3943.79
CUST_02645,25,Mumbai,India,3663117,Regular,2481,DEV_08330,5112.1
CUST_02646,58,Chennai,India,1863017,Gold,462,DEV_08164,3594.28
CUST_02647,20,Bangalore,India,1394721,Regular,529,DEV_09723,5682.67
CUST_02648,25,Bangalore,India,4334413,Gold,1522,DEV_03735,5251.47
CUST_02649,34,Ahmedabad,India,2592684,Regular,2686,DEV_05388,3659.6
CUST_02650,26,Delhi,India,3506635,Regular,1966,DEV_05760,929.98
CUST_02651,19,Mumbai,India,1645523,Regular,1051,DEV_01656,8802.36
CUST_02652,66,Delhi,India,1669530,Gold,2415,DEV_02681,3533.77
CUST_02653,27,Ahmedabad,India,3289404,Regular,1425,DEV_06182,6910.34
CUST_02654,60,Delhi,India,4964843,Gold,1138,DEV_05003,5750.91
CUST_02655,47,Hyderabad,India,1124186,Regular,1128,DEV_01290,7471.86
CUST_02656,29,Bangalore,India,1558291,Gold,1513,DEV_09548,1693.78
CUST_02657,20,Kolkata,India,438402,Regular,460,DEV_02750,9868.93
CUST_02658,61,Kolkata,India,764499,Regular,1890,DEV_06044,593.92
CUST_02659,43,Bangalore,India,3691587,Regular,2419,DEV_05697,9849.93
CUST_02660,52,Bangalore,India,4362922,Regular,2729,DEV_05406,1469.2
CUST_02661,58,Ahmedabad,India,4166949,Gold,1969,DEV_07177,2640.31
CUST_02662,19,Delhi,India,2323662,Regular,2343,DEV_09741,2671.09
CUST_02663,23,Ahmedabad,India,2388846,Platinum,141,DEV_06731,6664.01
CUST_02664,70,Pune,India,3078505,Corporate,2980,DEV_05941,5477.11
CUST_02665,50,Kolkata,India,3712227,Regular,2346,DEV_00634,3070.9
CUST_02666,34,Bangalore,India,907013,Platinum,1714,DEV_05496,1989.1
CUST_02667,43,Delhi,India,1971609,Regular,1650,DEV_02139,2770.45
CUST_02668,59,Bangalore,India,821793,Regular,2688,DEV_08205,9516.23
CUST_02669,27,Pune,India,1093169,Platinum,190,DEV_07262,6047.11
CUST_02670,28,Delhi,India,418165,Regular,1978,DEV_02893,9398.18
CUST_02671,40,Bangalore,India,618731,Platinum,556,DEV_09532,2676.19
CUST_02672,45,Hyderabad,India,4130570,Platinum,1745,DEV_00030,9082.86
CUST_02673,25,Delhi,India,1022843,Regular,2613,DEV_01348,3557.94
CUST_02674,46,Ahmedabad,India,1001895,Regular,1438,DEV_00490,3385.96
CUST_02675,23,Bangalore,India,2238321,Gold,94,DEV_04044,1959.52
CUST_02676,29,Hyderabad,India,4761599,Gold,1740,DEV_06989,1359.59
CUST_02677,66,Hyderabad,India,2886741,Gold,2377,DEV_08854,9237.15
CUST_02678,31,Hyderabad,India,2957278,Regular,1412,DEV_09109,6741.65
CUST_02679,43,Kolkata,India,1489081,Gold,2044,DEV_00501,6378.01
CUST_02680,21,Bangalore,India,2121049,Regular,224,DEV_02318,869.14
CUST_02681,33,Ahmedabad,India,4370300,Regular,2974,DEV_00311,3276.7
CUST_02682,49,Bangalore,India,2976531,Regular,2151,DEV_07008,1226.91
CUST_02683,68,Pune,India,2611669,Gold,2424,DEV_07741,3452.96
CUST_02684,54,Ahmedabad,India,2378064,Regular,1020,DEV_00436,4685.01
CUST_02685,53,Delhi,India,2481451,Regular,2400,DEV_03029,3886.03
CUST_02686,31,Chennai,India,3798006,Regular,2765,DEV_04310,5796.09
CUST_02687,39,Chennai,India,2421774,Corporate,495,DEV_06856,2393.85
CUST_02688,60,Hyderabad,India,578330,Gold,2743,DEV_03783,3193.17
CUST_02689,26,Chennai,India,2576014,Regular,2621,DEV_05572,8969.18
CUST_02690,70,Kolkata,India,2894523,Regular,801,DEV_00345,9371.02
CUST_02691,33,Pune,India,2743223,Platinum,2402,DEV_09800,2610.86
CUST_02692,40,Delhi,India,533593,Platinum,2393,DEV_01352,583.3
CUST_02693,20,Hyderabad,India,604710,Gold,80,DEV_06327,2019.58
CUST_02694,35,Hyderabad,India,2028937,Regular,2262,DEV_09915,5019.52
CUST_02695,55,Chennai,India,447338,Platinum,90,DEV_06462,4484.41
CUST_02696,28,Kolkata,India,3038190,Regular,369,DEV_07894,1991.92
CUST_02697,25,Ahmedabad,India,2233673,Corporate,1524,DEV_00991,3708.21
CUST_02698,21,Chennai,India,1798123,Corporate,2884,DEV_06767,8896.58
CUST_02699,70,Ahmedabad,India,719345,Corporate,262,DEV_02266,2575.91
CUST_02700,31,Bangalore,India,4376917,Regular,1485,DEV_06965,7990.83
CUST_02701,44,Pune,India,1964000,Regular,1626,DEV_03276,8501.24
CUST_02702,48,Delhi,India,689133,Regular,1057,DEV_04368,1979.1
CUST_02703,37,Delhi,India,1684623,Corporate,1760,DEV_09808,2346.69
CUST_02704,40,Kolkata,India,2631266,Regular,1996,DEV_04214,8479.09
CUST_02705,28,Bangalore,India,2848583,Platinum,1808,DEV_01015,3322.82
CUST_02706,68,Mumbai,India,3138850,Regular,2514,DEV_09250,5238.01
CUST_02707,51,Delhi,India,3976695,Platinum,245,DEV_09169,6306.58
CUST_02708,45,Mumbai,India,2216161,Regular,30,DEV_06860,6020.77
CUST_02709,50,Chennai,India,4077458,Regular,1173,DEV_06116,9188.38
CUST_02710,38,Ahmedabad,India,1867845,Gold,214,DEV_03570,3496.11
CUST_02711,24,Bangalore,India,3010148,Regular,1879,DEV_02426,1121.64
CUST_02712,41,Ahmedabad,India,1201392,Regular,2207,DEV_08480,7917.04
CUST_02713,21,Hyderabad,India,4749609,Corporate,1120,DEV_01403,3161.31
CUST_02714,23,Bangalore,India,3929812,Corporate,2758,DEV_02016,8302.6
CUST_02715,46,Kolkata,India,3472708,Regular,2364,DEV_01633,6052.64
CUST_02716,40,Kolkata,India,4190254,Platinum,2139,DEV_09887,1748.67
CUST_02717,39,Bangalore,India,4290307,Regular,2513,DEV_01440,1392.66
CUST_02718,30,Delhi,India,4083767,Regular,1245,DEV_00758,9947.43
CUST_02719,41,Ahmedabad,India,3849104,Gold,31,DEV_08491,7240.6
CUST_02720,32,Ahmedabad,India,1105982,Regular,326,DEV_01798,4743.79
CUST_02721,68,Pune,India,1525598,Gold,1201,DEV_09760,1198.42
CUST_02722,33,Pune,India,3147269,Regular,128,DEV_07783,1546.79
CUST_02723,64,Mumbai,India,887504,Regular,2526,DEV_01006,3300.49
CUST_02724,64,Ahmedabad,India,1529045,Regular,1214,DEV_07713,9255.78
CUST_02725,35,Mumbai,India,1310705,Regular,1439,DEV_09851,4736.12
CUST_02726,44,Kolkata,India,1372005,Regular,364,DEV_02870,4243.26
CUST_02727,59,Kolkata,India,3630295,Regular,2115,DEV_07252,4316.37
CUST_02728,70,Delhi,India,4989618,Gold,406,DEV_06693,9132.36
CUST_02729,61,Ahmedabad,India,2147775,Regular,901,DEV_00445,8814.52
CUST_02730,46,Ahmedabad,India,3689304,Regular,2334,DEV_01632,4739.07
CUST_02731,42,Bangalore,India,1492493,Platinum,1603,DEV_06686,3633.29
CUST_02732,21,Kolkata,India,451472,Gold,267,DEV_06505,5888.45
CUST_02733,62,Delhi,India,1138987,Regular,1015,DEV_08413,7517.55
CUST_02734,57,Pune,India,3977477,Regular,1490,DEV_07476,5908.73
CUST_02735,20,Pune,India,1496729,Corporate,940,DEV_01729,1594.81
CUST_02736,39,Pune,India,4300176,Regular,1267,DEV_07850,9339.09
CUST_02737,52,Mumbai,India,4676162,Regular,2570,DEV_05455,4449.93
CUST_02738,45,Bangalore,India,3545224,Regular,2379,DEV_03172,7219.29
CUST_02739,27,Kolkata,India,2600740,Platinum,2715,DEV_04506,7098.75
CUST_02740,64,Hyderabad,India,1942199,Regular,307,DEV_07486,5216.22
CUST_02741,30,Delhi,India,4746885,Gold,2621,DEV_06173,6699.68
CUST_02742,20,Chennai,India,219578,Regular,2529,DEV_04067,1114.77
CUST_02743,43,Pune,India,2362329,Regular,222,DEV_08640,7137.87
CUST_02744,23,Kolkata,India,1072561,Gold,2215,DEV_01490,2007.44
CUST_02745,42,Pune,India,2459294,Regular,683,DEV_00113,5926.86
CUST_02746,48,Hyderabad,India,1315191,Gold,1019,DEV_00990,3847.23
CUST_02747,29,Hyderabad,India,3422716,Gold,1910,DEV_01247,2699.48
CUST_02748,60,Delhi,India,3016241,Gold,248,DEV_07489,3534.11
CUST_02749,69,Pune,India,4090399,Platinum,638,DEV_09372,3941.52
CUST_02750,22,Kolkata,India,2374185,Regular,935,DEV_06257,3779.74
CUST_02751,40,Chennai,India,4449674,Regular,620,DEV_01681,6401.74
CUST_02752,64,Pune,India,4282537,Regular,1588,DEV_05397,5564.47
CUST_02753,48,Kolkata,India,4009739,Regular,1094,DEV_09852,6307.05
CUST_02754,47,Kolkata,India,2825446,Regular,1253,DEV_05491,1819.97
CUST_02755,30,Kolkata,India,580612,Regular,2595,DEV_04722,8785.53
CUST_02756,38,Bangalore,India,4415001,Gold,2413,DEV_01708,8115.4
CUST_02757,46,Kolkata,India,2311384,Regular,2754,DEV_09255,8105.25
CUST_02758,19,Pune,India,262144,Gold,2729,DEV_00541,1603.65
CUST_02759,62,Pune,India,4671956,Regular,2305,DEV_00789,595.59
CUST_02760,52,Chennai,India,1262234,Regular,171,DEV_09359,1138.62
CUST_02761,64,Mumbai,India,4436833,Gold,2586,DEV_05373,8500.66
CUST_02762,48,Chennai,India,3833633,Platinum,1531,DEV_04693,9540.24
CUST_02763,43,Mumbai,India,2959948,Regular,2711,DEV_05730,9158.24
CUST_02764,61,Chennai,India,2082741,Regular,203,DEV_06233,1875.33
CUST_02765,38,Delhi,India,4071170,Regular,1865,DEV_01577,9106.0
CUST_02766,31,Hyderabad,India,3087162,Corporate,1118,DEV_08450,2646.57
CUST_02767,35,Delhi,India,689023,Gold,2381,DEV_06892,838.9
CUST_02768,52,Delhi,India,4303329,Corporate,2566,DEV_04791,1569.86
CUST_02769,40,Hyderabad,India,1516348,Platinum,1248,DEV_00648,6791.86
CUST_02770,34,Pune,India,3962312,Regular,1215,DEV_09203,4632.22
CUST_02771,44,Chennai,India,3590932,Regular,1826,DEV_09061,9904.46
CUST_02772,25,Ahmedabad,India,254885,Regular,1759,DEV_04542,8477.48
CUST_02773,70,Mumbai,India,2559801,Corporate,2945,DEV_03746,7442.24
CUST_02774,50,Bangalore,India,1227917,Platinum,2936,DEV_01215,7093.68
CUST_02775,40,Pune,India,2935484,Regular,2444,DEV_07123,5718.35
CUST_02776,25,Delhi,India,722323,Regular,2652,DEV_09395,5974.33
CUST_02777,25,Pune,India,2826440,Regular,805,DEV_01238,1493.19
CUST_02778,51,Delhi,India,4608452,Regular,1263,DEV_01350,639.18
CUST_02779,37,Bangalore,India,3538588,Regular,776,DEV_04997,3384.86
CUST_02780,60,Delhi,India,4072499,Regular,1431,DEV_08796,3090.07
CUST_02781,65,Delhi,India,4365176,Platinum,2109,DEV_03668,5141.56
CUST_02782,66,Bangalore,India,4087605,Gold,2429,DEV_04600,3297.73
CUST_02783,42,Kolkata,India,364742,Regular,1580,DEV_00929,6061.7
CUST_02784,20,Bangalore,India,3416585,Gold,1838,DEV_00955,4398.88
CUST_02785,33,Kolkata,India,3642588,Regular,1701,DEV_06561,8964.34
CUST_02786,56,Hyderabad,India,3094238,Regular,576,DEV_08169,9121.41
CUST_02787,21,Hyderabad,India,4924565,Regular,106,DEV_02952,2844.93
CUST_02788,21,Chennai,India,4968133,Regular,2029,DEV_08557,5824.26
CUST_02789,33,Ahmedabad,India,3833688,Regular,2539,DEV_03899,3895.81
CUST_02790,65,Kolkata,India,2284155,Regular,843,DEV_06643,8568.68
CUST_02791,20,Hyderabad,India,397152,Regular,972,DEV_04136,3956.21
CUST_02792,20,Bangalore,India,1754827,Platinum,2829,DEV_05735,9325.96
CUST_02793,62,Bangalore,India,926464,Gold,1054,DEV_01272,7727.66
CUST_02794,66,Pune,India,2020496,Regular,1288,DEV_05296,8791.6
CUST_02795,18,Ahmedabad,India,3974235,Regular,1760,DEV_02014,4479.6
CUST_02796,42,Chennai,India,1747430,Corporate,2347,DEV_08182,9366.81
CUST_02797,26,Delhi,India,4557137,Regular,1222,DEV_08590,7599.83
CUST_02798,70,Mumbai,India,4701979,Platinum,2677,DEV_08700,4877.83
CUST_02799,64,Pune,India,1482577,Regular,731,DEV_08756,3254.89
CUST_02800,54,Ahmedabad,India,2688647,Regular,1473,DEV_04165,7588.76
CUST_02801,22,Chennai,India,1838280,Corporate,1556,DEV_04448,4493.99
CUST_02802,48,Ahmedabad,India,4702981,Platinum,204,DEV_04303,8099.75
CUST_02803,22,Bangalore,India,1881772,Corporate,335,DEV_05398,6048.5
CUST_02804,52,Bangalore,India,2605783,Regular,2664,DEV_07366,1764.58
CUST_02805,69,Chennai,India,1006130,Regular,869,DEV_02473,7359.55
CUST_02806,32,Kolkata,India,2018709,Regular,2212,DEV_08476,6328.3
CUST_02807,42,Chennai,India,2169512,Regular,2932,DEV_09815,8698.36
CUST_02808,41,Bangalore,India,2506319,Regular,2471,DEV_08958,2505.88
CUST_02809,22,Chennai,India,3056222,Gold,53,DEV_09305,8843.55
CUST_02810,32,Ahmedabad,India,4495511,Gold,2758,DEV_08623,2890.34
CUST_02811,37,Pune,India,4610335,Regular,2892,DEV_06073,4404.55
CUST_02812,36,Hyderabad,India,3800039,Regular,550,DEV_04341,9374.9
CUST_02813,23,Pune,India,3414158,Gold,105,DEV_07262,2067.89
CUST_02814,46,Ahmedabad,India,2542478,Regular,1236,DEV_04418,5360.14
CUST_02815,22,Kolkata,India,3687010,Regular,2102,DEV_09641,9006.66
CUST_02816,61,Kolkata,India,4229010,Regular,2966,DEV_06219,9201.32
CUST_02817,60,Delhi,India,3761252,Regular,964,DEV_05193,5528.11
CUST_02818,30,Mumbai,India,276653,Platinum,2646,DEV_00550,6731.96
CUST_02819,56,Chennai,India,924510,Gold,1657,DEV_02511,6823.46
CUST_02820,52,Mumbai,India,3411989,Regular,2472,DEV_03620,8001.07
CUST_02821,39,Mumbai,India,4968768,Gold,595,DEV_01645,5201.59
CUST_02822,62,Hyderabad,India,2156969,Regular,2821,DEV_05625,6853.74
CUST_02823,21,Pune,India,2548855,Corporate,1710,DEV_03212,2494.13
CUST_02824,40,Kolkata,India,817805,Gold,1143,DEV_01458,5360.82
CUST_02825,65,Mumbai,India,3110354,Platinum,2762,DEV_00896,7556.68
CUST_02826,46,Delhi,India,4427440,Gold,288,DEV_09264,8302.04
CUST_02827,58,Pune,India,2568127,Regular,521,DEV_06825,3349.12
CUST_02828,47,Mumbai,India,3596156,Gold,1448,DEV_09190,7323.6
CUST_02829,26,Ahmedabad,India,1328653,Gold,2636,DEV_01449,5363.58
CUST_02830,61,Bangalore,India,4478684,Gold,2253,DEV_05130,842.0
CUST_02831,32,Hyderabad,India,1476049,Regular,554,DEV_06062,9958.46
CUST_02832,31,Mumbai,India,544405,Regular,176,DEV_02374,5911.48
CUST_02833,22,Chennai,India,4134690,Gold,1567,DEV_03091,1183.04
CUST_02834,67,Ahmedabad,India,4043090,Regular,2202,DEV_09626,1897.13
CUST_02835,40,Hyderabad,India,3923667,Regular,2761,DEV_08968,9761.14
CUST_02836,32,Mumbai,India,4923413,Regular,2660,DEV_08215,4782.02
CUST_02837,35,Mumbai,India,1381269,Regular,1672,DEV_00514,579.57
CUST_02838,67,Ahmedabad,India,283547,Platinum,1170,DEV_03396,7772.28
CUST_02839,30,Kolkata,India,3620382,Platinum,1025,DEV_07728,742.89
CUST_02840,57,Kolkata,India,1669502,Regular,900,DEV_02698,9448.44
CUST_02841,55,Delhi,India,3619941,Regular,1166,DEV_04997,900.2
CUST_02842,65,Pune,India,637726,Platinum,2826,DEV_06531,7855.03
CUST_02843,29,Kolkata,India,2340191,Regular,161,DEV_01245,4079.8
CUST_02844,55,Ahmedabad,India,300436,Gold,1414,DEV_00498,6880.22
CUST_02845,44,Delhi,India,3198496,Regular,1705,DEV_08587,6781.94
CUST_02846,67,Delhi,India,2513001,Regular,2544,DEV_05339,5044.31
CUST_02847,43,Pune,India,2877515,Corporate,2053,DEV_02648,4996.69
CUST_02848,61,Mumbai,India,3688001,Regular,1748,DEV_08870,3138.68
CUST_02849,70,Chennai,India,3991094,Regular,973,DEV_07079,4543.88
CUST_02850,27,Mumbai,India,1212358,Regular,1420,DEV_06969,4867.22
CUST_02851,39,Chennai,India,1266839,Gold,1715,DEV_02611,9002.4
CUST_02852,70,Pune,India,2967562,Regular,1335,DEV_02170,7697.62
CUST_02853,32,Chennai,India,1985076,Regular,400,DEV_00180,4159.46
CUST_02854,67,Chennai,India,780697,Regular,2652,DEV_03257,9700.56
CUST_02855,68,Ahmedabad,India,387968,Platinum,800,DEV_07363,3537.25
CUST_02856,41,Chennai,India,1673897,Regular,1920,DEV_03501,5220.37
CUST_02857,60,Hyderabad,India,4003176,Corporate,672,DEV_00393,547.8
CUST_02858,53,Kolkata,India,3314910,Regular,68,DEV_08807,1578.71
CUST_02859,44,Ahmedabad,India,2652156,Gold,2339,DEV_05782,2320.34
CUST_02860,26,Chennai,India,3650170,Regular,533,DEV_07202,3630.66
CUST_02861,37,Chennai,India,584290,Regular,36,DEV_06575,9651.48
CUST_02862,35,Mumbai,India,682176,Regular,700,DEV_06974,6646.87
CUST_02863,52,Bangalore,India,1250965,Regular,2567,DEV_04812,8913.24
CUST_02864,32,Delhi,India,3810738,Regular,1016,DEV_02939,1663.88
CUST_02865,59,Chennai,India,3603432,Regular,2058,DEV_06396,3534.94
CUST_02866,28,Chennai,India,4178716,Gold,2443,DEV_02331,8582.9
CUST_02867,64,Mumbai,India,4615396,Platinum,2727,DEV_05160,5663.93
CUST_02868,27,Hyderabad,India,892932,Platinum,2032,DEV_09099,3612.81
CUST_02869,63,Kolkata,India,949730,Regular,2168,DEV_09425,7162.67
CUST_02870,34,Hyderabad,India,2434563,Regular,693,DEV_04542,9960.39
CUST_02871,64,Ahmedabad,India,2744816,Gold,2152,DEV_08521,837.66
CUST_02872,34,Chennai,India,4184017,Regular,1460,DEV_07318,5155.87
CUST_02873,22,Pune,India,341391,Regular,2718,DEV_00149,4726.39
CUST_02874,21,Ahmedabad,India,597866,Regular,2772,DEV_01801,9826.02
CUST_02875,50,Delhi,India,3637360,Gold,772,DEV_01590,6146.14
CUST_02876,19,Bangalore,India,3780600,Corporate,54,DEV_06061,6932.41
CUST_02877,34,Pune,India,2244713,Gold,634,DEV_02229,2440.54
CUST_02878,19,Delhi,India,4564755,Regular,91,DEV_09811,7372.88
CUST_02879,31,Kolkata,India,2201486,Regular,1724,DEV_08542,4333.61
CUST_02880,33,Bangalore,India,3471895,Regular,2702,DEV_04579,6271.8
CUST_02881,59,Hyderabad,India,4686972,Regular,1979,DEV_08352,506.09
CUST_02882,68,Hyderabad,India,335044,Regular,2710,DEV_07731,6361.7
CUST_02883,55,Hyderabad,India,3562409,Regular,1780,DEV_08674,5057.12
CUST_02884,34,Bangalore,India,565487,Corporate,2518,DEV_05405,5325.14
CUST_02885,51,Delhi,India,2444051,Gold,1494,DEV_01792,2817.59
CUST_02886,18,Kolkata,India,3385028,Corporate,1438,DEV_06627,3136.99
CUST_02887,55,Chennai,India,4139300,Corporate,107,DEV_09852,3367.39
CUST_02888,52,Pune,India,796314,Regular,209,DEV_00482,1271.38
CUST_02889,61,Delhi,India,340209,Regular,650,DEV_07779,7631.97
CUST_02890,50,Ahmedabad,India,2055963,Gold,2377,DEV_03646,1354.32
CUST_02891,62,Delhi,India,2102180,Regular,2517,DEV_05935,3303.64
CUST_02892,42,Hyderabad,India,1191547,Regular,892,DEV_01152,6454.72
CUST_02893,48,Delhi,India,1210055,Regular,1106,DEV_07184,6618.37
CUST_02894,40,Ahmedabad,India,3511388,Regular,650,DEV_01997,9578.52
CUST_02895,60,Pune,India,4136796,Gold,693,DEV_05828,6916.22
CUST_02896,28,Pune,India,466746,Corporate,1210,DEV_09772,9562.24
CUST_02897,65,Kolkata,India,4580292,Platinum,2334,DEV_08030,5027.36
CUST_02898,21,Ahmedabad,India,4311729,Regular,2905,DEV_03215,8971.33
CUST_02899,49,Kolkata,India,3950369,Corporate,35,DEV_01528,5372.0
CUST_02900,37,Chennai,India,4053983,Regular,830,DEV_01800,9365.33
CUST_02901,38,Pune,India,4992517,Gold,257,DEV_08551,6371.57
CUST_02902,38,Kolkata,India,3693847,Regular,2913,DEV_07013,3176.45
CUST_02903,57,Chennai,India,4876591,Gold,2132,DEV_09608,3322.93
CUST_02904,18,Kolkata,India,1952307,Regular,391,DEV_03731,1943.21
CUST_02905,67,Pune,India,2748196,Gold,814,DEV_09363,3320.57
CUST_02906,54,Pune,India,3227705,Platinum,804,DEV_00023,3141.55
CUST_02907,38,Delhi,India,880448,Regular,2291,DEV_02366,5781.91
CUST_02908,32,Hyderabad,India,4173308,Regular,129,DEV_04081,6819.24
CUST_02909,63,Hyderabad,India,2112643,Regular,111,DEV_06789,7604.95
CUST_02910,59,Delhi,India,2127868,Platinum,679,DEV_05142,2628.04
CUST_02911,44,Chennai,India,3981009,Regular,2535,DEV_05845,2147.23
CUST_02912,33,Pune,India,2679207,Regular,671,DEV_01178,6232.29
CUST_02913,62,Delhi,India,3249986,Gold,459,DEV_09800,6760.49
CUST_02914,38,Bangalore,India,1299676,Gold,858,DEV_00282,4213.21
CUST_02915,41,Chennai,India,4735164,Gold,2197,DEV_07850,2402.0
CUST_02916,20,Kolkata,India,2148711,Gold,1501,DEV_09024,2194.62
CUST_02917,57,Kolkata,India,777086,Regular,2923,DEV_01377,915.91
CUST_02918,59,Mumbai,India,1530644,Platinum,184,DEV_01117,8480.59
CUST_02919,52,Ahmedabad,India,1171477,Regular,2539,DEV_03574,9021.45
CUST_02920,58,Delhi,India,3267259,Regular,2198,DEV_06013,5231.66
CUST_02921,50,Chennai,India,3961650,Regular,2646,DEV_02877,2045.07
CUST_02922,51,Pune,India,3463360,Regular,1150,DEV_01244,9536.97
CUST_02923,27,Ahmedabad,India,2458610,Regular,678,DEV_02108,2545.11
CUST_02924,31,Mumbai,India,3981992,Regular,1388,DEV_06628,2017.5
CUST_02925,41,Bangalore,India,3100303,Regular,2158,DEV_00133,8468.22
CUST_02926,68,Pune,India,642905,Regular,607,DEV_09025,7823.22
CUST_02927,33,Pune,India,4815770,Platinum,1513,DEV_02335,3779.9
CUST_02928,34,Pune,India,3702052,Gold,2938,DEV_06389,812.68
CUST_02929,19,Mumbai,India,3464352,Regular,1000,DEV_08491,7093.03
CUST_02930,57,Hyderabad,India,3827885,Regular,1187,DEV_09314,5687.71
CUST_02931,59,Hyderabad,India,4815609,Regular,2576,DEV_06367,2660.59
CUST_02932,28,Pune,India,2958103,Regular,2459,DEV_03484,7693.07
CUST_02933,23,Delhi,India,2575469,Gold,568,DEV_07300,8076.27
CUST_02934,44,Hyderabad,India,3604546,Gold,1811,DEV_00570,4731.1
CUST_02935,28,Chennai,India,4306008,Regular,1490,DEV_09612,5951.2
CUST_02936,39,Mumbai,India,539203,Gold,714,DEV_08757,7577.27
CUST_02937,43,Ahmedabad,India,4470886,Platinum,2518,DEV_02533,1711.74
CUST_02938,19,Delhi,India,3758825,Platinum,1341,DEV_02018,4401.59
CUST_02939,21,Hyderabad,India,928588,Regular,2354,DEV_09230,8127.4
CUST_02940,57,Mumbai,India,4926934,Regular,1212,DEV_09483,7011.64
CUST_02941,47,Pune,India,4239603,Corporate,2562,DEV_02513,2929.29
CUST_02942,51,Delhi,India,3270642,Regular,477,DEV_06947,963.61
CUST_02943,70,Ahmedabad,India,1475213,Regular,895,DEV_01237,2137.0
CUST_02944,37,Ahmedabad,India,1087545,Corporate,2078,DEV_06705,2042.19
CUST_02945,40,Delhi,India,2117657,Regular,2174,DEV_09247,7934.87
CUST_02946,57,Bangalore,India,3593750,Regular,745,DEV_08265,6068.98
CUST_02947,19,Mumbai,India,1730012,Gold,1609,DEV_05998,5760.71
CUST_02948,26,Mumbai,India,2763733,Gold,2438,DEV_01971,4967.3
CUST_02949,65,Hyderabad,India,2858263,Corporate,2488,DEV_01589,5651.36
CUST_02950,49,Kolkata,India,1322151,Regular,1651,DEV_06745,4679.61
CUST_02951,53,Kolkata,India,4056295,Regular,2663,DEV_07914,1545.55
CUST_02952,23,Mumbai,India,4620162,Corporate,2964,DEV_08129,3329.42
CUST_02953,41,Delhi,India,3817322,Regular,2738,DEV_05747,6476.16
CUST_02954,27,Kolkata,India,3104788,Regular,2592,DEV_09395,3154.47
CUST_02955,64,Delhi,India,4609686,Regular,1123,DEV_01005,7006.44
CUST_02956,28,Bangalore,India,3826233,Regular,2317,DEV_02266,5213.96
CUST_02957,60,Bangalore,India,1768902,Gold,836,DEV_07919,2553.35
CUST_02958,40,Pune,India,1366103,Gold,2250,DEV_08156,6417.61
CUST_02959,51,Bangalore,India,4060227,Regular,580,DEV_01962,7043.99
CUST_02960,48,Ahmedabad,India,1448531,Regular,1271,DEV_08792,581.13
CUST_02961,58,Bangalore,India,1913360,Regular,1344,DEV_08705,1883.03
CUST_02962,52,Pune,India,348098,Gold,2605,DEV_06444,9822.54
CUST_02963,35,Chennai,India,635573,Gold,1351,DEV_06688,4089.73
CUST_02964,69,Hyderabad,India,440279,Regular,950,DEV_04023,1490.81
CUST_02965,45,Hyderabad,India,801823,Regular,96,DEV_05979,7287.54
CUST_02966,35,Mumbai,India,312214,Regular,1552,DEV_01639,9461.1
CUST_02967,41,Chennai,India,4382746,Regular,437,DEV_08237,8235.51
CUST_02968,62,Kolkata,India,3549585,Corporate,944,DEV_05811,4178.65
CUST_02969,59,Delhi,India,3002252,Gold,1076,DEV_08221,560.96
CUST_02970,28,Delhi,India,4999663,Regular,2545,DEV_03050,9051.05
CUST_02971,28,Delhi,India,2762825,Corporate,1352,DEV_03103,512.35
CUST_02972,31,Mumbai,India,1275618,Regular,2971,DEV_02806,1492.66
CUST_02973,43,Hyderabad,India,2545383,Gold,723,DEV_03729,7788.82
CUST_02974,42,Kolkata,India,3630354,Corporate,852,DEV_00277,2577.43
CUST_02975,70,Kolkata,India,4175141,Regular,2866,DEV_04492,9040.83
CUST_02976,30,Bangalore,India,1111475,Regular,1683,DEV_00734,5014.96
CUST_02977,51,Hyderabad,India,4180691,Regular,2284,DEV_05813,4542.51
CUST_02978,35,Pune,India,475886,Gold,963,DEV_04438,5086.41
CUST_02979,69,Ahmedabad,India,686784,Gold,2749,DEV_04282,7868.26
CUST_02980,24,Chennai,India,4293174,Regular,1628,DEV_08757,3162.95
CUST_02981,44,Hyderabad,India,720839,Regular,2350,DEV_07018,9057.67
CUST_02982,28,Hyderabad,India,1109026,Regular,1181,DEV_08981,3581.96
CUST_02983,50,Bangalore,India,372722,Regular,2404,DEV_06231,9094.14
CUST_02984,32,Bangalore,India,1116152,Regular,1055,DEV_03815,2273.39
CUST_02985,23,Bangalore,India,573626,Platinum,427,DEV_07883,743.47
CUST_02986,19,Chennai,India,2234486,Regular,1253,DEV_08949,2123.54
CUST_02987,38,Delhi,India,4703514,Corporate,2742,DEV_00407,7625.12
CUST_02988,45,Ahmedabad,India,2185912,Gold,1463,DEV_00042,5046.71
CUST_02989,46,Delhi,India,3666182,Regular,646,DEV_02590,8585.67
CUST_02990,63,Delhi,India,4902613,Regular,947,DEV_06020,4842.94
CUST_02991,51,Pune,India,1496930,Platinum,1004,DEV_04641,2576.37
CUST_02992,38,Delhi,India,2703076,Regular,2358,DEV_01728,8302.09
CUST_02993,65,Chennai,India,2858401,Regular,115,DEV_08634,8380.38
CUST_02994,26,Kolkata,India,3363926,Regular,1513,DEV_05333,6784.16
CUST_02995,33,Mumbai,India,2625884,Regular,2764,DEV_04502,4613.72
CUST_02996,69,Kolkata,India,4570189,Platinum,180,DEV_05616,5409.88
CUST_02997,48,Pune,India,2766394,Regular,2058,DEV_02102,5651.42
CUST_02998,21,Kolkata,India,3467156,Regular,1693,DEV_02497,3736.86
CUST_02999,48,Kolkata,India,1641372,Regular,562,DEV_04505,8539.92
CUST_03000,57,Hyderabad,India,1096336,Regular,792,DEV_01369,531.61
CUST_03001,54,Pune,India,592694,Regular,2681,DEV_04872,7022.66
CUST_03002,20,Mumbai,India,388599,Regular,2934,DEV_04455,7901.24
CUST_03003,43,Pune,India,2610993,Platinum,767,DEV_04285,8119.35
CUST_03004,29,Mumbai,India,615582,Corporate,1727,DEV_04222,3350.11
CUST_03005,21,Kolkata,India,1168950,Regular,704,DEV_09931,2729.72
CUST_03006,40,Kolkata,India,2105299,Corporate,1724,DEV_03140,7824.91
CUST_03007,35,Hyderabad,India,3416366,Gold,2009,DEV_02198,3022.09
CUST_03008,52,Mumbai,India,2861026,Gold,951,DEV_00561,9236.25
CUST_03009,69,Pune,India,1236367,Platinum,2301,DEV_07740,3943.91
CUST_03010,63,Hyderabad,India,2543938,Regular,2979,DEV_00591,7338.37
CUST_03011,55,Ahmedabad,India,2314570,Regular,436,DEV_07490,991.21
CUST_03012,62,Mumbai,India,2724572,Gold,1778,DEV_00376,7898.69
CUST_03013,64,Mumbai,India,2255867,Regular,86,DEV_08392,7312.75
CUST_03014,65,Ahmedabad,India,1781118,Regular,1216,DEV_00597,6411.82
CUST_03015,53,Pune,India,4736398,Gold,2700,DEV_07965,6828.31
CUST_03016,64,Hyderabad,India,866167,Gold,2146,DEV_07122,9768.36
CUST_03017,66,Delhi,India,465258,Regular,1559,DEV_00352,2334.32
CUST_03018,19,Ahmedabad,India,2640884,Regular,1692,DEV_04007,5554.82
CUST_03019,20,Delhi,India,3951387,Regular,938,DEV_05086,3283.52
CUST_03020,38,Hyderabad,India,1095242,Corporate,665,DEV_03515,4838.42
CUST_03021,27,Mumbai,India,3902719,Regular,1329,DEV_02792,6360.67
CUST_03022,21,Chennai,India,4873608,Regular,1679,DEV_08790,3575.66
CUST_03023,43,Hyderabad,India,3222823,Corporate,1233,DEV_06175,3456.5
CUST_03024,29,Bangalore,India,3600959,Platinum,2932,DEV_05628,3709.54
CUST_03025,66,Pune,India,2248826,Corporate,2678,DEV_08808,3553.93
CUST_03026,26,Kolkata,India,3837485,Regular,84,DEV_01780,1870.77
CUST_03027,48,Bangalore,India,2113128,Platinum,946,DEV_05781,7317.93
CUST_03028,37,Bangalore,India,1283901,Regular,462,DEV_06895,9434.54
CUST_03029,19,Mumbai,India,4522535,Gold,2758,DEV_02359,7981.9
CUST_03030,65,Kolkata,India,2095215,Gold,1589,DEV_06366,7894.87
CUST_03031,34,Ahmedabad,India,3278266,Regular,2151,DEV_09807,9253.23
CUST_03032,49,Bangalore,India,530774,Gold,606,DEV_02155,7831.84
CUST_03033,43,Chennai,India,3105065,Gold,514,DEV_00320,7669.51
CUST_03034,62,Bangalore,India,265414,Gold,1211,DEV_09360,6086.45
CUST_03035,54,Delhi,India,788061,Gold,315,DEV_00150,7822.43
CUST_03036,24,Chennai,India,363250,Corporate,550,DEV_03615,6101.68
CUST_03037,35,Hyderabad,India,4285500,Regular,876,DEV_07375,8419.86
CUST_03038,44,Bangalore,India,509443,Regular,636,DEV_05758,3007.86
CUST_03039,46,Kolkata,India,1622255,Regular,1663,DEV_04067,9400.72
CUST_03040,42,Kolkata,India,3971817,Regular,2740,DEV_05240,4514.84
CUST_03041,39,Chennai,India,3757299,Gold,1039,DEV_08711,2948.02
CUST_03042,59,Bangalore,India,468883,Platinum,1519,DEV_04025,2535.73
CUST_03043,45,Delhi,India,1079190,Regular,2896,DEV_03905,3957.96
CUST_03044,54,Bangalore,India,471369,Regular,1170,DEV_04661,4375.82
CUST_03045,25,Bangalore,India,4266727,Gold,610,DEV_05732,7250.49
CUST_03046,18,Chennai,India,3557953,Regular,701,DEV_01113,7067.0
CUST_03047,45,Mumbai,India,4188299,Gold,1811,DEV_07202,2835.18
CUST_03048,70,Chennai,India,1884862,Corporate,1495,DEV_09756,1684.01
CUST_03049,33,Mumbai,India,4075357,Regular,1991,DEV_00170,7521.18
CUST_03050,53,Chennai,India,1400895,Regular,1021,DEV_00003,2396.76
CUST_03051,44,Pune,India,278478,Regular,2746,DEV_03294,4678.48
CUST_03052,34,Mumbai,India,4727636,Gold,1455,DEV_03311,1899.83
CUST_03053,58,Hyderabad,India,3863597,Gold,33,DEV_06257,7301.36
CUST_03054,67,Chennai,India,4359617,Gold,2908,DEV_07910,6478.0
CUST_03055,68,Mumbai,India,1822940,Gold,392,DEV_05342,2785.04
CUST_03056,63,Mumbai,India,2622269,Regular,2327,DEV_01133,1795.56
CUST_03057,61,Bangalore,India,3466168,Regular,2796,DEV_03942,5971.48
CUST_03058,44,Bangalore,India,569856,Platinum,2080,DEV_03949,8295.96
CUST_03059,42,Delhi,India,549886,Regular,434,DEV_05888,9206.75
CUST_03060,55,Hyderabad,India,3834177,Regular,432,DEV_01929,4508.66
CUST_03061,30,Kolkata,India,2622768,Regular,777,DEV_00889,7174.6
CUST_03062,42,Mumbai,India,4307920,Gold,2494,DEV_07677,4312.0
CUST_03063,30,Pune,India,396285,Regular,2183,DEV_00409,6633.2
CUST_03064,37,Kolkata,India,479035,Platinum,1730,DEV_01874,6518.23
CUST_03065,21,Mumbai,India,4719464,Gold,1335,DEV_08643,9065.02
CUST_03066,59,Kolkata,India,3772935,Regular,2044,DEV_02792,5374.57
CUST_03067,33,Bangalore,India,1536171,Regular,1074,DEV_05500,6472.46
CUST_03068,68,Ahmedabad,India,4431481,Regular,1409,DEV_07520,2503.19
CUST_03069,60,Kolkata,India,1122186,Platinum,2879,DEV_02502,3218.08
CUST_03070,54,Bangalore,India,2622471,Regular,1246,DEV_07456,2794.38
CUST_03071,54,Chennai,India,3948195,Regular,2215,DEV_05994,3504.09
CUST_03072,30,Hyderabad,India,3076662,Regular,446,DEV_03752,5142.62
CUST_03073,25,Mumbai,India,3838450,Platinum,963,DEV_02204,3210.6
CUST_03074,35,Chennai,India,2272574,Regular,503,DEV_08908,2084.52
CUST_03075,43,Hyderabad,India,577598,Gold,871,DEV_00706,3483.06
CUST_03076,55,Kolkata,India,608412,Gold,1587,DEV_01755,7992.11
CUST_03077,51,Pune,India,2653856,Gold,1591,DEV_02503,4790.1
CUST_03078,29,Hyderabad,India,2462067,Regular,2471,DEV_03129,4715.18
CUST_03079,70,Ahmedabad,India,811437,Regular,2659,DEV_08715,9774.95
CUST_03080,57,Kolkata,India,1868894,Regular,892,DEV_04325,8834.29
CUST_03081,56,Delhi,India,2981010,Gold,2471,DEV_04283,3917.63
CUST_03082,28,Bangalore,India,3147987,Gold,714,DEV_04614,7900.63
CUST_03083,32,Chennai,India,3739923,Gold,1532,DEV_09162,3686.74
CUST_03084,70,Mumbai,India,4297049,Regular,1371,DEV_05875,8008.53
CUST_03085,27,Hyderabad,India,1779777,Regular,2602,DEV_07193,6269.93
CUST_03086,39,Chennai,India,4293220,Regular,314,DEV_04410,6634.03
CUST_03087,58,Mumbai,India,4636552,Regular,242,DEV_09966,8747.78
CUST_03088,22,Hyderabad,India,3649875,Regular,2632,DEV_09174,5253.76
CUST_03089,58,Bangalore,India,3896480,Gold,2130,DEV_03387,5103.97
CUST_03090,70,Chennai,India,2909020,Regular,2170,DEV_03196,5537.65
CUST_03091,68,Ahmedabad,India,2996292,Regular,1414,DEV_06188,3360.97
CUST_03092,61,Hyderabad,India,1014169,Corporate,1311,DEV_03680,2902.51
CUST_03093,62,Delhi,India,1890601,Regular,1357,DEV_09058,1841.89
CUST_03094,30,Ahmedabad,India,4879778,Gold,33,DEV_06753,5647.07
CUST_03095,59,Hyderabad,India,1520249,Corporate,1184,DEV_05058,2701.89
CUST_03096,39,Delhi,India,4339821,Regular,1912,DEV_02155,9550.95
CUST_03097,27,Delhi,India,2931060,Gold,1513,DEV_01438,5101.63
CUST_03098,38,Hyderabad,India,3814685,Regular,1231,DEV_06906,2517.5
CUST_03099,60,Hyderabad,India,3979139,Regular,378,DEV_04258,3784.96
CUST_03100,28,Ahmedabad,India,2765587,Regular,512,DEV_03552,8222.58
CUST_03101,62,Bangalore,India,566952,Platinum,55,DEV_06090,3243.5
CUST_03102,19,Delhi,India,3450562,Regular,1687,DEV_08753,2173.57
CUST_03103,50,Pune,India,3232295,Regular,1245,DEV_06112,2981.25
CUST_03104,57,Ahmedabad,India,4682425,Regular,711,DEV_09948,4098.75
CUST_03105,46,Delhi,India,1492541,Gold,720,DEV_06695,2845.53
CUST_03106,26,Kolkata,India,1902206,Regular,1578,DEV_00149,7849.15
CUST_03107,32,Hyderabad,India,3559291,Regular,1979,DEV_01905,9170.67
CUST_03108,51,Ahmedabad,India,4584464,Regular,910,DEV_08828,5007.36
CUST_03109,54,Chennai,India,2306030,Regular,1544,DEV_00093,4455.9
CUST_03110,48,Hyderabad,India,1172645,Regular,494,DEV_04799,1860.85
CUST_03111,56,Pune,India,2928980,Regular,2173,DEV_01692,2685.86
CUST_03112,57,Pune,India,1010490,Regular,1941,DEV_09516,6465.08
CUST_03113,34,Kolkata,India,4158097,Regular,1339,DEV_07033,3902.96
CUST_03114,47,Pune,India,450092,Gold,1765,DEV_02729,3578.43
CUST_03115,59,Pune,India,4143997,Regular,295,DEV_03834,3425.78
CUST_03116,44,Delhi,India,2004867,Gold,2472,DEV_07344,5693.11
CUST_03117,39,Pune,India,3544357,Corporate,1415,DEV_09760,4452.98
CUST_03118,32,Hyderabad,India,2599039,Regular,841,DEV_05645,6488.46
CUST_03119,38,Ahmedabad,India,4633613,Regular,1106,DEV_06872,8712.41
CUST_03120,41,Bangalore,India,2844099,Corporate,2773,DEV_06703,6676.42
CUST_03121,69,Pune,India,1357494,Gold,466,DEV_01694,2737.18
CUST_03122,21,Chennai,India,3307700,Regular,736,DEV_06485,3777.48
CUST_03123,47,Chennai,India,941803,Gold,1606,DEV_07172,5620.4
CUST_03124,49,Bangalore,India,954586,Gold,130,DEV_08493,7334.23
CUST_03125,40,Delhi,India,1363869,Platinum,2315,DEV_03278,1554.16
CUST_03126,53,Ahmedabad,India,598768,Gold,84,DEV_01523,3180.78
CUST_03127,46,Delhi,India,2717530,Gold,43,DEV_06456,7879.02
CUST_03128,54,Bangalore,India,2519688,Regular,116,DEV_03810,1394.23
CUST_03129,61,Mumbai,India,4727130,Regular,1458,DEV_09421,1180.43
CUST_03130,42,Hyderabad,India,4722678,Regular,1152,DEV_03598,7377.77
CUST_03131,62,Delhi,India,3390719,Regular,2479,DEV_08592,5754.7
CUST_03132,24,Chennai,India,1664234,Gold,2822,DEV_01432,2806.9
CUST_03133,62,Hyderabad,India,3551103,Regular,2878,DEV_01530,4873.84
CUST_03134,19,Mumbai,India,4109407,Gold,2225,DEV_09479,8091.6
CUST_03135,37,Chennai,India,4146133,Corporate,428,DEV_09231,4380.48
CUST_03136,18,Chennai,India,3156508,Gold,2920,DEV_07566,4270.89
CUST_03137,36,Delhi,India,2875956,Gold,948,DEV_06785,5873.61
CUST_03138,30,Kolkata,India,2638966,Regular,1877,DEV_05649,9842.56
CUST_03139,53,Bangalore,India,977506,Gold,1732,DEV_09133,7280.91
CUST_03140,36,Delhi,India,263912,Platinum,1110,DEV_01415,2183.9
CUST_03141,30,Hyderabad,India,1937112,Platinum,1262,DEV_05513,1172.58
CUST_03142,52,Pune,India,2187910,Regular,2984,DEV_00426,2109.84
CUST_03143,51,Ahmedabad,India,2680890,Regular,1678,DEV_04003,8364.93
CUST_03144,53,Hyderabad,India,780042,Regular,1991,DEV_06738,2997.13
CUST_03145,32,Mumbai,India,2537714,Regular,1656,DEV_00691,2597.13
CUST_03146,63,Hyderabad,India,1076141,Regular,2041,DEV_01862,8366.18
CUST_03147,48,Ahmedabad,India,4074743,Regular,2860,DEV_00118,8660.59
CUST_03148,29,Delhi,India,3066341,Regular,2319,DEV_05402,521.56
CUST_03149,21,Delhi,India,2762322,Regular,1649,DEV_09389,8855.33
CUST_03150,43,Pune,India,4867465,Regular,2470,DEV_07310,653.65
CUST_03151,62,Bangalore,India,2475636,Regular,1239,DEV_04759,5711.07
CUST_03152,39,Chennai,India,2445217,Regular,1935,DEV_02836,4756.69
CUST_03153,20,Hyderabad,India,3185166,Regular,1246,DEV_03811,981.89
CUST_03154,33,Hyderabad,India,4764600,Regular,2910,DEV_08052,4318.92
CUST_03155,55,Mumbai,India,1487287,Regular,319,DEV_05923,7047.06
CUST_03156,28,Chennai,India,1795424,Regular,2063,DEV_03294,3572.0
CUST_03157,36,Delhi,India,1646947,Regular,2799,DEV_08410,9996.36
CUST_03158,22,Ahmedabad,India,3645327,Regular,1223,DEV_00712,5812.31
CUST_03159,24,Chennai,India,1946171,Regular,2580,DEV_09299,1691.45
CUST_03160,45,Bangalore,India,2160530,Regular,255,DEV_07392,3931.99
CUST_03161,53,Kolkata,India,1566046,Regular,538,DEV_05772,1696.93
CUST_03162,27,Chennai,India,1167046,Gold,728,DEV_05926,4283.46
CUST_03163,55,Ahmedabad,India,4490253,Regular,2505,DEV_06141,3312.45
CUST_03164,42,Mumbai,India,2063083,Regular,1945,DEV_09322,3112.0
CUST_03165,30,Hyderabad,India,1921739,Regular,1042,DEV_09000,9973.89
CUST_03166,32,Delhi,India,3697028,Regular,232,DEV_01818,2058.21
CUST_03167,53,Ahmedabad,India,1778318,Regular,136,DEV_08597,2727.28
CUST_03168,43,Mumbai,India,3747483,Gold,2318,DEV_06223,9297.37
CUST_03169,35,Chennai,India,2876396,Regular,76,DEV_02407,4768.15
CUST_03170,48,Chennai,India,3091244,Gold,2501,DEV_04709,2889.46
CUST_03171,34,Ahmedabad,India,618745,Regular,1895,DEV_09313,2918.4
CUST_03172,61,Chennai,India,1573727,Regular,802,DEV_07585,7291.56
CUST_03173,41,Ahmedabad,India,4028018,Regular,1399,DEV_05684,6963.88
CUST_03174,26,Pune,India,2200587,Regular,2015,DEV_09136,6241.44
CUST_03175,20,Ahmedabad,India,3921940,Corporate,80,DEV_08105,4498.15
CUST_03176,28,Bangalore,India,4891664,Gold,1175,DEV_03725,5844.93
CUST_03177,31,Ahmedabad,India,4934983,Regular,530,DEV_01023,4474.05
CUST_03178,53,Chennai,India,4885467,Regular,2695,DEV_01565,5868.29
CUST_03179,21,Pune,India,4326028,Regular,2795,DEV_08469,4953.46
CUST_03180,64,Bangalore,India,763922,Platinum,2841,DEV_02190,3428.46
CUST_03181,61,Kolkata,India,372578,Gold,2101,DEV_02848,9311.07
CUST_03182,60,Mumbai,India,624569,Regular,538,DEV_03229,2139.91
CUST_03183,19,Delhi,India,2960965,Regular,526,DEV_09717,8273.29
CUST_03184,68,Delhi,India,4999394,Regular,1528,DEV_03330,3048.08
CUST_03185,20,Pune,India,3668194,Regular,773,DEV_06887,4128.6
CUST_03186,64,Kolkata,India,4959798,Platinum,1019,DEV_01318,2341.93
CUST_03187,41,Delhi,India,3908544,Regular,703,DEV_03334,5770.66
CUST_03188,56,Chennai,India,1787124,Regular,592,DEV_04969,1822.38
CUST_03189,41,Hyderabad,India,4506354,Gold,2751,DEV_00693,523.33
CUST_03190,67,Ahmedabad,India,2125931,Gold,1072,DEV_08041,4099.65
CUST_03191,28,Delhi,India,3731898,Platinum,1810,DEV_00281,7149.83
CUST_03192,48,Delhi,India,1638348,Regular,2952,DEV_01507,4235.34
CUST_03193,34,Bangalore,India,2926296,Platinum,284,DEV_03339,1645.59
CUST_03194,69,Bangalore,India,268077,Regular,575,DEV_06436,6097.13
CUST_03195,29,Bangalore,India,4514816,Regular,2812,DEV_07544,7388.7
CUST_03196,53,Delhi,India,206658,Gold,1132,DEV_09646,5753.69
CUST_03197,29,Delhi,India,1838703,Regular,1522,DEV_02989,8683.93
CUST_03198,19,Pune,India,3976567,Regular,317,DEV_08853,7546.49
CUST_03199,21,Ahmedabad,India,2734417,Regular,381,DEV_00621,695.81
CUST_03200,27,Hyderabad,India,3521162,Corporate,2514,DEV_05096,9612.3
CUST_03201,40,Bangalore,India,2439098,Regular,2062,DEV_05051,1297.28
CUST_03202,37,Bangalore,India,1953225,Gold,1024,DEV_04566,3483.29
CUST_03203,34,Chennai,India,607690,Platinum,124,DEV_02460,3771.43
CUST_03204,41,Chennai,India,4901476,Regular,1261,DEV_07155,5776.34
CUST_03205,29,Mumbai,India,760763,Platinum,1994,DEV_02464,4822.41
CUST_03206,38,Bangalore,India,3656454,Regular,1425,DEV_05551,9723.74
CUST_03207,38,Ahmedabad,India,3796783,Gold,1491,DEV_04278,547.35
CUST_03208,33,Ahmedabad,India,1193682,Regular,194,DEV_03587,1977.21
CUST_03209,50,Ahmedabad,India,3436890,Regular,111,DEV_02020,1512.35
CUST_03210,41,Mumbai,India,2754645,Regular,1867,DEV_01011,3050.1
CUST_03211,32,Chennai,India,2939589,Regular,947,DEV_08157,6125.77
CUST_03212,45,Chennai,India,1180842,Regular,46,DEV_05776,3712.5
CUST_03213,45,Mumbai,India,1210540,Regular,2401,DEV_08558,717.81
CUST_03214,28,Chennai,India,3198531,Gold,1786,DEV_05187,9701.33
CUST_03215,34,Chennai,India,1237793,Regular,2018,DEV_06738,1272.27
CUST_03216,19,Kolkata,India,262914,Gold,1109,DEV_04516,7438.13
CUST_03217,64,Bangalore,India,4639281,Corporate,684,DEV_04445,8146.29
CUST_03218,62,Delhi,India,3713157,Regular,787,DEV_07556,1190.19
CUST_03219,23,Bangalore,India,2741706,Platinum,326,DEV_07057,3624.5
CUST_03220,30,Chennai,India,2967640,Regular,310,DEV_04320,857.51
CUST_03221,29,Mumbai,India,266629,Platinum,821,DEV_00781,3184.88
CUST_03222,64,Mumbai,India,1339821,Regular,2426,DEV_04882,1795.33
CUST_03223,43,Ahmedabad,India,3921394,Gold,214,DEV_00566,8705.99
CUST_03224,42,Mumbai,India,3518156,Regular,205,DEV_04063,6886.34
CUST_03225,61,Pune,India,3072224,Corporate,1450,DEV_01187,2173.29
CUST_03226,55,Ahmedabad,India,3185307,Gold,2247,DEV_05717,2797.76
CUST_03227,26,Chennai,India,3452439,Gold,406,DEV_01993,7580.46
CUST_03228,69,Pune,India,1720700,Gold,2131,DEV_06189,7590.23
CUST_03229,26,Bangalore,India,3557823,Corporate,2894,DEV_01489,8328.04
CUST_03230,19,Pune,India,4477925,Regular,121,DEV_05168,4395.6
CUST_03231,40,Pune,India,4464802,Platinum,1749,DEV_01881,4940.97
CUST_03232,70,Chennai,India,4861410,Corporate,1423,DEV_09214,9263.21
CUST_03233,20,Hyderabad,India,1072959,Regular,972,DEV_05884,7623.8
CUST_03234,65,Chennai,India,628375,Regular,2297,DEV_07305,2724.09
CUST_03235,46,Pune,India,3817739,Regular,2408,DEV_02177,2749.96
CUST_03236,57,Chennai,India,2895456,Regular,2202,DEV_01320,2825.67
CUST_03237,36,Mumbai,India,3211695,Corporate,2659,DEV_08618,2698.53
CUST_03238,43,Mumbai,India,880225,Regular,328,DEV_05958,5528.65
CUST_03239,41,Hyderabad,India,2599067,Gold,882,DEV_09438,996.49
CUST_03240,54,Chennai,India,4077736,Regular,1179,DEV_02071,2626.4
CUST_03241,40,Ahmedabad,India,2647625,Corporate,2477,DEV_08974,552.47
CUST_03242,59,Chennai,India,1135567,Gold,533,DEV_00778,6785.5
CUST_03243,51,Ahmedabad,India,4828054,Platinum,238,DEV_05021,8957.36
CUST_03244,42,Mumbai,India,1340490,Regular,732,DEV_09158,7010.47
CUST_03245,64,Pune,India,238597,Regular,1023,DEV_05779,2691.07
CUST_03246,60,Delhi,India,1749537,Regular,1682,DEV_08482,5549.89
CUST_03247,27,Bangalore,India,478903,Regular,1600,DEV_09086,9913.83
CUST_03248,18,Bangalore,India,3211572,Regular,1570,DEV_01714,9949.11
CUST_03249,65,Bangalore,India,1356795,Gold,406,DEV_09774,6164.49
CUST_03250,52,Pune,India,1379967,Gold,1641,DEV_06004,5013.24
CUST_03251,31,Kolkata,India,3729992,Regular,1075,DEV_07337,1762.73
CUST_03252,48,Pune,India,4673633,Regular,1067,DEV_02252,7547.24
CUST_03253,61,Pune,India,2270630,Regular,918,DEV_00940,2125.77
CUST_03254,51,Pune,India,1154725,Gold,238,DEV_02844,5547.75
CUST_03255,53,Kolkata,India,942035,Platinum,158,DEV_04544,974.65
CUST_03256,46,Mumbai,India,2997032,Regular,419,DEV_06045,6517.03
CUST_03257,52,Mumbai,India,1294183,Regular,1406,DEV_06531,6023.43
CUST_03258,52,Delhi,India,456924,Platinum,953,DEV_09427,3571.53
CUST_03259,23,Kolkata,India,3576906,Regular,1329,DEV_03865,910.11
CUST_03260,23,Chennai,India,4851575,Regular,1037,DEV_04398,8686.51
CUST_03261,61,Hyderabad,India,3736185,Regular,1219,DEV_05345,5920.28
CUST_03262,38,Ahmedabad,India,1355157,Regular,1747,DEV_07282,6522.31
CUST_03263,31,Mumbai,India,1914311,Regular,1369,DEV_08545,6149.21
CUST_03264,67,Hyderabad,India,1759774,Regular,185,DEV_02012,1008.43
CUST_03265,49,Hyderabad,India,1586335,Regular,2537,DEV_06872,4054.28
CUST_03266,33,Ahmedabad,India,1880926,Regular,2049,DEV_01914,6919.61
CUST_03267,58,Mumbai,India,3146037,Regular,2550,DEV_09337,6403.3
CUST_03268,52,Kolkata,India,2511650,Regular,1576,DEV_04486,9264.19
CUST_03269,49,Bangalore,India,4386404,Corporate,1206,DEV_09225,9640.03
CUST_03270,54,Pune,India,2237021,Corporate,1677,DEV_07534,2736.17
CUST_03271,60,Chennai,India,591523,Regular,1716,DEV_01122,5949.26
CUST_03272,46,Hyderabad,India,2278931,Regular,81,DEV_09730,2042.75
CUST_03273,49,Ahmedabad,India,4530951,Platinum,2824,DEV_09423,1041.09
CUST_03274,62,Mumbai,India,3237781,Regular,796,DEV_05573,5966.82
CUST_03275,64,Pune,India,4459549,Regular,320,DEV_00579,6275.36
CUST_03276,54,Hyderabad,India,1000515,Regular,1698,DEV_04953,9332.09
CUST_03277,59,Delhi,India,4847268,Platinum,479,DEV_07405,6355.28
CUST_03278,23,Ahmedabad,India,3586566,Regular,416,DEV_01648,1350.58
CUST_03279,24,Bangalore,India,1650557,Regular,1142,DEV_05858,8780.82
CUST_03280,42,Bangalore,India,4977625,Regular,887,DEV_09102,3772.43
CUST_03281,63,Ahmedabad,India,1958515,Regular,2439,DEV_07664,8295.64
CUST_03282,52,Hyderabad,India,1464711,Regular,2921,DEV_02944,4213.77
CUST_03283,61,Mumbai,India,1154206,Corporate,429,DEV_04522,4996.74
CUST_03284,51,Delhi,India,2216620,Gold,245,DEV_03408,1548.4
CUST_03285,29,Chennai,India,2047137,Gold,2643,DEV_01655,9404.12
CUST_03286,62,Mumbai,India,2762939,Regular,2754,DEV_03082,7971.97
CUST_03287,53,Ahmedabad,India,2956959,Regular,1342,DEV_03341,7648.32
CUST_03288,60,Delhi,India,933455,Platinum,703,DEV_06268,3492.07
CUST_03289,42,Kolkata,India,1646753,Gold,2720,DEV_09938,5115.33
CUST_03290,23,Delhi,India,3636834,Regular,2138,DEV_09317,7388.1
CUST_03291,26,Pune,India,2913786,Regular,2739,DEV_08209,8894.08
CUST_03292,59,Hyderabad,India,4593789,Platinum,472,DEV_05806,9674.66
CUST_03293,43,Mumbai,India,3110619,Platinum,215,DEV_01634,5427.16
CUST_03294,63,Mumbai,India,4390873,Regular,1014,DEV_04416,1398.84
CUST_03295,40,Bangalore,India,593711,Corporate,1226,DEV_02276,4932.06
CUST_03296,24,Kolkata,India,4711811,Gold,332,DEV_08352,6525.4
CUST_03297,60,Pune,India,2459714,Gold,2145,DEV_09929,6234.55
CUST_03298,56,Chennai,India,2242613,Regular,1211,DEV_09212,4040.69
CUST_03299,21,Chennai,India,1824882,Regular,300,DEV_02599,6808.62
CUST_03300,68,Chennai,India,2332834,Regular,340,DEV_09472,4920.19
CUST_03301,67,Mumbai,India,1473869,Gold,389,DEV_02473,1770.3
CUST_03302,38,Kolkata,India,2774571,Gold,1679,DEV_03849,3483.56
CUST_03303,35,Pune,India,4507238,Regular,1392,DEV_04236,5243.84
CUST_03304,47,Kolkata,India,2195151,Corporate,2655,DEV_05062,9542.85
CUST_03305,56,Hyderabad,India,3455758,Gold,71,DEV_05731,7655.06
CUST_03306,52,Ahmedabad,India,4199051,Corporate,1512,DEV_03384,3272.82
CUST_03307,61,Mumbai,India,2937561,Regular,1339,DEV_02141,1244.47
CUST_03308,20,Pune,India,3709826,Regular,2228,DEV_07411,4367.3
CUST_03309,26,Mumbai,India,4312494,Regular,486,DEV_00548,3468.52
CUST_03310,59,Bangalore,India,2451212,Regular,973,DEV_04346,8366.95
CUST_03311,50,Chennai,India,2813645,Regular,1741,DEV_05167,3007.38
CUST_03312,25,Mumbai,India,1073987,Corporate,1407,DEV_04997,2878.66
CUST_03313,69,Bangalore,India,1083496,Platinum,2442,DEV_06024,9187.92
CUST_03314,49,Bangalore,India,1135276,Regular,2310,DEV_04936,2952.75
CUST_03315,70,Delhi,India,2422870,Gold,2459,DEV_06444,3519.22
CUST_03316,52,Mumbai,India,3273825,Regular,1768,DEV_09859,5237.56
CUST_03317,37,Pune,India,3264069,Corporate,1864,DEV_09672,5258.36
CUST_03318,68,Mumbai,India,728266,Corporate,784,DEV_01281,885.46
CUST_03319,56,Kolkata,India,2685933,Gold,1816,DEV_04832,834.3
CUST_03320,54,Delhi,India,557712,Platinum,1314,DEV_04497,9339.32
CUST_03321,50,Delhi,India,4192767,Gold,646,DEV_07909,1126.64
CUST_03322,18,Kolkata,India,1359998,Corporate,1148,DEV_01003,4809.05
CUST_03323,18,Hyderabad,India,2332617,Gold,2764,DEV_00199,8438.04
CUST_03324,65,Hyderabad,India,1654164,Regular,2226,DEV_06773,5845.08
CUST_03325,60,Delhi,India,3891355,Gold,194,DEV_08525,1243.63
CUST_03326,68,Bangalore,India,4945346,Regular,2382,DEV_08009,9644.17
CUST_03327,19,Pune,India,3398308,Gold,2423,DEV_03786,4863.01
CUST_03328,19,Mumbai,India,1761064,Regular,2676,DEV_03039,7619.17
CUST_03329,20,Delhi,India,842885,Platinum,531,DEV_08656,5137.11
CUST_03330,35,Ahmedabad,India,2575133,Regular,1986,DEV_03559,3795.87
CUST_03331,25,Chennai,India,494247,Platinum,1195,DEV_05860,8532.31
CUST_03332,34,Mumbai,India,3419085,Regular,1452,DEV_07097,5978.46
CUST_03333,60,Delhi,India,2353924,Gold,497,DEV_00841,6417.2
CUST_03334,68,Pune,India,3183392,Corporate,2031,DEV_07165,3763.1
CUST_03335,58,Delhi,India,1607508,Regular,615,DEV_01472,3465.57
CUST_03336,43,Hyderabad,India,3167711,Regular,2896,DEV_05974,1380.04
CUST_03337,52,Delhi,India,2142775,Regular,2881,DEV_06852,9621.78
CUST_03338,45,Delhi,India,1842374,Regular,2274,DEV_06099,2231.89
CUST_03339,36,Pune,India,4969235,Regular,591,DEV_02194,6650.17
CUST_03340,68,Ahmedabad,India,1025114,Platinum,1644,DEV_07552,2555.65
CUST_03341,59,Chennai,India,3280575,Regular,115,DEV_02229,2586.08
CUST_03342,54,Mumbai,India,4584522,Regular,1157,DEV_00286,9653.1
CUST_03343,28,Hyderabad,India,2582711,Platinum,2436,DEV_07924,1272.86
CUST_03344,51,Pune,India,980729,Regular,988,DEV_08044,6097.79
CUST_03345,20,Delhi,India,4347831,Corporate,390,DEV_00240,1858.1
CUST_03346,18,Pune,India,623493,Gold,2533,DEV_03956,7366.41
CUST_03347,23,Bangalore,India,4265836,Platinum,1049,DEV_01850,1763.86
CUST_03348,52,Ahmedabad,India,3913477,Gold,1952,DEV_09201,4250.31
CUST_03349,36,Bangalore,India,3226011,Gold,181,DEV_07973,1598.95
CUST_03350,35,Kolkata,India,4832023,Regular,418,DEV_09530,1600.31
CUST_03351,67,Delhi,India,4189622,Regular,1502,DEV_07540,6014.7
CUST_03352,54,Ahmedabad,India,383284,Regular,715,DEV_09639,6051.35
CUST_03353,34,Pune,India,1085654,Regular,1178,DEV_01032,3358.41
CUST_03354,47,Hyderabad,India,337960,Regular,2582,DEV_06116,550.17
CUST_03355,66,Mumbai,India,757271,Regular,1555,DEV_06142,1288.86
CUST_03356,47,Chennai,India,2942556,Gold,2819,DEV_08879,1189.71
CUST_03357,19,Ahmedabad,India,4286508,Regular,197,DEV_08981,6152.68
CUST_03358,48,Ahmedabad,India,3053744,Regular,1361,DEV_00643,2030.81
CUST_03359,62,Kolkata,India,2182294,Regular,2266,DEV_04961,7144.93
CUST_03360,47,Hyderabad,India,2310711,Gold,1397,DEV_06622,7756.54
CUST_03361,57,Kolkata,India,2887810,Regular,420,DEV_09079,606.44
CUST_03362,53,Pune,India,2916557,Corporate,1177,DEV_06635,7801.48
CUST_03363,24,Delhi,India,4789921,Regular,2088,DEV_07300,8091.07
CUST_03364,20,Mumbai,India,386879,Regular,1554,DEV_00478,7308.55
CUST_03365,36,Delhi,India,1309351,Regular,939,DEV_03600,3994.89
CUST_03366,52,Ahmedabad,India,1605216,Regular,2955,DEV_04486,3474.13
CUST_03367,22,Ahmedabad,India,1180610,Regular,431,DEV_02414,6655.31
CUST_03368,62,Chennai,India,4724733,Regular,2401,DEV_02981,776.2
CUST_03369,55,Bangalore,India,3569871,Corporate,2320,DEV_07592,9135.89
CUST_03370,25,Bangalore,India,4521656,Corporate,1771,DEV_05101,6857.7
CUST_03371,69,Hyderabad,India,4081427,Regular,1395,DEV_02635,9122.7
CUST_03372,64,Mumbai,India,680839,Platinum,1792,DEV_05227,2487.71
CUST_03373,56,Bangalore,India,1755722,Regular,2524,DEV_06842,739.36
CUST_03374,50,Hyderabad,India,743798,Gold,330,DEV_04656,6423.64
CUST_03375,26,Kolkata,India,2320573,Regular,2203,DEV_02517,6097.1
CUST_03376,29,Delhi,India,3431559,Corporate,2446,DEV_02198,8236.79
CUST_03377,46,Bangalore,India,4379531,Regular,629,DEV_02878,4065.48
CUST_03378,30,Hyderabad,India,1815553,Platinum,1481,DEV_00430,6367.37
CUST_03379,40,Kolkata,India,1055916,Regular,2027,DEV_07741,9081.03
CUST_03380,70,Bangalore,India,4274535,Regular,233,DEV_05721,7891.39
CUST_03381,55,Pune,India,792163,Regular,1936,DEV_07564,634.29
CUST_03382,43,Pune,India,1427946,Corporate,2401,DEV_08668,3090.0
CUST_03383,26,Delhi,India,1262457,Regular,271,DEV_00512,3329.59
CUST_03384,66,Pune,India,2356566,Regular,2328,DEV_01463,7345.6
CUST_03385,29,Hyderabad,India,4163785,Gold,1696,DEV_03447,2550.43
CUST_03386,63,Chennai,India,3176314,Regular,1793,DEV_00070,4878.46
CUST_03387,21,Delhi,India,3377816,Corporate,455,DEV_09868,9688.34
CUST_03388,64,Delhi,India,1369271,Regular,2726,DEV_04881,1166.27
CUST_03389,28,Pune,India,490705,Platinum,952,DEV_07787,8486.06
CUST_03390,46,Pune,India,2460339,Regular,1599,DEV_09296,5998.6
CUST_03391,37,Bangalore,India,1770695,Regular,1365,DEV_08157,3854.53
CUST_03392,22,Bangalore,India,4940431,Corporate,1967,DEV_03226,6253.32
CUST_03393,56,Pune,India,2912510,Gold,2689,DEV_02343,6490.85
CUST_03394,33,Hyderabad,India,3996858,Gold,2465,DEV_07500,2505.12
CUST_03395,26,Kolkata,India,3492028,Regular,2351,DEV_06987,4481.27
CUST_03396,62,Delhi,India,4193990,Regular,1526,DEV_08455,9760.47
CUST_03397,46,Pune,India,1390993,Corporate,51,DEV_07678,1227.36
CUST_03398,50,Hyderabad,India,3293935,Gold,258,DEV_01829,3159.2
CUST_03399,67,Bangalore,India,816062,Gold,1023,DEV_01082,795.49
CUST_03400,22,Hyderabad,India,2150991,Regular,725,DEV_07742,9058.4
CUST_03401,50,Hyderabad,India,2723313,Regular,1920,DEV_06755,6405.44
CUST_03402,39,Mumbai,India,1650172,Gold,1734,DEV_04548,5911.03
CUST_03403,64,Hyderabad,India,1663407,Regular,747,DEV_04052,2106.29
CUST_03404,29,Chennai,India,934179,Corporate,1335,DEV_07963,1067.19
CUST_03405,31,Ahmedabad,India,492422,Regular,942,DEV_09472,7051.42
CUST_03406,41,Ahmedabad,India,1426787,Gold,1610,DEV_06334,4069.81
CUST_03407,44,Mumbai,India,1048306,Gold,2320,DEV_08270,7035.34
CUST_03408,19,Hyderabad,India,1013503,Regular,1675,DEV_01803,7257.37
CUST_03409,60,Ahmedabad,India,1074996,Gold,687,DEV_04751,5924.26
CUST_03410,59,Kolkata,India,2927246,Regular,2474,DEV_07963,4934.86
CUST_03411,47,Kolkata,India,1036467,Regular,237,DEV_02285,6217.82
CUST_03412,41,Chennai,India,3381784,Regular,2661,DEV_09166,2534.66
CUST_03413,19,Delhi,India,1949829,Regular,465,DEV_07467,6593.02
CUST_03414,63,Pune,India,3798707,Corporate,576,DEV_01053,1920.6
CUST_03415,56,Ahmedabad,India,4411552,Regular,882,DEV_01935,9691.6
CUST_03416,40,Hyderabad,India,1693812,Regular,1877,DEV_09342,8594.51
CUST_03417,52,Mumbai,India,2464234,Corporate,2878,DEV_08352,8502.26
CUST_03418,52,Chennai,India,3978060,Regular,231,DEV_01173,5835.49
CUST_03419,21,Chennai,India,2967187,Regular,2485,DEV_09665,7252.66
CUST_03420,29,Pune,India,2356032,Regular,1826,DEV_05388,9692.04
CUST_03421,49,Pune,India,2634791,Corporate,1143,DEV_00058,3162.68
CUST_03422,40,Ahmedabad,India,1439110,Platinum,378,DEV_07669,5245.47
CUST_03423,31,Bangalore,India,2633536,Regular,1534,DEV_01873,1583.92
CUST_03424,24,Mumbai,India,1077806,Platinum,1593,DEV_00351,2766.18
CUST_03425,62,Mumbai,India,2835371,Regular,1932,DEV_03943,9471.79
CUST_03426,41,Pune,India,4065928,Corporate,1835,DEV_06157,9586.43
CUST_03427,62,Kolkata,India,4344571,Gold,866,DEV_02710,9784.68
CUST_03428,67,Mumbai,India,3971169,Regular,761,DEV_04177,894.83
CUST_03429,64,Hyderabad,India,1283052,Gold,113,DEV_06122,1237.47
CUST_03430,48,Hyderabad,India,3796242,Gold,492,DEV_08148,9551.8
CUST_03431,29,Chennai,India,1793034,Gold,350,DEV_06711,8386.6
CUST_03432,22,Mumbai,India,2445660,Gold,1471,DEV_04696,5550.64
CUST_03433,59,Bangalore,India,732747,Gold,1678,DEV_05057,979.89
CUST_03434,69,Hyderabad,India,2016514,Gold,1005,DEV_01098,1927.33
CUST_03435,19,Hyderabad,India,2997157,Corporate,693,DEV_03319,9383.68
CUST_03436,40,Kolkata,India,1304073,Platinum,988,DEV_04906,9987.51
CUST_03437,22,Mumbai,India,2309595,Corporate,1951,DEV_08420,3184.15
CUST_03438,26,Ahmedabad,India,750535,Regular,2706,DEV_02806,6290.57
CUST_03439,37,Chennai,India,1828761,Regular,218,DEV_05346,9639.29
CUST_03440,43,Kolkata,India,1980843,Gold,357,DEV_03737,7533.68
CUST_03441,48,Mumbai,India,3857143,Regular,1456,DEV_07197,8357.62
CUST_03442,31,Delhi,India,2496536,Gold,2852,DEV_06192,8818.06
CUST_03443,48,Delhi,India,1552421,Regular,694,DEV_09380,5766.53
CUST_03444,43,Kolkata,India,1710922,Regular,2181,DEV_08883,8313.54
CUST_03445,26,Ahmedabad,India,2863737,Gold,290,DEV_00497,4725.59
CUST_03446,40,Pune,India,3261417,Regular,98,DEV_06427,9407.98
CUST_03447,23,Bangalore,India,1294763,Regular,1909,DEV_08955,1687.21
CUST_03448,65,Hyderabad,India,2954675,Regular,280,DEV_07452,5516.62
CUST_03449,67,Bangalore,India,1674971,Gold,2919,DEV_01757,8882.47
CUST_03450,45,Hyderabad,India,4354238,Corporate,2211,DEV_00975,3633.76
CUST_03451,42,Mumbai,India,1629642,Regular,2887,DEV_06792,1940.46
CUST_03452,44,Ahmedabad,India,1584251,Platinum,2649,DEV_02295,8164.99
CUST_03453,51,Ahmedabad,India,3803509,Platinum,1371,DEV_09831,3952.55
CUST_03454,53,Ahmedabad,India,4039449,Regular,1039,DEV_07674,6441.5
CUST_03455,35,Pune,India,1230443,Regular,931,DEV_06187,1296.54
CUST_03456,48,Bangalore,India,2099301,Regular,457,DEV_01157,1707.26
CUST_03457,23,Bangalore,India,566452,Corporate,2575,DEV_02954,9074.65
CUST_03458,32,Chennai,India,1055110,Regular,2437,DEV_05986,4733.93
CUST_03459,63,Ahmedabad,India,1327752,Regular,2216,DEV_00889,5432.58
CUST_03460,23,Hyderabad,India,3496172,Regular,2799,DEV_09130,7482.25
CUST_03461,23,Mumbai,India,4441974,Corporate,2736,DEV_03256,3525.0
CUST_03462,70,Hyderabad,India,3989386,Gold,297,DEV_04831,8279.43
CUST_03463,67,Mumbai,India,4899074,Gold,1836,DEV_03824,6599.4
CUST_03464,30,Ahmedabad,India,1700853,Corporate,1587,DEV_09709,9900.0
CUST_03465,58,Kolkata,India,447884,Gold,2468,DEV_05494,1588.78
CUST_03466,64,Mumbai,India,582807,Regular,1041,DEV_01264,7013.33
CUST_03467,21,Hyderabad,India,2406675,Gold,2913,DEV_03641,8180.55
CUST_03468,34,Hyderabad,India,2661489,Regular,2800,DEV_05096,6883.13
CUST_03469,34,Chennai,India,3143482,Platinum,1060,DEV_06990,1549.61
CUST_03470,19,Bangalore,India,3814571,Regular,1832,DEV_07821,8337.08
CUST_03471,51,Mumbai,India,4141561,Regular,2620,DEV_01846,8925.84
CUST_03472,22,Kolkata,India,3583855,Regular,2851,DEV_08248,1648.18
CUST_03473,41,Hyderabad,India,2434638,Regular,265,DEV_06719,4199.98
CUST_03474,57,Mumbai,India,1143007,Regular,1354,DEV_03691,3283.9
CUST_03475,19,Mumbai,India,468457,Corporate,2883,DEV_07215,2335.44
CUST_03476,68,Ahmedabad,India,4285857,Corporate,162,DEV_08998,4902.47
CUST_03477,28,Hyderabad,India,4843434,Gold,169,DEV_09562,7951.13
CUST_03478,52,Delhi,India,4112442,Regular,2938,DEV_02406,6281.7
CUST_03479,19,Delhi,India,2331165,Platinum,824,DEV_02910,9506.59
CUST_03480,56,Pune,India,2032166,Regular,713,DEV_09151,2588.4
CUST_03481,57,Mumbai,India,2363556,Regular,2598,DEV_01090,9716.34
CUST_03482,20,Mumbai,India,4631258,Gold,383,DEV_04671,2295.4
CUST_03483,52,Kolkata,India,851974,Regular,945,DEV_04042,5946.57
CUST_03484,19,Bangalore,India,2868381,Regular,624,DEV_02237,4102.63
CUST_03485,52,Chennai,India,4902163,Regular,48,DEV_06327,7952.37
CUST_03486,59,Hyderabad,India,1247710,Corporate,550,DEV_09578,1219.92
CUST_03487,64,Mumbai,India,4609775,Regular,2039,DEV_05580,3602.42
CUST_03488,35,Kolkata,India,2866028,Gold,2016,DEV_07121,2499.41
CUST_03489,44,Mumbai,India,4837507,Platinum,2810,DEV_01479,914.13
CUST_03490,27,Ahmedabad,India,4583658,Regular,410,DEV_07526,1436.54
CUST_03491,36,Pune,India,4675881,Gold,2543,DEV_03696,7991.33
CUST_03492,56,Chennai,India,372873,Regular,1552,DEV_02475,4257.36
CUST_03493,26,Ahmedabad,India,978109,Regular,269,DEV_01193,6443.61
CUST_03494,29,Ahmedabad,India,3481072,Regular,592,DEV_06109,7186.62
CUST_03495,61,Mumbai,India,4060022,Gold,1725,DEV_00506,9142.44
CUST_03496,55,Hyderabad,India,3083779,Regular,2982,DEV_05062,2762.2
CUST_03497,20,Ahmedabad,India,3325394,Gold,2564,DEV_04397,2454.77
CUST_03498,46,Hyderabad,India,3349099,Gold,1470,DEV_03940,9729.29
CUST_03499,25,Ahmedabad,India,4167059,Corporate,2944,DEV_06151,1569.42
CUST_03500,19,Pune,India,919137,Regular,2023,DEV_03946,838.0
CUST_03501,55,Delhi,India,766103,Regular,2628,DEV_06083,6174.12
CUST_03502,44,Hyderabad,India,2336922,Gold,734,DEV_00636,7184.28
CUST_03503,37,Kolkata,India,1181706,Regular,206,DEV_03980,1563.98
CUST_03504,54,Delhi,India,4100552,Corporate,2031,DEV_07605,1232.53
CUST_03505,37,Chennai,India,4934379,Corporate,2289,DEV_01528,500.72
CUST_03506,30,Hyderabad,India,4875557,Regular,2757,DEV_03913,8193.24
CUST_03507,66,Delhi,India,2334339,Regular,2162,DEV_03606,6481.18
CUST_03508,23,Chennai,India,1202811,Regular,1474,DEV_07128,8403.8
CUST_03509,55,Hyderabad,India,2249018,Regular,515,DEV_02616,4933.84
CUST_03510,53,Kolkata,India,3833003,Regular,1726,DEV_08361,6828.07
CUST_03511,48,Pune,India,4573527,Regular,941,DEV_08029,2135.51
CUST_03512,21,Chennai,India,2390597,Platinum,914,DEV_06897,5153.37
CUST_03513,69,Ahmedabad,India,4839394,Regular,714,DEV_07641,7823.04
CUST_03514,64,Kolkata,India,3949131,Regular,2215,DEV_09589,5147.39
CUST_03515,36,Hyderabad,India,3869528,Regular,1920,DEV_08286,7858.3
CUST_03516,18,Kolkata,India,4788614,Regular,2428,DEV_07879,6400.98
CUST_03517,53,Delhi,India,1028974,Gold,1050,DEV_03612,5238.99
CUST_03518,58,Hyderabad,India,4241032,Regular,1208,DEV_04768,9679.65
CUST_03519,70,Chennai,India,4066814,Regular,2878,DEV_01671,3280.16
CUST_03520,55,Ahmedabad,India,1103799,Gold,1843,DEV_09480,4737.47
CUST_03521,39,Ahmedabad,India,2581944,Regular,1700,DEV_00838,7570.52
CUST_03522,49,Mumbai,India,1202366,Corporate,2029,DEV_04753,6512.3
CUST_03523,61,Hyderabad,India,524354,Regular,2267,DEV_05168,9994.81
CUST_03524,43,Kolkata,India,1036496,Gold,963,DEV_00956,2634.68
CUST_03525,25,Chennai,India,4637738,Regular,2551,DEV_06666,549.56
CUST_03526,49,Kolkata,India,3678361,Platinum,1796,DEV_04092,6672.16
CUST_03527,34,Mumbai,India,3615931,Gold,2198,DEV_00943,7047.41
CUST_03528,23,Chennai,India,3604080,Regular,1493,DEV_03091,528.46
CUST_03529,39,Hyderabad,India,2465194,Regular,1085,DEV_00121,3406.64
CUST_03530,42,Bangalore,India,4964873,Platinum,162,DEV_07226,8835.27
CUST_03531,41,Bangalore,India,3193252,Corporate,981,DEV_07584,1798.97
CUST_03532,23,Kolkata,India,4360107,Regular,1946,DEV_08912,9129.87
CUST_03533,65,Ahmedabad,India,700186,Gold,2112,DEV_05609,7491.05
CUST_03534,36,Ahmedabad,India,4304741,Platinum,52,DEV_02351,2457.47
CUST_03535,26,Bangalore,India,4632353,Regular,548,DEV_04602,3145.07
CUST_03536,68,Delhi,India,3559048,Gold,1107,DEV_06145,4411.23
CUST_03537,32,Pune,India,2664584,Regular,304,DEV_06562,1106.09
CUST_03538,65,Chennai,India,856897,Regular,2129,DEV_01083,1590.73
CUST_03539,44,Kolkata,India,4331347,Regular,2171,DEV_00039,8824.11
CUST_03540,50,Ahmedabad,India,4813499,Regular,1010,DEV_07558,9975.55
CUST_03541,48,Chennai,India,3095683,Gold,1902,DEV_05101,2737.35
CUST_03542,39,Mumbai,India,2780426,Regular,1085,DEV_03943,9844.77
CUST_03543,18,Hyderabad,India,4139341,Regular,758,DEV_06727,8554.89
CUST_03544,69,Delhi,India,961212,Gold,2661,DEV_09429,8929.14
CUST_03545,35,Pune,India,2121508,Regular,2731,DEV_03924,3326.34
CUST_03546,70,Bangalore,India,4428963,Regular,2479,DEV_08727,7881.46
CUST_03547,29,Chennai,India,4545558,Gold,1263,DEV_07439,8707.95
CUST_03548,22,Mumbai,India,1978802,Regular,404,DEV_07009,8940.03
CUST_03549,63,Ahmedabad,India,1423219,Regular,1390,DEV_04322,2639.06
CUST_03550,35,Hyderabad,India,4703134,Corporate,1630,DEV_00197,6515.59
CUST_03551,55,Bangalore,India,1058065,Regular,1650,DEV_01981,3085.5
CUST_03552,57,Mumbai,India,707895,Corporate,1911,DEV_09875,1830.87
CUST_03553,28,Pune,India,2596292,Regular,1253,DEV_03146,8097.8
CUST_03554,35,Ahmedabad,India,4611056,Regular,2803,DEV_08636,7054.8
CUST_03555,24,Ahmedabad,India,2089694,Regular,2884,DEV_05182,9559.92
CUST_03556,31,Ahmedabad,India,4121418,Corporate,1301,DEV_01308,3367.01
CUST_03557,27,Mumbai,India,4436470,Platinum,580,DEV_01240,4246.3
CUST_03558,62,Mumbai,India,2567218,Regular,2035,DEV_01722,9610.41
CUST_03559,56,Pune,India,1095230,Regular,1203,DEV_05162,6107.17
CUST_03560,53,Mumbai,India,698762,Regular,2233,DEV_03132,2650.79
CUST_03561,34,Hyderabad,India,2400605,Regular,2806,DEV_04893,6073.35
CUST_03562,51,Ahmedabad,India,2253486,Regular,265,DEV_01033,3073.42
CUST_03563,68,Bangalore,India,2827067,Regular,2321,DEV_08371,2712.18
CUST_03564,53,Chennai,India,2876449,Regular,2640,DEV_02935,2843.91
CUST_03565,50,Hyderabad,India,1488368,Platinum,1601,DEV_02876,2071.08
CUST_03566,44,Delhi,India,820054,Regular,1559,DEV_01012,3783.66
CUST_03567,43,Hyderabad,India,1399435,Regular,2697,DEV_05138,1680.47
CUST_03568,57,Ahmedabad,India,1317599,Corporate,2767,DEV_00319,7682.4
CUST_03569,27,Hyderabad,India,3410158,Gold,878,DEV_02617,6310.49
CUST_03570,45,Chennai,India,1136692,Corporate,235,DEV_09994,2041.74
CUST_03571,34,Ahmedabad,India,3478819,Platinum,153,DEV_08565,9935.88
CUST_03572,55,Kolkata,India,3362873,Regular,1369,DEV_00755,8738.32
CUST_03573,66,Bangalore,India,3887138,Regular,1264,DEV_00046,2277.93
CUST_03574,54,Bangalore,India,3008064,Regular,223,DEV_00240,5435.78
CUST_03575,68,Kolkata,India,4860796,Regular,1963,DEV_06872,7790.78
CUST_03576,65,Mumbai,India,2586429,Platinum,1809,DEV_02752,2998.86
CUST_03577,66,Chennai,India,723487,Regular,1820,DEV_03411,6507.16
CUST_03578,55,Ahmedabad,India,1570761,Regular,2112,DEV_01047,552.97
CUST_03579,49,Kolkata,India,3581696,Regular,385,DEV_01406,8167.95
CUST_03580,27,Mumbai,India,4363120,Regular,706,DEV_00230,3180.58
CUST_03581,49,Chennai,India,4279227,Regular,2348,DEV_02938,3082.79
CUST_03582,70,Chennai,India,1168926,Regular,1642,DEV_05554,2338.22
CUST_03583,21,Pune,India,4431801,Regular,92,DEV_01790,4496.74
CUST_03584,52,Pune,India,869304,Regular,306,DEV_08201,1642.96
CUST_03585,54,Chennai,India,2747716,Regular,186,DEV_05457,4863.83
CUST_03586,70,Kolkata,India,3583159,Regular,2988,DEV_06071,7807.95
CUST_03587,18,Bangalore,India,523896,Corporate,2463,DEV_00374,9163.58
CUST_03588,26,Pune,India,1356505,Regular,2910,DEV_08621,2288.74
CUST_03589,35,Delhi,India,4823876,Regular,2257,DEV_02724,8147.42
CUST_03590,41,Delhi,India,2935521,Regular,2519,DEV_07718,7118.38
CUST_03591,35,Chennai,India,1094237,Regular,683,DEV_06498,624.62
CUST_03592,65,Pune,India,693599,Regular,1972,DEV_00779,6702.25
CUST_03593,20,Kolkata,India,3089233,Regular,1464,DEV_02493,5078.57
CUST_03594,24,Bangalore,India,1666924,Regular,1020,DEV_06441,2440.64
CUST_03595,63,Delhi,India,3932161,Regular,1708,DEV_09898,8377.44
CUST_03596,68,Bangalore,India,4863033,Gold,1122,DEV_08551,5884.86
CUST_03597,55,Kolkata,India,1473951,Regular,167,DEV_03209,9578.8
CUST_03598,53,Mumbai,India,1234340,Gold,2657,DEV_08199,1402.46
CUST_03599,19,Hyderabad,India,1418630,Regular,2465,DEV_03311,4073.86
CUST_03600,24,Delhi,India,2839810,Regular,1938,DEV_07913,7649.32
CUST_03601,57,Pune,India,3298655,Regular,135,DEV_03746,2410.82
CUST_03602,25,Hyderabad,India,4536031,Regular,42,DEV_01005,9658.25
CUST_03603,36,Hyderabad,India,2099853,Gold,2582,DEV_03783,7958.6
CUST_03604,52,Hyderabad,India,1823926,Regular,939,DEV_09540,8729.28
CUST_03605,27,Kolkata,India,3752247,Regular,605,DEV_03472,4033.75
CUST_03606,25,Hyderabad,India,3969438,Regular,2197,DEV_04317,9266.21
CUST_03607,18,Mumbai,India,1243160,Gold,96,DEV_01741,9463.88
CUST_03608,30,Delhi,India,3243314,Gold,995,DEV_04779,7212.5
CUST_03609,27,Pune,India,3605619,Regular,350,DEV_04963,5939.21
CUST_03610,61,Bangalore,India,3424704,Regular,647,DEV_02523,9208.73
CUST_03611,57,Hyderabad,India,1465591,Regular,1877,DEV_05942,7228.45
CUST_03612,57,Kolkata,India,1420004,Regular,2111,DEV_09766,5069.35
CUST_03613,22,Pune,India,2175786,Regular,2255,DEV_05646,9783.06
CUST_03614,60,Pune,India,230666,Regular,330,DEV_00885,1991.0
CUST_03615,58,Hyderabad,India,4461293,Regular,320,DEV_07125,9702.21
CUST_03616,56,Kolkata,India,484410,Corporate,1696,DEV_01697,4190.11
CUST_03617,59,Delhi,India,2798856,Gold,1346,DEV_02205,4561.66
CUST_03618,42,Mumbai,India,220847,Regular,2854,DEV_08380,2539.3
CUST_03619,55,Hyderabad,India,2567244,Gold,1219,DEV_09939,6644.22
CUST_03620,63,Kolkata,India,2903564,Regular,771,DEV_05093,2096.6
CUST_03621,57,Delhi,India,3850100,Gold,1326,DEV_04918,7065.84
CUST_03622,20,Chennai,India,3979832,Regular,2268,DEV_03685,5861.25
CUST_03623,54,Pune,India,1867354,Gold,1781,DEV_00377,4671.94
CUST_03624,22,Pune,India,1572660,Regular,1882,DEV_08536,8252.76
CUST_03625,67,Pune,India,557161,Platinum,1898,DEV_01579,7194.51
CUST_03626,32,Delhi,India,2976626,Regular,1015,DEV_08207,4921.01
CUST_03627,59,Hyderabad,India,900122,Regular,1727,DEV_02276,1432.1
CUST_03628,43,Hyderabad,India,4848451,Regular,482,DEV_09898,2909.76
CUST_03629,54,Delhi,India,2362882,Regular,1725,DEV_02451,8497.01
CUST_03630,55,Ahmedabad,India,3486594,Gold,774,DEV_04640,4607.39
CUST_03631,56,Hyderabad,India,4879950,Regular,1698,DEV_06262,4967.88
CUST_03632,19,Mumbai,India,2460102,Regular,2610,DEV_00449,4872.89
CUST_03633,51,Ahmedabad,India,1883302,Regular,1048,DEV_03593,9415.44
CUST_03634,56,Hyderabad,India,1342478,Regular,1406,DEV_08017,4150.56
CUST_03635,58,Kolkata,India,2987964,Regular,2669,DEV_06823,8562.72
CUST_03636,67,Delhi,India,1922624,Regular,589,DEV_07661,4671.43
CUST_03637,65,Hyderabad,India,3041251,Gold,1293,DEV_03154,3569.39
CUST_03638,53,Ahmedabad,India,3675888,Corporate,1825,DEV_05543,2896.47
CUST_03639,27,Kolkata,India,3701139,Regular,2857,DEV_08654,7756.03
CUST_03640,64,Kolkata,India,488687,Regular,2488,DEV_01527,5440.51
CUST_03641,70,Ahmedabad,India,4517876,Regular,1690,DEV_02037,1650.31
CUST_03642,37,Ahmedabad,India,3982362,Platinum,561,DEV_09786,9411.88
CUST_03643,32,Bangalore,India,4276422,Regular,2339,DEV_04315,6879.39
CUST_03644,55,Chennai,India,1956204,Gold,1180,DEV_06506,7072.46
CUST_03645,30,Chennai,India,3233379,Regular,893,DEV_00001,7366.11
CUST_03646,32,Pune,India,2355567,Regular,350,DEV_02868,5988.48
CUST_03647,32,Chennai,India,628966,Regular,2575,DEV_08844,8976.43
CUST_03648,61,Chennai,India,2772362,Regular,2113,DEV_08173,7969.59
CUST_03649,20,Delhi,India,3119776,Regular,1687,DEV_09116,3047.76
CUST_03650,19,Mumbai,India,4844547,Regular,359,DEV_08665,2734.78
CUST_03651,67,Hyderabad,India,3635075,Gold,2644,DEV_06783,2548.37
CUST_03652,41,Mumbai,India,628199,Regular,2026,DEV_03884,4165.13
CUST_03653,43,Pune,India,1427664,Regular,1128,DEV_06639,5994.39
CUST_03654,67,Kolkata,India,2121145,Regular,2998,DEV_09298,7030.46
CUST_03655,22,Kolkata,India,3469785,Corporate,1389,DEV_04128,5226.39
CUST_03656,34,Hyderabad,India,748373,Gold,2582,DEV_04244,7449.22
CUST_03657,44,Delhi,India,4448447,Gold,2202,DEV_01019,3887.66
CUST_03658,56,Ahmedabad,India,3227699,Gold,747,DEV_06254,3782.17
CUST_03659,26,Bangalore,India,2910199,Platinum,608,DEV_02364,2453.56
CUST_03660,68,Hyderabad,India,2678768,Regular,217,DEV_09667,4158.37
CUST_03661,26,Delhi,India,202147,Corporate,1714,DEV_07891,1513.64
CUST_03662,65,Mumbai,India,2811312,Gold,1317,DEV_04046,1704.44
CUST_03663,54,Pune,India,590751,Corporate,1051,DEV_01770,1237.77
CUST_03664,64,Kolkata,India,3928326,Corporate,357,DEV_01147,2538.35
CUST_03665,30,Hyderabad,India,817534,Regular,2379,DEV_00564,2449.2
CUST_03666,61,Bangalore,India,1561579,Regular,2945,DEV_05126,3967.93
CUST_03667,25,Delhi,India,4105037,Regular,2635,DEV_04026,5124.27
CUST_03668,53,Kolkata,India,3020137,Gold,675,DEV_06051,8408.07
CUST_03669,44,Pune,India,1479078,Regular,1269,DEV_00479,5822.75
CUST_03670,58,Chennai,India,4595229,Regular,1728,DEV_02685,6690.8
CUST_03671,33,Mumbai,India,4514405,Regular,250,DEV_07588,9521.97
CUST_03672,39,Pune,India,2834405,Gold,1666,DEV_08278,2550.19
CUST_03673,46,Hyderabad,India,819636,Corporate,1100,DEV_05813,9332.0
CUST_03674,70,Hyderabad,India,831784,Regular,2889,DEV_03423,9226.45
CUST_03675,29,Kolkata,India,3075337,Regular,347,DEV_06365,3064.04
CUST_03676,28,Bangalore,India,1733517,Regular,2664,DEV_06993,5958.8
CUST_03677,23,Delhi,India,707328,Regular,969,DEV_08692,8348.5
CUST_03678,56,Pune,India,1255366,Regular,2250,DEV_08051,9337.1
CUST_03679,51,Delhi,India,2941170,Gold,1708,DEV_04182,4854.09
CUST_03680,27,Ahmedabad,India,4091549,Regular,1149,DEV_03161,2351.88
CUST_03681,20,Bangalore,India,840679,Regular,1791,DEV_08310,8749.74
CUST_03682,22,Bangalore,India,4374215,Regular,2736,DEV_04890,5706.19
CUST_03683,40,Bangalore,India,2645689,Platinum,1617,DEV_00710,7534.99
CUST_03684,31,Chennai,India,4003175,Regular,1766,DEV_03654,9247.33
CUST_03685,42,Kolkata,India,2422875,Platinum,2849,DEV_00261,1957.49
CUST_03686,39,Hyderabad,India,4574254,Regular,311,DEV_03053,5021.71
CUST_03687,45,Bangalore,India,2795278,Regular,2035,DEV_07297,2736.77
CUST_03688,67,Hyderabad,India,2038379,Regular,2247,DEV_05696,7729.41
CUST_03689,55,Ahmedabad,India,4314848,Platinum,1156,DEV_04234,1672.38
CUST_03690,39,Mumbai,India,579882,Regular,1436,DEV_02942,6828.77
CUST_03691,31,Bangalore,India,371548,Regular,1544,DEV_06657,9497.08
CUST_03692,42,Chennai,India,4504091,Regular,2614,DEV_02932,5888.41
CUST_03693,34,Ahmedabad,India,493259,Regular,2340,DEV_04450,2769.65
CUST_03694,38,Kolkata,India,285764,Corporate,1860,DEV_04464,5914.34
CUST_03695,37,Delhi,India,1727700,Platinum,247,DEV_04321,7055.17
CUST_03696,45,Chennai,India,2643924,Corporate,995,DEV_06657,3344.45
CUST_03697,34,Delhi,India,2370679,Gold,161,DEV_06043,2401.4
CUST_03698,44,Ahmedabad,India,3746693,Regular,2812,DEV_03253,2202.07
CUST_03699,49,Hyderabad,India,3633670,Corporate,1885,DEV_07196,5978.62
CUST_03700,39,Pune,India,4281771,Regular,2343,DEV_01328,5994.27
CUST_03701,49,Hyderabad,India,1980386,Gold,1332,DEV_04126,9039.51
CUST_03702,19,Kolkata,India,873806,Regular,2058,DEV_03775,5697.85
CUST_03703,43,Chennai,India,2815529,Regular,537,DEV_08652,1318.54
CUST_03704,30,Pune,India,624265,Corporate,1578,DEV_01095,637.22
CUST_03705,20,Delhi,India,1627745,Gold,2644,DEV_06252,8715.41
CUST_03706,57,Ahmedabad,India,1795192,Corporate,887,DEV_03989,5171.6
CUST_03707,23,Hyderabad,India,4796931,Corporate,720,DEV_07630,5782.62
CUST_03708,59,Hyderabad,India,4156808,Regular,2657,DEV_05937,4240.93
CUST_03709,69,Bangalore,India,3553049,Regular,1501,DEV_07709,2528.93
CUST_03710,50,Pune,India,1307193,Regular,1309,DEV_05498,7916.57
CUST_03711,23,Delhi,India,3369082,Gold,1341,DEV_08387,5990.49
CUST_03712,58,Kolkata,India,3887255,Gold,2806,DEV_05500,1584.55
CUST_03713,48,Chennai,India,4517177,Regular,567,DEV_07543,8746.63
CUST_03714,40,Pune,India,3209856,Corporate,2276,DEV_06288,4730.9
CUST_03715,48,Bangalore,India,1350883,Gold,2358,DEV_09924,7007.13
CUST_03716,30,Delhi,India,1325466,Regular,510,DEV_08622,5797.16
CUST_03717,62,Chennai,India,1198083,Regular,971,DEV_06419,1915.79
CUST_03718,38,Kolkata,India,3285211,Regular,1180,DEV_09988,3599.94
CUST_03719,18,Delhi,India,726631,Gold,1796,DEV_00533,6575.34
CUST_03720,38,Mumbai,India,1272154,Regular,1872,DEV_09065,2118.91
CUST_03721,34,Bangalore,India,1405193,Regular,2270,DEV_04701,3674.05
CUST_03722,52,Mumbai,India,3629361,Gold,2872,DEV_03134,1731.14
CUST_03723,22,Hyderabad,India,2299531,Regular,861,DEV_05798,1578.66
CUST_03724,67,Ahmedabad,India,3396672,Platinum,836,DEV_06525,575.86
CUST_03725,46,Mumbai,India,816845,Regular,1520,DEV_00789,4076.02
CUST_03726,55,Kolkata,India,4202735,Regular,1109,DEV_06926,8197.2
CUST_03727,70,Bangalore,India,3611487,Regular,1679,DEV_04379,8064.21
CUST_03728,65,Delhi,India,4892333,Corporate,2322,DEV_09182,9005.75
CUST_03729,53,Delhi,India,4874342,Corporate,613,DEV_01533,7880.53
CUST_03730,33,Ahmedabad,India,4646355,Regular,2139,DEV_08821,5525.82
CUST_03731,38,Ahmedabad,India,4055613,Regular,1069,DEV_08958,4614.36
CUST_03732,31,Chennai,India,1365580,Gold,2953,DEV_09625,1153.39
CUST_03733,32,Delhi,India,3663148,Regular,1047,DEV_07856,8809.57
CUST_03734,66,Delhi,India,1473998,Regular,817,DEV_07873,1846.02
CUST_03735,21,Delhi,India,3256969,Regular,2912,DEV_03581,9857.62
CUST_03736,30,Kolkata,India,3165436,Gold,2529,DEV_07157,4831.17
CUST_03737,27,Pune,India,3883355,Platinum,1838,DEV_01714,9799.0
CUST_03738,55,Hyderabad,India,602246,Regular,1983,DEV_00854,3471.41
CUST_03739,25,Pune,India,224842,Regular,1219,DEV_03859,8767.99
CUST_03740,45,Mumbai,India,2752377,Regular,494,DEV_08520,1913.56
CUST_03741,29,Kolkata,India,1706458,Regular,1618,DEV_08023,4993.51
CUST_03742,54,Mumbai,India,4301326,Regular,989,DEV_02954,1698.07
CUST_03743,52,Mumbai,India,2219333,Regular,2861,DEV_09852,5155.54
CUST_03744,24,Pune,India,4302559,Corporate,1148,DEV_09861,6313.21
CUST_03745,44,Pune,India,232022,Regular,2592,DEV_03924,4887.1
CUST_03746,54,Bangalore,India,3396855,Regular,159,DEV_04015,6203.03
CUST_03747,65,Kolkata,India,3242176,Platinum,2414,DEV_05435,9590.94
CUST_03748,36,Bangalore,India,2784739,Regular,1550,DEV_08313,4855.26
CUST_03749,32,Mumbai,India,1418500,Gold,1867,DEV_03125,7011.11
CUST_03750,49,Bangalore,India,2343352,Regular,732,DEV_02476,813.81
CUST_03751,67,Chennai,India,2392153,Regular,1013,DEV_07376,8289.89
CUST_03752,56,Pune,India,1023027,Regular,2997,DEV_08352,5491.51
CUST_03753,41,Mumbai,India,1144234,Regular,1952,DEV_01657,4220.14
CUST_03754,23,Delhi,India,3132667,Gold,1824,DEV_05101,2538.0
CUST_03755,44,Delhi,India,827107,Regular,1583,DEV_06570,2472.68
CUST_03756,26,Mumbai,India,3971419,Regular,1550,DEV_02620,511.41
CUST_03757,67,Ahmedabad,India,1392242,Regular,52,DEV_04761,6871.25
CUST_03758,27,Mumbai,India,2916025,Platinum,2920,DEV_07430,4857.18
CUST_03759,48,Mumbai,India,1766593,Regular,2904,DEV_03590,8268.8
CUST_03760,41,Mumbai,India,3403032,Regular,2345,DEV_08384,7833.48
CUST_03761,43,Delhi,India,4134179,Corporate,2658,DEV_06695,4816.9
CUST_03762,35,Hyderabad,India,1246890,Regular,1814,DEV_04849,4904.29
CUST_03763,34,Bangalore,India,1227896,Regular,637,DEV_00765,6970.76
CUST_03764,42,Hyderabad,India,341304,Gold,2117,DEV_07689,1993.03
CUST_03765,70,Chennai,India,3387156,Gold,405,DEV_05122,3560.82
CUST_03766,67,Kolkata,India,815187,Gold,2287,DEV_04029,3806.52
CUST_03767,50,Bangalore,India,3074563,Platinum,1908,DEV_00332,4050.55
CUST_03768,50,Chennai,India,1347300,Regular,791,DEV_09311,867.15
CUST_03769,51,Kolkata,India,4706277,Gold,2480,DEV_06370,3097.86
CUST_03770,24,Bangalore,India,3846713,Platinum,978,DEV_02256,5087.84
CUST_03771,30,Hyderabad,India,4958887,Regular,2619,DEV_05490,8261.79
CUST_03772,39,Mumbai,India,1054653,Regular,2125,DEV_04987,7336.45
CUST_03773,52,Ahmedabad,India,1330504,Regular,2566,DEV_02163,6519.3
CUST_03774,30,Delhi,India,2013972,Regular,2293,DEV_02773,3421.32
CUST_03775,51,Mumbai,India,1397289,Regular,2035,DEV_05465,5095.5
CUST_03776,51,Kolkata,India,3810216,Gold,2638,DEV_05439,9505.36
CUST_03777,65,Chennai,India,4655608,Platinum,66,DEV_02911,8066.17
CUST_03778,49,Mumbai,India,240495,Regular,146,DEV_07052,1514.29
CUST_03779,36,Mumbai,India,1769906,Regular,97,DEV_08342,7054.73
CUST_03780,21,Pune,India,2240681,Regular,2582,DEV_07642,3304.7
CUST_03781,68,Chennai,India,3688256,Corporate,2420,DEV_04680,2020.7
CUST_03782,39,Hyderabad,India,4397239,Platinum,1241,DEV_02356,1085.73
CUST_03783,49,Chennai,India,694456,Regular,657,DEV_06170,5832.29
CUST_03784,38,Bangalore,India,4067404,Regular,2560,DEV_03147,1711.64
CUST_03785,69,Kolkata,India,4713601,Regular,2644,DEV_04481,8459.03
CUST_03786,56,Hyderabad,India,4556484,Gold,385,DEV_04486,1478.79
CUST_03787,41,Delhi,India,3582527,Corporate,2888,DEV_07328,9109.61
CUST_03788,69,Delhi,India,3564010,Regular,1956,DEV_05348,1812.08
CUST_03789,70,Bangalore,India,1042151,Regular,2548,DEV_04137,4610.02
CUST_03790,32,Pune,India,1643083,Gold,2112,DEV_07173,8712.42
CUST_03791,45,Bangalore,India,1368612,Corporate,2986,DEV_08254,8478.9
CUST_03792,26,Pune,India,3661795,Regular,2865,DEV_02897,9992.31
CUST_03793,62,Kolkata,India,4369184,Regular,1407,DEV_06577,2192.9
CUST_03794,27,Delhi,India,4982904,Regular,146,DEV_06771,5125.11
CUST_03795,63,Chennai,India,1930736,Regular,42,DEV_06919,4319.13
CUST_03796,62,Kolkata,India,1104622,Corporate,1748,DEV_08898,8904.28
CUST_03797,21,Hyderabad,India,690780,Gold,797,DEV_02251,9164.72
CUST_03798,43,Hyderabad,India,3187510,Regular,1773,DEV_03014,2450.69
CUST_03799,63,Bangalore,India,4796921,Regular,852,DEV_00402,4703.82
CUST_03800,53,Ahmedabad,India,751442,Gold,2298,DEV_04041,1467.05
CUST_03801,66,Ahmedabad,India,4378247,Regular,2784,DEV_05337,5949.82
CUST_03802,63,Pune,India,4235706,Regular,794,DEV_05893,6334.09
CUST_03803,57,Delhi,India,3641357,Gold,2873,DEV_01178,3839.1
CUST_03804,24,Pune,India,3943229,Regular,1677,DEV_08169,5623.12
CUST_03805,25,Ahmedabad,India,290600,Platinum,1464,DEV_06351,6067.56
CUST_03806,44,Kolkata,India,763445,Gold,1139,DEV_05703,9349.01
CUST_03807,20,Mumbai,India,203331,Regular,2170,DEV_07327,1230.28
CUST_03808,30,Chennai,India,4200609,Regular,2716,DEV_02678,6075.9
CUST_03809,64,Pune,India,2146892,Regular,829,DEV_07361,6302.17
CUST_03810,46,Mumbai,India,3518680,Regular,2068,DEV_04710,9561.65
CUST_03811,49,Ahmedabad,India,4336977,Regular,104,DEV_01203,727.92
CUST_03812,38,Pune,India,1020572,Gold,763,DEV_06884,3699.33
CUST_03813,41,Bangalore,India,1513713,Regular,2541,DEV_04494,9255.19
CUST_03814,36,Chennai,India,2869167,Regular,2157,DEV_06601,2724.51
CUST_03815,68,Kolkata,India,2686348,Corporate,1559,DEV_05103,4038.63
CUST_03816,69,Hyderabad,India,2304953,Regular,286,DEV_02398,5053.95
CUST_03817,66,Kolkata,India,1460016,Regular,1980,DEV_09767,2835.41
CUST_03818,50,Pune,India,1909242,Regular,2191,DEV_04837,8375.35
CUST_03819,42,Ahmedabad,India,675977,Platinum,2220,DEV_06803,5362.47
CUST_03820,22,Kolkata,India,3354834,Regular,1655,DEV_08372,2295.33
CUST_03821,43,Bangalore,India,2826611,Regular,330,DEV_00642,2618.09
CUST_03822,18,Bangalore,India,1289340,Regular,2600,DEV_05250,8241.09
CUST_03823,60,Pune,India,4233783,Corporate,2416,DEV_00530,5357.45
CUST_03824,53,Chennai,India,4573411,Regular,1903,DEV_06228,4265.14
CUST_03825,61,Pune,India,4810898,Gold,1125,DEV_02797,2542.26
CUST_03826,33,Chennai,India,3685208,Regular,1106,DEV_09635,6427.23
CUST_03827,40,Ahmedabad,India,3812823,Corporate,1438,DEV_02867,9845.94
CUST_03828,38,Chennai,India,4391567,Regular,1154,DEV_01472,4241.33
CUST_03829,33,Pune,India,1244348,Regular,135,DEV_03910,1770.03
CUST_03830,23,Kolkata,India,1514693,Regular,1932,DEV_00944,2816.6
CUST_03831,68,Hyderabad,India,4222151,Regular,1783,DEV_01326,910.88
CUST_03832,54,Pune,India,2298307,Regular,284,DEV_03226,8963.89
CUST_03833,57,Ahmedabad,India,4764517,Platinum,1752,DEV_00231,7383.17
CUST_03834,41,Kolkata,India,2605023,Regular,342,DEV_04084,1140.63
CUST_03835,23,Kolkata,India,3131605,Regular,420,DEV_08801,5955.86
CUST_03836,36,Hyderabad,India,4055002,Gold,716,DEV_04061,2093.05
CUST_03837,58,Chennai,India,2078803,Regular,1854,DEV_00811,8276.43
CUST_03838,61,Ahmedabad,India,4679135,Gold,827,DEV_06155,7071.79
CUST_03839,31,Delhi,India,2662630,Regular,1977,DEV_05107,8658.13
CUST_03840,39,Kolkata,India,2366216,Gold,2186,DEV_01465,7312.22
CUST_03841,26,Mumbai,India,3683309,Regular,842,DEV_00902,9528.96
CUST_03842,56,Kolkata,India,1736257,Gold,1061,DEV_01689,7444.93
CUST_03843,26,Ahmedabad,India,380702,Regular,997,DEV_09015,2813.07
CUST_03844,68,Kolkata,India,1961938,Gold,1203,DEV_00005,6283.75
CUST_03845,20,Mumbai,India,532062,Platinum,2733,DEV_00250,9335.92
CUST_03846,21,Chennai,India,379971,Regular,1401,DEV_03880,4932.65
CUST_03847,35,Hyderabad,India,4226293,Platinum,1458,DEV_01048,5708.06
CUST_03848,38,Ahmedabad,India,4836548,Platinum,2370,DEV_03491,7104.54
CUST_03849,34,Kolkata,India,575520,Regular,376,DEV_00573,9779.3
CUST_03850,61,Chennai,India,1541680,Regular,1891,DEV_01046,2427.61
CUST_03851,67,Mumbai,India,4608594,Platinum,2087,DEV_02809,4246.71
CUST_03852,50,Mumbai,India,4863139,Regular,1864,DEV_05533,631.0
CUST_03853,43,Ahmedabad,India,4788662,Gold,2432,DEV_08646,8402.23
CUST_03854,60,Hyderabad,India,1999902,Platinum,1191,DEV_01898,3126.35
CUST_03855,22,Ahmedabad,India,3211124,Regular,71,DEV_06220,9449.44
CUST_03856,64,Ahmedabad,India,1336041,Gold,734,DEV_07229,9544.01
CUST_03857,60,Bangalore,India,1541599,Corporate,1307,DEV_00042,4729.51
CUST_03858,70,Kolkata,India,784404,Corporate,995,DEV_04318,7605.37
CUST_03859,61,Kolkata,India,3895741,Regular,490,DEV_00316,9009.77
CUST_03860,48,Chennai,India,2327597,Regular,2627,DEV_01516,1097.57
CUST_03861,62,Ahmedabad,India,2679022,Platinum,492,DEV_09862,9362.86
CUST_03862,51,Ahmedabad,India,1052730,Gold,1889,DEV_09042,9138.36
CUST_03863,25,Delhi,India,208205,Gold,165,DEV_05502,9573.0
CUST_03864,31,Delhi,India,1252017,Regular,275,DEV_03334,7351.53
CUST_03865,57,Pune,India,869217,Regular,1341,DEV_05592,2003.91
CUST_03866,23,Pune,India,3982895,Regular,1652,DEV_04135,1265.46
CUST_03867,24,Hyderabad,India,4778787,Regular,2581,DEV_00207,5373.57
CUST_03868,28,Bangalore,India,356741,Gold,482,DEV_04111,8384.89
CUST_03869,59,Kolkata,India,1186511,Regular,462,DEV_09877,6313.8
CUST_03870,34,Hyderabad,India,2925327,Regular,2594,DEV_03872,9439.74
CUST_03871,57,Bangalore,India,905154,Regular,2257,DEV_05929,5419.76
CUST_03872,18,Mumbai,India,1262086,Regular,1280,DEV_03210,5529.85
CUST_03873,26,Pune,India,500178,Regular,2161,DEV_00596,6781.36
CUST_03874,27,Delhi,India,3770434,Regular,2791,DEV_02906,942.1
CUST_03875,47,Pune,India,2484103,Regular,2214,DEV_02799,9701.71
CUST_03876,29,Pune,India,4653262,Regular,655,DEV_04657,588.04
CUST_03877,65,Kolkata,India,1436899,Corporate,1686,DEV_07578,4850.66
CUST_03878,47,Chennai,India,932941,Regular,1152,DEV_01983,8214.54
CUST_03879,44,Ahmedabad,India,4841843,Regular,2366,DEV_02557,5604.45
CUST_03880,49,Pune,India,1919661,Regular,1868,DEV_09783,8468.47
CUST_03881,42,Hyderabad,India,4949194,Gold,1477,DEV_01837,6788.42
CUST_03882,50,Ahmedabad,India,3210669,Regular,935,DEV_03517,2972.57
CUST_03883,33,Chennai,India,2884281,Regular,1178,DEV_00353,9775.17
CUST_03884,25,Chennai,India,419876,Regular,2786,DEV_00460,6972.06
CUST_03885,60,Delhi,India,3529695,Regular,2791,DEV_05694,2310.49
CUST_03886,38,Chennai,India,3360481,Regular,2549,DEV_02647,1985.62
CUST_03887,27,Chennai,India,2277361,Regular,109,DEV_05274,1913.54
CUST_03888,54,Delhi,India,1663591,Regular,794,DEV_06116,5998.83
CUST_03889,64,Bangalore,India,1591987,Corporate,1945,DEV_02636,8295.28
CUST_03890,66,Pune,India,2520687,Gold,68,DEV_07441,5148.23
CUST_03891,28,Pune,India,4955599,Regular,2585,DEV_03687,6173.28
CUST_03892,26,Kolkata,India,1925739,Corporate,2075,DEV_05532,5411.88
CUST_03893,60,Hyderabad,India,3288699,Gold,2836,DEV_03466,2069.62
CUST_03894,70,Pune,India,2720739,Regular,736,DEV_06905,9548.5
CUST_03895,62,Pune,India,3807404,Regular,1965,DEV_03022,9505.16
CUST_03896,40,Delhi,India,3505405,Regular,1150,DEV_06011,3274.28
CUST_03897,21,Mumbai,India,1764133,Regular,2032,DEV_06138,638.72
CUST_03898,47,Ahmedabad,India,3309223,Regular,1396,DEV_08327,3926.12
CUST_03899,19,Kolkata,India,420621,Platinum,2401,DEV_06035,3155.56
CUST_03900,54,Ahmedabad,India,1324499,Regular,2271,DEV_05545,9415.02
CUST_03901,35,Ahmedabad,India,2922063,Regular,1438,DEV_00246,1207.97
CUST_03902,27,Chennai,India,4095441,Corporate,2106,DEV_05708,8294.24
CUST_03903,36,Hyderabad,India,1297361,Regular,1200,DEV_01639,7627.94
CUST_03904,38,Hyderabad,India,3946652,Regular,1078,DEV_01515,4922.59
CUST_03905,27,Pune,India,3150181,Gold,1913,DEV_08978,8065.8
CUST_03906,62,Mumbai,India,3411909,Gold,64,DEV_05597,1461.54
CUST_03907,43,Bangalore,India,211109,Regular,2333,DEV_04008,5854.7
CUST_03908,33,Delhi,India,3922885,Regular,2457,DEV_07421,2216.63
CUST_03909,25,Bangalore,India,3077154,Platinum,1869,DEV_06818,8539.04
CUST_03910,59,Chennai,India,3129799,Regular,163,DEV_08078,555.78
CUST_03911,45,Bangalore,India,1508258,Regular,1737,DEV_05636,8016.6
CUST_03912,40,Delhi,India,4394145,Regular,1016,DEV_00081,4094.74
CUST_03913,65,Kolkata,India,1717148,Regular,820,DEV_05193,8662.17
CUST_03914,44,Pune,India,2912593,Regular,2782,DEV_02466,7894.3
CUST_03915,31,Chennai,India,2283509,Regular,1417,DEV_02876,5796.66
CUST_03916,61,Bangalore,India,3963574,Platinum,1725,DEV_04147,776.99
CUST_03917,43,Kolkata,India,1481359,Regular,1376,DEV_09076,7197.66
CUST_03918,45,Hyderabad,India,3383540,Platinum,2482,DEV_05157,7337.92
CUST_03919,21,Delhi,India,4141426,Regular,2158,DEV_00748,4507.66
CUST_03920,68,Delhi,India,3611122,Platinum,920,DEV_01290,1119.21
CUST_03921,48,Delhi,India,3243643,Regular,782,DEV_02956,7663.05
CUST_03922,24,Mumbai,India,1554694,Regular,287,DEV_09946,1543.81
CUST_03923,61,Kolkata,India,3460654,Gold,225,DEV_04702,2292.52
CUST_03924,48,Pune,India,1750641,Gold,2411,DEV_01621,5522.69
CUST_03925,29,Chennai,India,2449849,Corporate,2225,DEV_08695,3115.3
CUST_03926,61,Hyderabad,India,2548331,Platinum,2908,DEV_08878,8642.13
CUST_03927,64,Mumbai,India,2677664,Regular,228,DEV_04465,5882.83
CUST_03928,60,Delhi,India,3867508,Regular,1024,DEV_00458,7503.53
CUST_03929,56,Ahmedabad,India,1574884,Gold,2671,DEV_03812,1119.62
CUST_03930,44,Bangalore,India,4884145,Corporate,765,DEV_03609,9777.32
CUST_03931,62,Delhi,India,4873127,Regular,2762,DEV_03783,8620.06
CUST_03932,61,Hyderabad,India,3900617,Corporate,2133,DEV_07858,9917.92
CUST_03933,20,Delhi,India,746382,Gold,2382,DEV_09509,4517.12
CUST_03934,59,Hyderabad,India,1091900,Gold,1688,DEV_03023,5717.92
CUST_03935,61,Pune,India,3519798,Gold,2646,DEV_09140,8684.89
CUST_03936,61,Delhi,India,1514635,Regular,2320,DEV_05324,8092.26
CUST_03937,51,Hyderabad,India,3109656,Regular,2120,DEV_07364,8835.4
CUST_03938,66,Chennai,India,3817445,Platinum,1144,DEV_03110,1525.47
CUST_03939,50,Bangalore,India,3235276,Corporate,2761,DEV_06769,2367.51
CUST_03940,53,Chennai,India,2005347,Regular,82,DEV_08015,4793.68
CUST_03941,19,Hyderabad,India,1570054,Regular,2050,DEV_09732,1867.99
CUST_03942,63,Mumbai,India,3917469,Regular,2082,DEV_08778,7368.83
CUST_03943,61,Bangalore,India,4811496,Regular,1022,DEV_00574,9864.19
CUST_03944,27,Kolkata,India,4808354,Regular,2160,DEV_05419,6201.8
CUST_03945,19,Kolkata,India,3985144,Platinum,1606,DEV_04040,6616.99
CUST_03946,64,Mumbai,India,4027819,Regular,2811,DEV_00519,8937.85
CUST_03947,53,Ahmedabad,India,2555018,Regular,1305,DEV_07571,9441.63
CUST_03948,48,Delhi,India,1223166,Gold,1381,DEV_03490,7626.52
CUST_03949,22,Mumbai,India,1541511,Regular,2357,DEV_06484,4286.71
CUST_03950,42,Chennai,India,2401339,Corporate,1953,DEV_05380,4556.44
CUST_03951,31,Ahmedabad,India,1235785,Regular,592,DEV_07763,6644.97
CUST_03952,22,Pune,India,496608,Regular,1020,DEV_01092,7369.6
CUST_03953,56,Chennai,India,3550359,Regular,2928,DEV_09017,7214.63
CUST_03954,20,Hyderabad,India,637048,Regular,1541,DEV_04622,8591.16
CUST_03955,34,Pune,India,3314061,Regular,1178,DEV_02518,761.87
CUST_03956,51,Kolkata,India,1276636,Regular,2731,DEV_04447,3842.24
CUST_03957,63,Hyderabad,India,3400685,Gold,1158,DEV_09457,6485.34
CUST_03958,63,Delhi,India,1641570,Regular,168,DEV_09695,1841.85
CUST_03959,65,Bangalore,India,1656271,Gold,1651,DEV_07128,3787.57
CUST_03960,61,Delhi,India,1167317,Regular,1747,DEV_08565,5908.16
CUST_03961,23,Delhi,India,4303891,Regular,1574,DEV_04721,2920.1
CUST_03962,37,Kolkata,India,4240858,Regular,2045,DEV_05127,8721.6
CUST_03963,60,Delhi,India,350259,Regular,1807,DEV_04729,2391.48
CUST_03964,64,Mumbai,India,4348647,Corporate,1399,DEV_02326,938.53
CUST_03965,20,Hyderabad,India,1991825,Gold,198,DEV_01384,3803.01
CUST_03966,58,Bangalore,India,1559962,Regular,2213,DEV_02072,9398.54
CUST_03967,55,Pune,India,2434847,Regular,658,DEV_07006,7824.7
CUST_03968,61,Delhi,India,3624288,Gold,1162,DEV_03023,1806.92
CUST_03969,35,Mumbai,India,914533,Regular,826,DEV_05265,4475.46
CUST_03970,60,Pune,India,4647726,Gold,252,DEV_01875,6381.47
CUST_03971,64,Mumbai,India,2375556,Platinum,1892,DEV_03975,1044.65
CUST_03972,24,Delhi,India,3422254,Regular,1570,DEV_00195,3064.37
CUST_03973,63,Delhi,India,1638433,Regular,1305,DEV_07975,5945.69
CUST_03974,38,Bangalore,India,1036995,Regular,1226,DEV_09873,3218.92
CUST_03975,54,Bangalore,India,2481165,Regular,2372,DEV_00815,6507.63
CUST_03976,26,Delhi,India,4187911,Regular,822,DEV_09732,6577.24
CUST_03977,60,Hyderabad,India,4861049,Gold,1631,DEV_03729,9781.23
CUST_03978,61,Mumbai,India,2087361,Regular,1071,DEV_04839,3325.71
CUST_03979,67,Pune,India,798964,Gold,799,DEV_09916,6883.0
CUST_03980,60,Hyderabad,India,640685,Platinum,690,DEV_09280,7198.98
CUST_03981,47,Kolkata,India,2588735,Corporate,711,DEV_07342,2561.21
CUST_03982,45,Mumbai,India,235107,Corporate,2141,DEV_00856,8541.0
CUST_03983,33,Ahmedabad,India,3370440,Regular,1592,DEV_05451,6587.86
CUST_03984,33,Chennai,India,3011902,Corporate,559,DEV_07639,6171.78
CUST_03985,45,Kolkata,India,1488264,Regular,1288,DEV_07733,7072.88
CUST_03986,32,Delhi,India,3126381,Corporate,2842,DEV_03366,744.76
CUST_03987,28,Hyderabad,India,3866653,Corporate,2659,DEV_01667,6955.55
CUST_03988,48,Kolkata,India,233235,Regular,1778,DEV_04723,8137.36
CUST_03989,34,Kolkata,India,2507935,Gold,1681,DEV_05787,6759.62
CUST_03990,32,Mumbai,India,823954,Corporate,245,DEV_01468,3638.59
CUST_03991,51,Pune,India,3563614,Regular,1464,DEV_08350,7274.35
CUST_03992,49,Bangalore,India,4693832,Gold,452,DEV_08918,9818.17
CUST_03993,34,Ahmedabad,India,2273100,Regular,2962,DEV_05441,3955.52
CUST_03994,21,Pune,India,4986256,Gold,1968,DEV_08040,7640.95
CUST_03995,62,Chennai,India,3940212,Regular,946,DEV_00909,8833.67
CUST_03996,69,Ahmedabad,India,2323147,Platinum,966,DEV_01080,5564.52
CUST_03997,61,Bangalore,India,4700510,Platinum,1127,DEV_00895,1683.98
CUST_03998,26,Mumbai,India,749696,Regular,1896,DEV_01342,1172.71
CUST_03999,64,Chennai,India,2198431,Regular,1360,DEV_01375,6945.88
CUST_04000,47,Ahmedabad,India,3078225,Regular,2151,DEV_05563,517.99
CUST_04001,42,Chennai,India,640321,Gold,503,DEV_09153,2767.88
CUST_04002,29,Chennai,India,1084264,Regular,1074,DEV_06751,7540.29
CUST_04003,24,Hyderabad,India,3323199,Corporate,2126,DEV_08159,4093.81
CUST_04004,50,Pune,India,4404485,Platinum,2168,DEV_01482,5519.31
CUST_04005,43,Hyderabad,India,3759390,Regular,851,DEV_07042,7999.91
CUST_04006,55,Pune,India,3357404,Regular,1100,DEV_09100,7861.13
CUST_04007,29,Ahmedabad,India,1734690,Corporate,249,DEV_00363,4804.48
CUST_04008,46,Pune,India,3742957,Regular,2778,DEV_08483,1057.98
CUST_04009,52,Chennai,India,1925855,Regular,2483,DEV_03211,3998.57
CUST_04010,42,Hyderabad,India,3825489,Regular,1750,DEV_07030,5098.0
CUST_04011,66,Ahmedabad,India,385288,Regular,1973,DEV_07328,3283.74
CUST_04012,42,Mumbai,India,3015582,Gold,1333,DEV_02420,4800.93
CUST_04013,56,Bangalore,India,1461601,Regular,475,DEV_01351,8614.48
CUST_04014,60,Pune,India,3818562,Regular,1904,DEV_04468,4785.18
CUST_04015,25,Mumbai,India,1841631,Corporate,279,DEV_06876,2039.47
CUST_04016,60,Ahmedabad,India,4869121,Regular,594,DEV_09863,3941.26
CUST_04017,37,Kolkata,India,644782,Regular,2441,DEV_04022,513.71
CUST_04018,20,Pune,India,4001336,Regular,2204,DEV_00512,9332.19
CUST_04019,56,Delhi,India,3514579,Gold,2249,DEV_04571,5215.1
CUST_04020,66,Hyderabad,India,3281062,Corporate,227,DEV_04745,524.04
CUST_04021,44,Kolkata,India,4475292,Regular,2672,DEV_07981,4114.48
CUST_04022,52,Bangalore,India,489266,Gold,2608,DEV_06816,9506.33
CUST_04023,68,Chennai,India,1163900,Regular,641,DEV_08681,595.09
CUST_04024,37,Hyderabad,India,2531260,Platinum,1864,DEV_09520,2770.66
CUST_04025,39,Bangalore,India,733984,Gold,521,DEV_03272,9639.74
CUST_04026,54,Pune,India,945211,Regular,1894,DEV_02491,1226.55
CUST_04027,28,Chennai,India,2197286,Regular,2290,DEV_06080,5061.36
CUST_04028,70,Kolkata,India,1673388,Regular,2239,DEV_05861,2818.97
CUST_04029,27,Ahmedabad,India,3455477,Corporate,942,DEV_09819,5278.65
CUST_04030,22,Chennai,India,2125524,Regular,279,DEV_03134,8115.43
CUST_04031,37,Hyderabad,India,2745162,Corporate,1156,DEV_03343,2535.88
CUST_04032,26,Hyderabad,India,3501547,Regular,1619,DEV_05465,1092.38
CUST_04033,54,Bangalore,India,1887040,Gold,1107,DEV_04674,1850.48
CUST_04034,69,Hyderabad,India,3700967,Regular,453,DEV_00165,588.69
CUST_04035,22,Bangalore,India,2904643,Regular,130,DEV_04450,7864.73
CUST_04036,44,Kolkata,India,2579881,Gold,1585,DEV_04561,2697.96
CUST_04037,28,Chennai,India,4821803,Gold,2694,DEV_01093,8275.55
CUST_04038,49,Delhi,India,3790099,Gold,165,DEV_06723,9641.05
CUST_04039,58,Pune,India,3244657,Regular,1298,DEV_08026,7380.06
CUST_04040,48,Pune,India,2408389,Regular,590,DEV_07956,2194.84
CUST_04041,47,Bangalore,India,972362,Corporate,2372,DEV_06202,2046.93
CUST_04042,55,Kolkata,India,254502,Regular,2176,DEV_01957,7169.93
CUST_04043,39,Bangalore,India,1239674,Regular,750,DEV_02958,3767.03
CUST_04044,21,Hyderabad,India,693338,Corporate,193,DEV_03860,6112.33
CUST_04045,18,Mumbai,India,576969,Regular,288,DEV_02476,7379.77
CUST_04046,60,Chennai,India,1138669,Gold,2281,DEV_07855,3466.2
CUST_04047,35,Ahmedabad,India,1326783,Regular,1761,DEV_00666,1058.59
CUST_04048,31,Ahmedabad,India,3392522,Corporate,58,DEV_06214,6033.58
CUST_04049,33,Chennai,India,4899951,Corporate,407,DEV_05213,4470.04
CUST_04050,55,Mumbai,India,3946586,Regular,1445,DEV_06162,959.17
CUST_04051,22,Mumbai,India,2354419,Corporate,2338,DEV_06656,6919.34
CUST_04052,61,Kolkata,India,3529614,Regular,2882,DEV_06813,8918.38
CUST_04053,21,Hyderabad,India,539077,Regular,1622,DEV_03673,8878.09
CUST_04054,41,Chennai,India,1407336,Regular,2371,DEV_03210,4901.25
CUST_04055,38,Delhi,India,1156496,Regular,1016,DEV_03566,9081.74
CUST_04056,69,Kolkata,India,4064742,Regular,2841,DEV_06058,2458.02
CUST_04057,43,Bangalore,India,4797796,Gold,1310,DEV_05639,7627.7
CUST_04058,44,Pune,India,2301092,Gold,1349,DEV_06811,1901.33
CUST_04059,46,Mumbai,India,513214,Regular,2506,DEV_06096,8700.56
CUST_04060,46,Kolkata,India,1107544,Corporate,963,DEV_04149,4909.6
CUST_04061,61,Kolkata,India,3937773,Gold,2374,DEV_02666,2537.43
CUST_04062,57,Chennai,India,1192240,Regular,937,DEV_07811,2074.98
CUST_04063,41,Kolkata,India,4284812,Regular,2918,DEV_05380,1435.76
CUST_04064,44,Mumbai,India,885532,Gold,1482,DEV_07348,8616.29
CUST_04065,47,Chennai,India,3764081,Regular,2565,DEV_09296,9666.75
CUST_04066,49,Bangalore,India,2808173,Regular,699,DEV_02331,4839.68
CUST_04067,26,Chennai,India,3935708,Regular,304,DEV_02890,7167.37
CUST_04068,47,Chennai,India,1664995,Corporate,170,DEV_07617,4536.41
CUST_04069,24,Kolkata,India,2556782,Regular,2188,DEV_04943,1167.41
CUST_04070,36,Ahmedabad,India,3516336,Regular,2017,DEV_01369,4415.69
CUST_04071,28,Delhi,India,2591915,Regular,1118,DEV_04761,834.48
CUST_04072,21,Bangalore,India,2642854,Regular,2029,DEV_01254,8591.75
CUST_04073,45,Hyderabad,India,3094067,Regular,1485,DEV_08275,3995.08
CUST_04074,66,Hyderabad,India,3763169,Regular,1313,DEV_08215,9149.31
CUST_04075,26,Pune,India,2615416,Regular,1725,DEV_07236,6997.34
CUST_04076,20,Mumbai,India,2949823,Gold,1840,DEV_00086,7131.4
CUST_04077,50,Pune,India,4054029,Regular,1730,DEV_02775,6046.87
CUST_04078,38,Ahmedabad,India,3482176,Gold,498,DEV_07066,9721.61
CUST_04079,21,Chennai,India,2437448,Regular,2709,DEV_03507,6057.92
CUST_04080,30,Pune,India,2519265,Platinum,1682,DEV_00960,5475.95
CUST_04081,34,Delhi,India,1678522,Gold,1032,DEV_05511,9888.49
CUST_04082,28,Chennai,India,2873554,Regular,1760,DEV_07239,3138.04
CUST_04083,48,Bangalore,India,2315888,Corporate,2642,DEV_01345,7007.41
CUST_04084,20,Ahmedabad,India,4666599,Gold,2293,DEV_09527,7440.87
CUST_04085,26,Hyderabad,India,429345,Corporate,438,DEV_03426,3841.68
CUST_04086,58,Bangalore,India,2354426,Regular,2540,DEV_04293,1306.38
CUST_04087,29,Chennai,India,4538849,Regular,2664,DEV_00734,5052.97
CUST_04088,63,Bangalore,India,2166571,Regular,1302,DEV_09999,9571.15
CUST_04089,36,Mumbai,India,4584281,Platinum,2203,DEV_04958,7966.58
CUST_04090,29,Kolkata,India,2034841,Regular,2958,DEV_07040,1150.55
CUST_04091,60,Chennai,India,3591787,Regular,829,DEV_03242,5198.51
CUST_04092,42,Pune,India,3543342,Regular,1373,DEV_04866,7710.93
CUST_04093,35,Pune,India,2957882,Gold,1588,DEV_01614,2444.86
CUST_04094,28,Pune,India,4092246,Regular,847,DEV_09287,2683.41
CUST_04095,28,Pune,India,4761241,Regular,2699,DEV_06494,8834.44
CUST_04096,18,Delhi,India,857658,Platinum,795,DEV_08346,5414.62
CUST_04097,32,Mumbai,India,2053024,Regular,1408,DEV_09469,6900.08
CUST_04098,49,Mumbai,India,4080445,Platinum,989,DEV_00262,5344.85
CUST_04099,41,Mumbai,India,4179924,Corporate,988,DEV_06956,6887.37
CUST_04100,30,Hyderabad,India,3601594,Regular,2270,DEV_08599,6512.68
CUST_04101,49,Hyderabad,India,1731270,Platinum,1141,DEV_08317,9318.0
CUST_04102,31,Hyderabad,India,4104856,Platinum,925,DEV_01071,3307.95
CUST_04103,42,Mumbai,India,850471,Regular,2804,DEV_08571,2678.46
CUST_04104,60,Bangalore,India,2085541,Regular,2471,DEV_07090,5138.94
CUST_04105,53,Ahmedabad,India,4761886,Regular,1147,DEV_04538,4952.6
CUST_04106,54,Ahmedabad,India,3783850,Regular,2171,DEV_09134,4744.77
CUST_04107,58,Pune,India,4189868,Regular,2375,DEV_02488,3261.68
CUST_04108,22,Bangalore,India,2953311,Regular,2973,DEV_04606,4159.77
CUST_04109,26,Ahmedabad,India,222503,Regular,245,DEV_02423,8915.8
CUST_04110,53,Bangalore,India,2318769,Regular,472,DEV_08305,886.96
CUST_04111,45,Pune,India,2334759,Regular,1311,DEV_08813,2436.81
CUST_04112,28,Delhi,India,2972227,Regular,2880,DEV_07087,845.5
CUST_04113,29,Bangalore,India,2018202,Platinum,1299,DEV_08868,9567.97
CUST_04114,27,Chennai,India,1694838,Regular,498,DEV_08061,4156.48
CUST_04115,34,Chennai,India,505992,Regular,1301,DEV_08724,6510.98
CUST_04116,38,Bangalore,India,2002630,Gold,2108,DEV_00155,5210.84
CUST_04117,43,Chennai,India,1020209,Regular,1171,DEV_00819,8382.17
CUST_04118,56,Mumbai,India,1127609,Regular,558,DEV_07459,4177.36
CUST_04119,38,Mumbai,India,1900496,Regular,616,DEV_01218,2245.18
CUST_04120,25,Bangalore,India,2306954,Gold,1396,DEV_08327,1604.78
CUST_04121,69,Ahmedabad,India,3629862,Corporate,1834,DEV_04461,8922.75
CUST_04122,62,Ahmedabad,India,3967470,Regular,2485,DEV_03992,4366.41
CUST_04123,53,Hyderabad,India,4881364,Regular,2609,DEV_05760,902.01
CUST_04124,69,Pune,India,3388527,Regular,2392,DEV_08951,4574.51
CUST_04125,70,Pune,India,4083635,Gold,1028,DEV_03701,7475.74
CUST_04126,35,Mumbai,India,629106,Gold,1803,DEV_03058,1127.94
CUST_04127,59,Hyderabad,India,2607903,Gold,2272,DEV_00960,3584.78
CUST_04128,49,Delhi,India,2289516,Platinum,1283,DEV_09265,5893.97
CUST_04129,24,Delhi,India,611135,Gold,263,DEV_05362,8171.58
CUST_04130,41,Hyderabad,India,2790204,Gold,991,DEV_02929,3171.37
CUST_04131,18,Delhi,India,3482506,Regular,2120,DEV_02351,926.99
CUST_04132,27,Delhi,India,2962984,Regular,2606,DEV_09305,1353.81
CUST_04133,58,Chennai,India,1283586,Regular,456,DEV_07867,9963.49
CUST_04134,58,Hyderabad,India,1587280,Regular,1961,DEV_02053,830.59
CUST_04135,48,Hyderabad,India,2749564,Regular,614,DEV_06182,8569.36
CUST_04136,30,Ahmedabad,India,903984,Regular,1944,DEV_09637,805.8
CUST_04137,24,Bangalore,India,2781596,Regular,1312,DEV_03541,4712.66
CUST_04138,36,Hyderabad,India,4404885,Gold,1702,DEV_01018,2609.33
CUST_04139,68,Kolkata,India,2071546,Platinum,974,DEV_05870,9095.75
CUST_04140,42,Chennai,India,3621558,Regular,2967,DEV_08000,1924.85
CUST_04141,25,Delhi,India,2710151,Gold,836,DEV_02216,9603.88
CUST_04142,61,Bangalore,India,1023199,Regular,469,DEV_08387,7435.76
CUST_04143,63,Kolkata,India,3937721,Gold,999,DEV_05423,9962.72
CUST_04144,63,Pune,India,4722919,Regular,2364,DEV_00748,5437.79
CUST_04145,67,Kolkata,India,404545,Regular,1258,DEV_00499,985.15
CUST_04146,22,Bangalore,India,4085607,Regular,1324,DEV_02080,2892.26
CUST_04147,37,Ahmedabad,India,3599121,Platinum,1989,DEV_00964,5429.6
CUST_04148,33,Chennai,India,4265066,Platinum,1570,DEV_03533,9333.89
CUST_04149,67,Kolkata,India,1068239,Regular,1878,DEV_05291,9871.92
CUST_04150,41,Hyderabad,India,3361783,Regular,1927,DEV_05279,5184.97
CUST_04151,21,Chennai,India,1530212,Regular,480,DEV_07416,3924.6
CUST_04152,41,Delhi,India,2099161,Regular,935,DEV_04294,5094.2
CUST_04153,31,Kolkata,India,4279184,Regular,2390,DEV_05103,4413.74
CUST_04154,20,Pune,India,1937584,Gold,2510,DEV_08778,6701.32
CUST_04155,28,Bangalore,India,2603593,Gold,2461,DEV_01727,6623.17
CUST_04156,20,Chennai,India,1555341,Platinum,251,DEV_06419,3686.29
CUST_04157,68,Mumbai,India,1112985,Corporate,525,DEV_00783,1023.82
CUST_04158,64,Mumbai,India,4827520,Regular,1461,DEV_04898,7061.35
CUST_04159,60,Hyderabad,India,454665,Regular,462,DEV_01179,8369.97
CUST_04160,45,Chennai,India,652849,Regular,598,DEV_01244,2709.49
CUST_04161,26,Chennai,India,1584675,Gold,2965,DEV_05236,1814.55
CUST_04162,47,Hyderabad,India,2240783,Regular,1619,DEV_09920,6958.33
CUST_04163,69,Ahmedabad,India,3716864,Corporate,1893,DEV_00872,1272.86
CUST_04164,30,Delhi,India,318421,Regular,53,DEV_00065,8537.79
CUST_04165,40,Ahmedabad,India,280744,Corporate,2364,DEV_07873,5399.0
CUST_04166,53,Chennai,India,4091157,Corporate,503,DEV_03168,3534.41
CUST_04167,47,Bangalore,India,4702201,Regular,2454,DEV_00042,1216.56
CUST_04168,55,Delhi,India,2269733,Regular,1784,DEV_01759,3510.89
CUST_04169,27,Delhi,India,3166105,Regular,421,DEV_02064,4354.96
CUST_04170,63,Bangalore,India,1165999,Gold,633,DEV_01220,4699.2
CUST_04171,21,Pune,India,3718870,Regular,790,DEV_06710,9747.61
CUST_04172,46,Chennai,India,2683304,Gold,1154,DEV_02964,2612.79
CUST_04173,36,Ahmedabad,India,1936865,Regular,740,DEV_06286,3279.66
CUST_04174,63,Kolkata,India,882353,Regular,2078,DEV_04762,2131.08
CUST_04175,57,Mumbai,India,337124,Regular,1371,DEV_03963,3390.84
CUST_04176,30,Delhi,India,4051378,Regular,696,DEV_03776,6584.21
CUST_04177,31,Mumbai,India,685401,Platinum,2303,DEV_05922,8252.93
CUST_04178,22,Mumbai,India,4459740,Regular,2272,DEV_08980,7370.31
CUST_04179,31,Bangalore,India,410383,Regular,283,DEV_00211,3845.39
CUST_04180,66,Delhi,India,1479568,Corporate,321,DEV_08337,9452.26
CUST_04181,67,Pune,India,3277377,Regular,2937,DEV_02026,854.26
CUST_04182,70,Mumbai,India,2775990,Regular,609,DEV_00952,7681.18
CUST_04183,45,Mumbai,India,4894473,Regular,1502,DEV_03692,4643.28
CUST_04184,23,Ahmedabad,India,2910955,Gold,2470,DEV_06379,2564.67
CUST_04185,21,Pune,India,2155593,Platinum,2197,DEV_04877,4494.57
CUST_04186,54,Kolkata,India,1746509,Gold,749,DEV_08406,4497.89
CUST_04187,43,Hyderabad,India,809980,Gold,1202,DEV_07419,4244.52
CUST_04188,26,Ahmedabad,India,3780047,Corporate,846,DEV_03012,9764.75
CUST_04189,58,Mumbai,India,4466040,Gold,731,DEV_08564,2105.77
CUST_04190,47,Mumbai,India,4013146,Regular,1161,DEV_01169,518.53
CUST_04191,43,Bangalore,India,348418,Gold,1593,DEV_00114,4173.33
CUST_04192,37,Bangalore,India,2177953,Regular,1902,DEV_04773,5563.69
CUST_04193,36,Ahmedabad,India,945631,Regular,182,DEV_00105,5782.99
CUST_04194,48,Kolkata,India,2344793,Gold,355,DEV_01624,8312.01
CUST_04195,19,Hyderabad,India,1848867,Gold,74,DEV_07088,6246.31
CUST_04196,70,Hyderabad,India,4936664,Regular,377,DEV_03584,6177.47
CUST_04197,19,Pune,India,4212359,Regular,1722,DEV_05927,2681.4
CUST_04198,50,Pune,India,4601008,Gold,2586,DEV_06997,5088.2
CUST_04199,41,Chennai,India,3246471,Regular,2964,DEV_07080,6433.79
CUST_04200,25,Bangalore,India,1853637,Regular,535,DEV_06597,9426.27
CUST_04201,57,Ahmedabad,India,1089528,Gold,175,DEV_09807,634.53
CUST_04202,68,Chennai,India,4670054,Regular,2210,DEV_05874,1589.13
CUST_04203,26,Hyderabad,India,2863469,Regular,2221,DEV_09660,6929.1
CUST_04204,28,Mumbai,India,3445710,Gold,2333,DEV_08681,6508.77
CUST_04205,59,Chennai,India,4744498,Corporate,1044,DEV_03954,9388.58
CUST_04206,65,Chennai,India,1903540,Regular,1250,DEV_01863,1660.83
CUST_04207,21,Chennai,India,2639536,Gold,2263,DEV_05999,8056.68
CUST_04208,63,Hyderabad,India,2308510,Regular,519,DEV_00036,778.54
CUST_04209,40,Mumbai,India,3938722,Platinum,571,DEV_07539,8351.95
CUST_04210,27,Bangalore,India,4904862,Regular,2325,DEV_02911,620.16
CUST_04211,19,Chennai,India,712925,Regular,1757,DEV_06375,5578.83
CUST_04212,41,Pune,India,595332,Platinum,1797,DEV_01377,1722.88
CUST_04213,24,Mumbai,India,3940973,Platinum,2848,DEV_08847,3124.42
CUST_04214,38,Kolkata,India,882642,Corporate,1783,DEV_03795,5442.62
CUST_04215,18,Kolkata,India,2535889,Regular,2485,DEV_04600,9369.06
CUST_04216,31,Hyderabad,India,1581590,Regular,2509,DEV_05987,3929.87
CUST_04217,62,Bangalore,India,3422476,Gold,2193,DEV_04303,2594.34
CUST_04218,56,Pune,India,4874003,Gold,235,DEV_04515,6909.64
CUST_04219,20,Bangalore,India,2709041,Regular,1287,DEV_00622,2364.11
CUST_04220,41,Pune,India,2526981,Gold,1165,DEV_04770,5023.37
CUST_04221,66,Pune,India,1203145,Regular,1184,DEV_08273,7283.49
CUST_04222,34,Ahmedabad,India,1632134,Corporate,1426,DEV_08831,8635.21
CUST_04223,63,Bangalore,India,3674630,Regular,2580,DEV_06940,9672.56
CUST_04224,32,Hyderabad,India,4695405,Corporate,265,DEV_08492,1068.77
CUST_04225,69,Ahmedabad,India,1225400,Gold,757,DEV_03470,3905.21
CUST_04226,29,Chennai,India,1091800,Regular,172,DEV_07923,7786.73
CUST_04227,48,Hyderabad,India,320382,Gold,829,DEV_02992,7412.05
CUST_04228,18,Chennai,India,4610901,Regular,77,DEV_03408,9170.51
CUST_04229,31,Kolkata,India,227619,Regular,571,DEV_02751,2387.22
CUST_04230,18,Bangalore,India,4325324,Platinum,444,DEV_00524,3453.07
CUST_04231,28,Mumbai,India,2421520,Regular,2373,DEV_03944,748.96
CUST_04232,67,Mumbai,India,310370,Regular,1982,DEV_08857,5605.31
CUST_04233,62,Pune,India,293639,Regular,2024,DEV_00841,9993.39
CUST_04234,49,Pune,India,2934658,Corporate,634,DEV_02788,6537.85
CUST_04235,34,Ahmedabad,India,4229379,Gold,2276,DEV_06689,3118.0
CUST_04236,21,Bangalore,India,501994,Regular,1550,DEV_09173,2098.69
CUST_04237,65,Pune,India,2607518,Platinum,1284,DEV_09663,7320.42
CUST_04238,36,Mumbai,India,2299445,Regular,1156,DEV_01893,6996.52
CUST_04239,42,Pune,India,2187416,Regular,1783,DEV_08067,7152.88
CUST_04240,35,Pune,India,2709893,Corporate,366,DEV_02987,4498.1
CUST_04241,53,Kolkata,India,2882375,Platinum,1831,DEV_00966,1486.46
CUST_04242,62,Ahmedabad,India,3732159,Regular,1720,DEV_02112,8762.03
CUST_04243,47,Ahmedabad,India,580195,Gold,714,DEV_01219,964.57
CUST_04244,41,Delhi,India,707585,Gold,416,DEV_02825,1012.5
CUST_04245,46,Ahmedabad,India,1041864,Regular,1478,DEV_01263,7056.65
CUST_04246,51,Delhi,India,1129502,Gold,324,DEV_09561,5755.74
CUST_04247,55,Delhi,India,2228012,Regular,1169,DEV_03472,6243.12
CUST_04248,69,Kolkata,India,260912,Corporate,2559,DEV_02788,2311.7
CUST_04249,48,Hyderabad,India,2316062,Regular,420,DEV_09647,8852.03
CUST_04250,44,Kolkata,India,1528221,Regular,2583,DEV_01320,625.39
CUST_04251,31,Kolkata,India,1717298,Regular,2568,DEV_02310,4698.09
CUST_04252,45,Delhi,India,1743379,Platinum,2417,DEV_02854,3549.48
CUST_04253,43,Pune,India,3556863,Regular,901,DEV_00822,2027.32
CUST_04254,25,Pune,India,4208346,Regular,457,DEV_02504,7106.21
CUST_04255,26,Kolkata,India,3016736,Regular,1200,DEV_08735,7219.93
CUST_04256,65,Bangalore,India,2463922,Gold,1185,DEV_08278,4303.86
CUST_04257,68,Hyderabad,India,2016217,Gold,2245,DEV_09212,9766.99
CUST_04258,40,Pune,India,2936164,Regular,2188,DEV_05620,1402.89
CUST_04259,46,Delhi,India,2073252,Corporate,668,DEV_08212,9638.03
CUST_04260,53,Hyderabad,India,3459363,Regular,1872,DEV_04670,854.11
CUST_04261,46,Hyderabad,India,933894,Regular,1605,DEV_04844,9636.61
CUST_04262,22,Mumbai,India,1436331,Regular,2978,DEV_00518,6861.79
CUST_04263,69,Chennai,India,4943041,Regular,2962,DEV_02839,8983.04
CUST_04264,37,Pune,India,1688954,Regular,141,DEV_03588,3359.2
CUST_04265,42,Pune,India,1899916,Regular,2646,DEV_05590,4376.69
CUST_04266,52,Kolkata,India,4958585,Regular,490,DEV_02886,9517.77
CUST_04267,34,Delhi,India,423022,Corporate,2388,DEV_07933,1952.89
CUST_04268,30,Pune,India,1860433,Regular,2068,DEV_03713,7302.38
CUST_04269,63,Ahmedabad,India,3607239,Regular,2389,DEV_04803,5192.43
CUST_04270,33,Kolkata,India,2328542,Regular,2493,DEV_02673,5991.33
CUST_04271,28,Chennai,India,4734445,Regular,1183,DEV_01429,2531.08
CUST_04272,69,Hyderabad,India,1221285,Regular,325,DEV_01983,6597.35
CUST_04273,42,Hyderabad,India,1103775,Platinum,218,DEV_04610,9714.4
CUST_04274,19,Kolkata,India,1740251,Platinum,882,DEV_01822,1382.53
CUST_04275,20,Ahmedabad,India,1241794,Regular,875,DEV_05921,4467.27
CUST_04276,63,Kolkata,India,4714702,Gold,1466,DEV_05221,1766.57
CUST_04277,54,Bangalore,India,3648336,Regular,1975,DEV_09021,4779.98
CUST_04278,18,Chennai,India,279295,Regular,222,DEV_06540,6898.61
CUST_04279,43,Mumbai,India,3615137,Regular,813,DEV_04827,858.53
CUST_04280,29,Kolkata,India,3211588,Gold,1944,DEV_00411,8399.45
CUST_04281,62,Delhi,India,3069312,Gold,1578,DEV_01903,7928.58
CUST_04282,43,Chennai,India,885028,Regular,1974,DEV_01810,2457.54
CUST_04283,46,Pune,India,4064825,Corporate,840,DEV_02795,1280.95
CUST_04284,66,Chennai,India,240855,Platinum,1592,DEV_03308,3595.5
CUST_04285,58,Hyderabad,India,3437105,Regular,1804,DEV_09549,2074.45
CUST_04286,53,Bangalore,India,3074754,Platinum,1868,DEV_08294,8186.97
CUST_04287,22,Mumbai,India,868920,Regular,387,DEV_07302,9651.31
CUST_04288,43,Ahmedabad,India,3424633,Regular,2866,DEV_02891,3748.89
CUST_04289,42,Delhi,India,4613231,Regular,1058,DEV_04223,5684.19
CUST_04290,69,Delhi,India,1248364,Gold,1583,DEV_03810,7535.82
CUST_04291,52,Delhi,India,811657,Regular,845,DEV_03978,2668.02
CUST_04292,28,Delhi,India,4628205,Gold,1869,DEV_00725,7133.66
CUST_04293,50,Delhi,India,4298907,Regular,1133,DEV_03418,9546.05
CUST_04294,25,Mumbai,India,1373225,Regular,642,DEV_03931,1776.06
CUST_04295,38,Pune,India,497325,Regular,2308,DEV_01283,2229.33
CUST_04296,53,Ahmedabad,India,697852,Regular,2633,DEV_00464,5081.69
CUST_04297,22,Ahmedabad,India,2127453,Corporate,1967,DEV_08400,6241.52
CUST_04298,44,Bangalore,India,974331,Gold,2560,DEV_05372,2415.41
CUST_04299,65,Pune,India,2098117,Regular,1539,DEV_07586,5458.74
CUST_04300,19,Hyderabad,India,329582,Regular,1072,DEV_05462,6079.29
CUST_04301,39,Pune,India,4893790,Regular,1916,DEV_02722,7142.84
CUST_04302,27,Kolkata,India,2217431,Gold,1059,DEV_06001,2576.23
CUST_04303,52,Kolkata,India,538159,Regular,1167,DEV_01597,3480.31
CUST_04304,67,Delhi,India,435528,Gold,1490,DEV_04523,7118.74
CUST_04305,64,Hyderabad,India,4470521,Corporate,2145,DEV_06315,6014.35
CUST_04306,37,Delhi,India,4286711,Regular,213,DEV_06519,4635.3
CUST_04307,26,Ahmedabad,India,3176847,Gold,568,DEV_03049,9645.78
CUST_04308,31,Kolkata,India,681036,Gold,1500,DEV_09273,9949.58
CUST_04309,68,Bangalore,India,1490903,Gold,265,DEV_04669,7180.99
CUST_04310,29,Delhi,India,4914064,Gold,617,DEV_01009,8000.84
CUST_04311,52,Bangalore,India,452914,Platinum,2290,DEV_08106,1637.86
CUST_04312,32,Chennai,India,1750563,Corporate,2579,DEV_04279,9478.45
CUST_04313,69,Ahmedabad,India,1808702,Regular,714,DEV_08732,830.7
CUST_04314,30,Ahmedabad,India,4468337,Regular,1200,DEV_06791,1062.39
CUST_04315,44,Mumbai,India,2638580,Platinum,1099,DEV_08884,5113.85
CUST_04316,18,Ahmedabad,India,814342,Gold,2438,DEV_05533,7632.0
CUST_04317,67,Mumbai,India,2034189,Regular,228,DEV_02499,4904.5
CUST_04318,67,Pune,India,1760484,Platinum,1666,DEV_01065,4773.73
CUST_04319,60,Hyderabad,India,897067,Corporate,1032,DEV_06966,6052.58
CUST_04320,34,Hyderabad,India,4431613,Gold,400,DEV_09401,600.41
CUST_04321,70,Mumbai,India,910679,Regular,1642,DEV_09538,3921.68
CUST_04322,56,Bangalore,India,1393226,Regular,527,DEV_07574,3100.87
CUST_04323,67,Kolkata,India,1305323,Gold,1970,DEV_05286,9079.87
CUST_04324,43,Chennai,India,702284,Platinum,640,DEV_01897,6053.29
CUST_04325,56,Delhi,India,3064061,Regular,203,DEV_05871,4668.9
CUST_04326,49,Pune,India,4224811,Regular,2143,DEV_01261,4211.78
CUST_04327,47,Pune,India,4382188,Gold,1220,DEV_02703,3761.82
CUST_04328,61,Mumbai,India,1367471,Regular,2074,DEV_05742,5090.12
CUST_04329,47,Pune,India,4979310,Regular,1063,DEV_01222,6824.65
CUST_04330,47,Kolkata,India,2119315,Regular,1590,DEV_05042,8535.25
CUST_04331,24,Kolkata,India,516156,Regular,1509,DEV_04301,3933.58
CUST_04332,26,Chennai,India,2239688,Regular,2927,DEV_03205,4133.67
CUST_04333,63,Bangalore,India,2154832,Regular,1766,DEV_00268,4284.72
CUST_04334,63,Delhi,India,4812946,Regular,2987,DEV_08429,9189.64
CUST_04335,33,Bangalore,India,251351,Regular,456,DEV_05089,3344.78
CUST_04336,49,Chennai,India,4210600,Corporate,2185,DEV_07175,3352.77
CUST_04337,66,Pune,India,280690,Regular,2738,DEV_02127,7482.26
CUST_04338,49,Chennai,India,3557730,Regular,2462,DEV_06779,9670.95
CUST_04339,63,Hyderabad,India,3641948,Corporate,1543,DEV_03435,2590.01
CUST_04340,61,Pune,India,2819424,Regular,506,DEV_09797,6958.49
CUST_04341,63,Kolkata,India,444927,Regular,740,DEV_08251,4103.45
CUST_04342,38,Delhi,India,4000859,Regular,2591,DEV_00636,6014.95
CUST_04343,50,Bangalore,India,1225618,Gold,1373,DEV_01684,5832.37
CUST_04344,67,Delhi,India,3512921,Regular,562,DEV_03604,7373.06
CUST_04345,64,Ahmedabad,India,2335280,Gold,2668,DEV_03676,9788.27
CUST_04346,45,Kolkata,India,1919097,Regular,2705,DEV_05873,3571.88
CUST_04347,31,Pune,India,2881873,Platinum,832,DEV_08793,9926.1
CUST_04348,35,Mumbai,India,3681488,Gold,670,DEV_05531,6743.13
CUST_04349,35,Hyderabad,India,2962953,Platinum,1322,DEV_06335,9486.95
CUST_04350,29,Chennai,India,4110630,Platinum,885,DEV_08812,6836.53
CUST_04351,50,Hyderabad,India,2652634,Gold,1105,DEV_06685,8652.13
CUST_04352,27,Ahmedabad,India,3448828,Regular,1284,DEV_09872,3774.78
CUST_04353,45,Mumbai,India,4139726,Regular,2783,DEV_06590,5340.26
CUST_04354,38,Chennai,India,3528014,Regular,286,DEV_02837,817.39
CUST_04355,45,Pune,India,2328431,Regular,892,DEV_05125,7749.83
CUST_04356,62,Mumbai,India,466111,Regular,486,DEV_00382,1594.0
CUST_04357,41,Hyderabad,India,4481157,Platinum,996,DEV_04411,6015.47
CUST_04358,62,Hyderabad,India,3498717,Regular,671,DEV_02256,5643.12
CUST_04359,54,Ahmedabad,India,1005856,Regular,1740,DEV_06111,4159.06
CUST_04360,47,Kolkata,India,4221769,Platinum,978,DEV_09939,2800.83
CUST_04361,24,Delhi,India,2385464,Regular,2445,DEV_08234,1016.11
CUST_04362,44,Pune,India,4436864,Gold,1221,DEV_01288,5291.06
CUST_04363,34,Pune,India,1192938,Regular,839,DEV_07274,1719.89
CUST_04364,37,Pune,India,3078375,Gold,2061,DEV_05155,2162.38
CUST_04365,41,Hyderabad,India,258230,Regular,2381,DEV_09125,7505.83
CUST_04366,65,Chennai,India,2626216,Gold,1232,DEV_01680,2909.29
CUST_04367,37,Delhi,India,3961563,Gold,1652,DEV_03729,9482.22
CUST_04368,70,Chennai,India,3383743,Corporate,2399,DEV_02808,7668.92
CUST_04369,48,Kolkata,India,2853169,Regular,2948,DEV_03776,8175.23
CUST_04370,31,Hyderabad,India,3045118,Regular,2239,DEV_02091,3002.89
CUST_04371,25,Kolkata,India,2510414,Platinum,2839,DEV_00511,8324.82
CUST_04372,56,Kolkata,India,3429296,Regular,569,DEV_00891,2717.26
CUST_04373,23,Kolkata,India,3702255,Regular,555,DEV_05438,9258.43
CUST_04374,65,Hyderabad,India,1532883,Regular,1188,DEV_08567,2897.11
CUST_04375,63,Hyderabad,India,1338056,Regular,1268,DEV_08156,8725.17
CUST_04376,27,Ahmedabad,India,3496037,Gold,2281,DEV_08617,694.12
CUST_04377,61,Mumbai,India,1954877,Regular,2309,DEV_08485,7676.97
CUST_04378,20,Kolkata,India,4501746,Corporate,949,DEV_04548,9735.86
CUST_04379,45,Ahmedabad,India,403709,Corporate,549,DEV_02433,8082.86
CUST_04380,23,Pune,India,523100,Regular,1742,DEV_00552,8476.46
CUST_04381,55,Kolkata,India,3882657,Regular,1783,DEV_01150,1528.08
CUST_04382,36,Chennai,India,2672865,Gold,510,DEV_09901,8021.38
CUST_04383,57,Mumbai,India,4285861,Corporate,1557,DEV_00338,6477.7
CUST_04384,51,Ahmedabad,India,4720258,Regular,2305,DEV_02095,8276.21
CUST_04385,67,Mumbai,India,3222150,Regular,1812,DEV_03068,2559.44
CUST_04386,48,Hyderabad,India,4850545,Regular,150,DEV_03955,4621.81
CUST_04387,62,Chennai,India,1149341,Platinum,2579,DEV_00137,7694.77
CUST_04388,65,Delhi,India,835470,Regular,2587,DEV_05265,4768.84
CUST_04389,36,Kolkata,India,1431416,Regular,2343,DEV_09135,7804.3
CUST_04390,34,Kolkata,India,1851546,Regular,2323,DEV_09364,3385.33
CUST_04391,25,Pune,India,399080,Gold,824,DEV_03470,1220.41
CUST_04392,24,Mumbai,India,1603161,Gold,1322,DEV_04209,1657.55
CUST_04393,61,Delhi,India,1611085,Gold,2344,DEV_09145,3308.18
CUST_04394,57,Kolkata,India,550775,Regular,233,DEV_04831,4051.82
CUST_04395,36,Bangalore,India,2414343,Gold,1728,DEV_07088,1321.18
CUST_04396,20,Pune,India,4898644,Gold,2689,DEV_06191,4702.59
CUST_04397,49,Chennai,India,3176974,Platinum,1227,DEV_08729,1430.96
CUST_04398,45,Hyderabad,India,2358396,Gold,226,DEV_05330,2880.66
CUST_04399,47,Pune,India,3248740,Corporate,598,DEV_03473,1045.16
CUST_04400,41,Delhi,India,2745599,Regular,369,DEV_00009,2457.08
CUST_04401,51,Chennai,India,1961409,Regular,391,DEV_00817,829.45
CUST_04402,43,Bangalore,India,1577593,Corporate,315,DEV_00967,4502.41
CUST_04403,59,Hyderabad,India,210013,Regular,1763,DEV_05420,4807.1
CUST_04404,32,Mumbai,India,3603624,Regular,2485,DEV_07602,4537.11
CUST_04405,28,Chennai,India,1738746,Corporate,1989,DEV_01746,6679.78
CUST_04406,36,Bangalore,India,1261870,Corporate,1020,DEV_09585,9574.87
CUST_04407,22,Chennai,India,1337444,Gold,1153,DEV_06541,5515.0
CUST_04408,29,Delhi,India,3912251,Platinum,632,DEV_05325,9262.32
CUST_04409,35,Mumbai,India,295040,Regular,2263,DEV_07289,3474.7
CUST_04410,68,Bangalore,India,1522608,Corporate,1603,DEV_07652,9120.66
CUST_04411,18,Pune,India,3019152,Regular,1603,DEV_02710,9614.48
CUST_04412,38,Mumbai,India,1009665,Regular,1567,DEV_06453,9908.17
CUST_04413,53,Ahmedabad,India,2220698,Corporate,160,DEV_09847,8044.55
CUST_04414,38,Chennai,India,2202017,Regular,1803,DEV_02444,7933.91
CUST_04415,65,Ahmedabad,India,1686345,Regular,2534,DEV_09262,5582.85
CUST_04416,40,Hyderabad,India,625093,Regular,621,DEV_09447,2030.17
CUST_04417,59,Chennai,India,4315148,Regular,771,DEV_07600,1653.27
CUST_04418,29,Delhi,India,2388871,Regular,1665,DEV_06902,7714.45
CUST_04419,41,Pune,India,995006,Gold,2684,DEV_09024,7343.98
CUST_04420,23,Chennai,India,4036097,Platinum,1168,DEV_07225,6694.31
CUST_04421,24,Pune,India,2001585,Regular,2663,DEV_01188,2273.74
CUST_04422,19,Chennai,India,4507095,Regular,2034,DEV_09586,1545.51
CUST_04423,70,Bangalore,India,879784,Gold,2595,DEV_07774,9558.54
CUST_04424,47,Hyderabad,India,594681,Regular,430,DEV_08376,8393.15
CUST_04425,57,Hyderabad,India,4787656,Corporate,2375,DEV_09551,9365.11
CUST_04426,43,Mumbai,India,4272715,Regular,2419,DEV_00406,2496.55
CUST_04427,39,Hyderabad,India,3501352,Platinum,2394,DEV_01128,2496.5
CUST_04428,59,Chennai,India,3371382,Regular,1304,DEV_01967,5443.7
CUST_04429,35,Mumbai,India,2794778,Platinum,1829,DEV_04783,2160.1
CUST_04430,23,Mumbai,India,216667,Corporate,726,DEV_05041,1543.24
CUST_04431,29,Delhi,India,469176,Corporate,2477,DEV_08453,6197.55
CUST_04432,20,Kolkata,India,566197,Gold,2669,DEV_05452,5724.74
CUST_04433,37,Chennai,India,4934592,Corporate,706,DEV_07753,966.86
CUST_04434,68,Hyderabad,India,4400223,Regular,2451,DEV_06470,3285.79
CUST_04435,58,Pune,India,3855864,Regular,282,DEV_07572,1874.07
CUST_04436,32,Kolkata,India,2426865,Regular,1439,DEV_02421,916.72
CUST_04437,49,Pune,India,1586166,Regular,1469,DEV_02310,8764.35
CUST_04438,55,Mumbai,India,1035265,Regular,1708,DEV_00886,1044.56
CUST_04439,39,Delhi,India,1640508,Gold,2348,DEV_06045,1012.9
CUST_04440,70,Kolkata,India,1307913,Regular,2675,DEV_07028,1755.96
CUST_04441,54,Bangalore,India,397391,Regular,2645,DEV_03091,4309.55
CUST_04442,33,Chennai,India,1131373,Regular,2817,DEV_08796,8629.05
CUST_04443,41,Pune,India,4473713,Regular,2800,DEV_05947,4785.83
CUST_04444,30,Delhi,India,1573473,Regular,894,DEV_09628,7190.86
CUST_04445,48,Mumbai,India,2415084,Regular,1546,DEV_05537,1327.38
CUST_04446,32,Pune,India,3587101,Regular,1475,DEV_07277,7908.92
CUST_04447,27,Delhi,India,818570,Gold,1249,DEV_00923,7144.16
CUST_04448,69,Ahmedabad,India,4879342,Regular,2530,DEV_06237,760.75
CUST_04449,60,Pune,India,3816251,Regular,589,DEV_00643,2476.13
CUST_04450,62,Kolkata,India,1918865,Gold,908,DEV_02084,2300.03
CUST_04451,53,Mumbai,India,3498606,Gold,393,DEV_09088,4363.21
CUST_04452,68,Delhi,India,1768118,Regular,1846,DEV_07707,7624.55
CUST_04453,69,Mumbai,India,4227754,Regular,332,DEV_01266,7948.6
CUST_04454,22,Hyderabad,India,1991015,Regular,1432,DEV_07738,9805.25
CUST_04455,42,Delhi,India,551471,Regular,1414,DEV_07746,4834.73
CUST_04456,45,Hyderabad,India,1750102,Regular,1756,DEV_08171,3185.13
CUST_04457,21,Ahmedabad,India,3805701,Corporate,39,DEV_03472,7044.08
CUST_04458,38,Ahmedabad,India,3139387,Gold,2874,DEV_07821,3702.46
CUST_04459,18,Hyderabad,India,4137310,Regular,1713,DEV_09510,5863.22
CUST_04460,53,Bangalore,India,3859734,Regular,1012,DEV_07701,2179.23
CUST_04461,38,Mumbai,India,2856509,Regular,962,DEV_05604,5687.76
CUST_04462,30,Bangalore,India,4329335,Regular,2349,DEV_01665,1488.84
CUST_04463,29,Kolkata,India,3970456,Gold,168,DEV_04291,5027.87
CUST_04464,18,Mumbai,India,4094326,Regular,2715,DEV_06748,8159.84
CUST_04465,28,Hyderabad,India,3198437,Regular,2299,DEV_08703,6617.97
CUST_04466,42,Mumbai,India,4504186,Regular,62,DEV_02534,4260.8
CUST_04467,68,Chennai,India,3581019,Regular,899,DEV_00738,7279.51
CUST_04468,41,Delhi,India,1057219,Platinum,2687,DEV_04137,2528.1
CUST_04469,36,Pune,India,4897222,Platinum,2551,DEV_04547,6784.25
CUST_04470,28,Bangalore,India,1577947,Corporate,2002,DEV_02575,6439.72
CUST_04471,59,Ahmedabad,India,777594,Regular,679,DEV_00552,2713.44
CUST_04472,43,Ahmedabad,India,3475047,Platinum,2599,DEV_05504,6357.77
CUST_04473,69,Ahmedabad,India,2073774,Regular,2766,DEV_08331,8991.0
CUST_04474,18,Chennai,India,4335695,Regular,1100,DEV_01788,7038.73
CUST_04475,19,Ahmedabad,India,3124426,Regular,1075,DEV_05641,1004.59
CUST_04476,31,Hyderabad,India,3093247,Regular,2590,DEV_02285,3236.46
CUST_04477,69,Hyderabad,India,4139555,Regular,636,DEV_09610,4505.02
CUST_04478,36,Delhi,India,3972902,Corporate,941,DEV_05292,7841.45
CUST_04479,24,Kolkata,India,2155376,Gold,2528,DEV_01131,3921.05
CUST_04480,33,Chennai,India,3271435,Regular,2452,DEV_01019,2976.29
CUST_04481,65,Kolkata,India,2948776,Gold,1645,DEV_08314,4510.7
CUST_04482,32,Mumbai,India,3182775,Regular,937,DEV_06628,7081.11
CUST_04483,18,Delhi,India,384922,Gold,905,DEV_04640,9379.25
CUST_04484,60,Mumbai,India,2182050,Regular,2891,DEV_03907,8370.72
CUST_04485,22,Kolkata,India,787746,Regular,2414,DEV_01227,8884.74
CUST_04486,51,Pune,India,4351567,Gold,2419,DEV_04941,5686.23
CUST_04487,25,Bangalore,India,4128531,Regular,1538,DEV_04852,3538.93
CUST_04488,66,Kolkata,India,3398279,Regular,1358,DEV_05318,4261.57
CUST_04489,40,Chennai,India,1321311,Regular,366,DEV_08385,3228.1
CUST_04490,67,Bangalore,India,2880880,Corporate,2909,DEV_02336,5657.4
CUST_04491,26,Hyderabad,India,4688061,Regular,2581,DEV_02767,3795.87
CUST_04492,70,Mumbai,India,3797479,Gold,546,DEV_01995,8790.6
CUST_04493,62,Delhi,India,1966360,Regular,406,DEV_07199,1227.81
CUST_04494,37,Chennai,India,3148375,Gold,2666,DEV_00308,9303.92
CUST_04495,65,Chennai,India,3178554,Regular,1365,DEV_06931,6468.55
CUST_04496,31,Ahmedabad,India,4764073,Regular,506,DEV_09397,5451.48
CUST_04497,57,Chennai,India,3564547,Regular,1944,DEV_04946,1247.67
CUST_04498,18,Mumbai,India,774322,Regular,1131,DEV_08894,8193.69
CUST_04499,19,Ahmedabad,India,4528031,Platinum,630,DEV_03754,7849.83
CUST_04500,60,Ahmedabad,India,1832828,Regular,2644,DEV_06224,8385.26
CUST_04501,58,Delhi,India,4974470,Regular,606,DEV_01566,8167.75
CUST_04502,26,Bangalore,India,849564,Regular,2681,DEV_04727,3506.88
CUST_04503,41,Chennai,India,2481155,Platinum,420,DEV_00145,4158.84
CUST_04504,35,Pune,India,4426020,Gold,1907,DEV_07740,4591.68
CUST_04505,61,Chennai,India,2893430,Gold,394,DEV_09100,1680.49
CUST_04506,56,Hyderabad,India,3657394,Gold,348,DEV_02741,1388.85
CUST_04507,67,Delhi,India,4133206,Regular,2164,DEV_06431,9544.76
CUST_04508,33,Ahmedabad,India,4814503,Regular,720,DEV_04639,3604.46
CUST_04509,30,Hyderabad,India,1247318,Regular,1266,DEV_00179,4004.26
CUST_04510,48,Bangalore,India,618333,Platinum,1999,DEV_08753,9488.62
CUST_04511,42,Kolkata,India,4730619,Corporate,393,DEV_08340,6133.88
CUST_04512,60,Hyderabad,India,2821443,Corporate,2635,DEV_09638,6096.92
CUST_04513,54,Hyderabad,India,4193248,Regular,2824,DEV_08809,9092.21
CUST_04514,44,Hyderabad,India,558289,Gold,1431,DEV_07359,6400.12
CUST_04515,48,Chennai,India,3500437,Regular,1190,DEV_00785,9900.27
CUST_04516,51,Chennai,India,1727996,Gold,2106,DEV_03791,6872.93
CUST_04517,63,Hyderabad,India,267955,Regular,1602,DEV_02530,3229.56
CUST_04518,26,Chennai,India,3948519,Gold,2957,DEV_06288,4986.54
CUST_04519,50,Chennai,India,2730728,Gold,2974,DEV_01819,5036.06
CUST_04520,61,Ahmedabad,India,1451693,Gold,2185,DEV_03630,6774.22
CUST_04521,59,Bangalore,India,3962662,Gold,1172,DEV_04808,8425.87
CUST_04522,26,Chennai,India,1092267,Regular,1118,DEV_05725,4509.11
CUST_04523,58,Hyderabad,India,771508,Corporate,1005,DEV_08775,1302.93
CUST_04524,34,Kolkata,India,2405853,Regular,171,DEV_05149,2344.13
CUST_04525,63,Kolkata,India,606941,Regular,1000,DEV_05079,6172.5
CUST_04526,25,Kolkata,India,2441006,Regular,2128,DEV_00950,3884.47
CUST_04527,38,Hyderabad,India,1361949,Regular,2257,DEV_01925,7593.44
CUST_04528,53,Ahmedabad,India,2281052,Regular,612,DEV_08689,1791.07
CUST_04529,42,Pune,India,1483469,Regular,2358,DEV_03079,6251.25
CUST_04530,60,Pune,India,1232282,Platinum,1463,DEV_00783,3591.53
CUST_04531,44,Kolkata,India,443492,Regular,1172,DEV_09137,1452.28
CUST_04532,32,Pune,India,4309498,Platinum,1738,DEV_02293,1557.61
CUST_04533,31,Delhi,India,2989208,Gold,703,DEV_07620,6995.39
CUST_04534,41,Kolkata,India,4286223,Regular,2520,DEV_00638,5214.41
CUST_04535,35,Pune,India,360917,Regular,508,DEV_02233,7275.48
CUST_04536,44,Kolkata,India,2257324,Platinum,2628,DEV_02255,4537.75
CUST_04537,65,Pune,India,1377104,Platinum,1589,DEV_01588,1810.96
CUST_04538,44,Delhi,India,1842140,Regular,1835,DEV_02595,6926.13
CUST_04539,26,Mumbai,India,2650337,Regular,628,DEV_06094,5005.35
CUST_04540,22,Bangalore,India,255918,Gold,1863,DEV_03761,6028.32
CUST_04541,24,Delhi,India,813496,Regular,89,DEV_05442,5883.65
CUST_04542,64,Mumbai,India,3530493,Gold,354,DEV_05817,8917.86
CUST_04543,35,Hyderabad,India,3569065,Regular,2522,DEV_00736,2271.44
CUST_04544,23,Hyderabad,India,1840748,Gold,386,DEV_00852,1632.75
CUST_04545,33,Hyderabad,India,496884,Gold,1036,DEV_08785,4201.04
CUST_04546,39,Pune,India,4280354,Corporate,1323,DEV_09696,2845.76
CUST_04547,44,Hyderabad,India,2905976,Corporate,2656,DEV_06057,8717.75
CUST_04548,40,Bangalore,India,4494456,Regular,618,DEV_06914,5508.4
CUST_04549,50,Chennai,India,2609053,Regular,1446,DEV_07759,1992.07
CUST_04550,65,Kolkata,India,631179,Gold,102,DEV_00088,5363.8
CUST_04551,23,Pune,India,4493875,Regular,2949,DEV_01294,9223.37
CUST_04552,69,Chennai,India,1987115,Regular,126,DEV_01027,7828.88
CUST_04553,60,Delhi,India,501377,Regular,1346,DEV_05408,2369.97
CUST_04554,53,Chennai,India,791107,Regular,1367,DEV_09355,3202.99
CUST_04555,55,Delhi,India,2918822,Regular,318,DEV_03255,4143.43
CUST_04556,40,Kolkata,India,3759140,Corporate,709,DEV_08912,796.84
CUST_04557,42,Mumbai,India,4757986,Gold,1332,DEV_09150,963.01
CUST_04558,48,Ahmedabad,India,3795399,Regular,575,DEV_01046,6934.38
CUST_04559,28,Delhi,India,586381,Regular,101,DEV_02915,3796.08
CUST_04560,20,Ahmedabad,India,1487290,Gold,2021,DEV_06493,3385.61
CUST_04561,66,Bangalore,India,4470428,Gold,1791,DEV_07251,2077.9
CUST_04562,61,Ahmedabad,India,1962212,Regular,2749,DEV_04096,7139.3
CUST_04563,70,Kolkata,India,4323231,Gold,2969,DEV_03980,6611.14
CUST_04564,26,Delhi,India,3978879,Regular,858,DEV_09143,2975.16
CUST_04565,70,Pune,India,3343568,Regular,1975,DEV_01195,2323.89
CUST_04566,24,Delhi,India,4599306,Corporate,455,DEV_07970,4799.34
CUST_04567,69,Pune,India,3492182,Gold,2374,DEV_09051,9631.01
CUST_04568,42,Ahmedabad,India,1189454,Regular,2705,DEV_07062,9184.09
CUST_04569,63,Delhi,India,3526918,Gold,1699,DEV_09018,3640.77
CUST_04570,70,Hyderabad,India,311039,Platinum,1985,DEV_09180,9640.13
CUST_04571,30,Hyderabad,India,2665730,Regular,2177,DEV_01310,6594.95
CUST_04572,57,Ahmedabad,India,4765317,Corporate,2921,DEV_00666,1188.53
CUST_04573,31,Ahmedabad,India,4909603,Regular,468,DEV_08466,9260.03
CUST_04574,69,Pune,India,4872395,Regular,2008,DEV_00621,7116.91
CUST_04575,30,Delhi,India,479400,Gold,707,DEV_06822,8090.05
CUST_04576,51,Bangalore,India,827818,Regular,1381,DEV_06042,1109.95
CUST_04577,27,Mumbai,India,1959190,Regular,1446,DEV_08697,2648.22
CUST_04578,49,Pune,India,2756281,Regular,664,DEV_09559,6964.17
CUST_04579,22,Kolkata,India,629857,Regular,1309,DEV_00176,4179.84
CUST_04580,31,Kolkata,India,4290063,Regular,1557,DEV_02980,5773.01
CUST_04581,42,Chennai,India,3425897,Regular,2299,DEV_03052,4356.1
CUST_04582,45,Bangalore,India,4515138,Regular,2418,DEV_06488,7344.25
CUST_04583,39,Delhi,India,3344728,Regular,1735,DEV_09045,5092.6
CUST_04584,55,Bangalore,India,3869085,Regular,459,DEV_05570,5160.88
CUST_04585,19,Hyderabad,India,4387888,Regular,1519,DEV_03877,1318.98
CUST_04586,70,Chennai,India,384117,Regular,1023,DEV_05039,5018.65
CUST_04587,23,Chennai,India,4726416,Regular,2046,DEV_08258,6680.97
CUST_04588,33,Delhi,India,1720806,Regular,1649,DEV_09952,8823.91
CUST_04589,24,Pune,India,3235187,Regular,960,DEV_06183,4237.41
CUST_04590,46,Bangalore,India,800556,Gold,2878,DEV_08750,3499.16
CUST_04591,58,Hyderabad,India,711237,Regular,1856,DEV_08171,5750.83
CUST_04592,19,Chennai,India,1910139,Regular,2124,DEV_09492,678.27
CUST_04593,43,Mumbai,India,1888403,Regular,1271,DEV_06520,9036.08
CUST_04594,18,Bangalore,India,3668780,Gold,2246,DEV_01904,6648.31
CUST_04595,63,Hyderabad,India,1337129,Gold,1137,DEV_04818,3720.11
CUST_04596,32,Ahmedabad,India,1990850,Regular,858,DEV_02431,8109.49
CUST_04597,38,Delhi,India,4480711,Regular,2909,DEV_08380,6540.39
CUST_04598,61,Pune,India,1948414,Regular,513,DEV_07391,8409.57
CUST_04599,69,Hyderabad,India,2609871,Gold,850,DEV_07636,916.99
CUST_04600,39,Delhi,India,1982487,Regular,1329,DEV_05511,8489.02
CUST_04601,45,Bangalore,India,2199278,Regular,1353,DEV_05336,1187.25
CUST_04602,55,Bangalore,India,551607,Platinum,1717,DEV_03559,7278.63
CUST_04603,68,Bangalore,India,799162,Regular,2676,DEV_08316,4194.42
CUST_04604,68,Mumbai,India,4008843,Regular,400,DEV_01790,4036.87
CUST_04605,36,Chennai,India,3327413,Regular,904,DEV_08636,5352.69
CUST_04606,47,Pune,India,1180206,Gold,2277,DEV_01320,1660.05
CUST_04607,47,Kolkata,India,2282171,Regular,1676,DEV_00111,9194.76
CUST_04608,36,Delhi,India,4765783,Gold,226,DEV_03255,1836.45
CUST_04609,43,Delhi,India,1888390,Regular,2531,DEV_01576,6176.22
CUST_04610,43,Ahmedabad,India,3904764,Gold,2713,DEV_04130,2247.73
CUST_04611,50,Bangalore,India,1052446,Regular,1958,DEV_04255,1213.81
CUST_04612,68,Delhi,India,325429,Regular,2488,DEV_05726,2836.13
CUST_04613,32,Hyderabad,India,211919,Regular,1692,DEV_08418,7075.44
CUST_04614,60,Hyderabad,India,2862876,Regular,2695,DEV_03066,9880.24
CUST_04615,38,Kolkata,India,2054135,Gold,2809,DEV_08615,8838.24
CUST_04616,42,Mumbai,India,4387789,Platinum,1440,DEV_05160,4075.66
CUST_04617,36,Ahmedabad,India,2110768,Regular,2182,DEV_04479,5834.5
CUST_04618,50,Bangalore,India,3407036,Gold,394,DEV_04068,6846.01
CUST_04619,66,Bangalore,India,3361187,Regular,512,DEV_00012,6553.38
CUST_04620,40,Delhi,India,662928,Regular,2576,DEV_01663,4175.12
CUST_04621,42,Hyderabad,India,1529726,Regular,596,DEV_01619,729.88
CUST_04622,68,Bangalore,India,2035640,Regular,1881,DEV_04234,6065.85
CUST_04623,66,Pune,India,3110436,Platinum,1271,DEV_09135,3226.1
CUST_04624,24,Kolkata,India,1066424,Regular,2229,DEV_04486,2475.26
CUST_04625,30,Delhi,India,3005253,Regular,1058,DEV_04873,4103.04
CUST_04626,66,Delhi,India,4672541,Regular,963,DEV_08017,2740.8
CUST_04627,61,Mumbai,India,348537,Corporate,2985,DEV_03744,3882.94
CUST_04628,33,Delhi,India,1529201,Gold,1785,DEV_09591,5882.07
CUST_04629,68,Delhi,India,1944058,Regular,1293,DEV_00955,1964.52
CUST_04630,33,Chennai,India,3594867,Platinum,888,DEV_03057,9956.32
CUST_04631,68,Bangalore,India,3982982,Regular,2154,DEV_02431,2898.92
CUST_04632,31,Kolkata,India,4075579,Regular,45,DEV_07940,4530.5
CUST_04633,62,Chennai,India,4026647,Gold,1828,DEV_02465,3321.48
CUST_04634,38,Kolkata,India,4660145,Gold,66,DEV_00791,735.83
CUST_04635,50,Ahmedabad,India,3251004,Regular,1889,DEV_08193,3904.05
CUST_04636,57,Kolkata,India,3581901,Corporate,999,DEV_07255,6421.95
CUST_04637,48,Ahmedabad,India,959235,Gold,348,DEV_05429,5798.48
CUST_04638,65,Pune,India,2001394,Regular,1410,DEV_09263,7545.01
CUST_04639,31,Kolkata,India,2714656,Gold,606,DEV_07449,3549.6
CUST_04640,43,Chennai,India,1119445,Regular,1665,DEV_08257,1707.98
CUST_04641,67,Delhi,India,1291982,Regular,1344,DEV_09135,6090.51
CUST_04642,23,Pune,India,4103544,Regular,2169,DEV_08047,3573.72
CUST_04643,37,Hyderabad,India,1910957,Regular,381,DEV_04319,6201.7
CUST_04644,30,Hyderabad,India,2742018,Corporate,2712,DEV_03441,4657.05
CUST_04645,67,Pune,India,3224867,Gold,2490,DEV_04368,9528.58
CUST_04646,39,Pune,India,3061671,Gold,2956,DEV_04998,9658.88
CUST_04647,56,Kolkata,India,851600,Platinum,2336,DEV_05655,3024.27
CUST_04648,23,Hyderabad,India,946888,Regular,682,DEV_04588,8872.8
CUST_04649,46,Bangalore,India,4951220,Regular,2831,DEV_08065,5856.79
CUST_04650,19,Delhi,India,432476,Gold,1908,DEV_02165,4013.2
CUST_04651,40,Kolkata,India,4664087,Gold,1533,DEV_02765,9356.84
CUST_04652,58,Kolkata,India,2016559,Regular,1984,DEV_04167,1034.67
CUST_04653,61,Kolkata,India,225803,Regular,2230,DEV_00504,8599.6
CUST_04654,19,Hyderabad,India,1444481,Regular,404,DEV_08939,6118.57
CUST_04655,44,Bangalore,India,997566,Regular,1383,DEV_05214,2316.59
CUST_04656,41,Kolkata,India,4104571,Gold,2492,DEV_07154,4480.37
CUST_04657,38,Ahmedabad,India,4351001,Regular,1667,DEV_05037,5800.58
CUST_04658,32,Chennai,India,2938124,Platinum,1467,DEV_00597,9269.57
CUST_04659,40,Kolkata,India,798790,Gold,1835,DEV_03609,9910.97
CUST_04660,38,Hyderabad,India,1396086,Regular,2602,DEV_06133,7892.55
CUST_04661,30,Delhi,India,3473634,Gold,2189,DEV_00521,7041.82
CUST_04662,19,Ahmedabad,India,1193629,Gold,283,DEV_04537,1916.73
CUST_04663,36,Chennai,India,683257,Regular,1532,DEV_03947,6623.95
CUST_04664,62,Chennai,India,4260749,Regular,2683,DEV_01368,8442.17
CUST_04665,54,Chennai,India,2405774,Corporate,605,DEV_00895,1498.83
CUST_04666,30,Mumbai,India,1606587,Gold,1141,DEV_09531,7112.77
CUST_04667,30,Delhi,India,385708,Regular,1683,DEV_06794,6079.62
CUST_04668,25,Kolkata,India,3080694,Gold,273,DEV_06558,1234.47
CUST_04669,48,Chennai,India,4724779,Regular,111,DEV_09203,8487.59
CUST_04670,62,Delhi,India,2098739,Regular,737,DEV_02594,1115.84
CUST_04671,37,Hyderabad,India,4235889,Gold,217,DEV_09677,3912.65
CUST_04672,47,Pune,India,4293030,Regular,1934,DEV_06727,2955.83
CUST_04673,36,Pune,India,2285959,Regular,1070,DEV_04974,4541.59
CUST_04674,18,Delhi,India,4748412,Regular,1705,DEV_02368,2717.31
CUST_04675,64,Chennai,India,4804406,Regular,1082,DEV_01547,8351.52
CUST_04676,27,Pune,India,1074543,Corporate,742,DEV_07552,6877.71
CUST_04677,43,Pune,India,1757382,Regular,2950,DEV_09904,688.06
CUST_04678,54,Pune,India,2435015,Corporate,927,DEV_09061,8405.9
CUST_04679,28,Chennai,India,3560986,Regular,1172,DEV_06024,871.48
CUST_04680,60,Delhi,India,2088130,Regular,1070,DEV_01476,7440.58
CUST_04681,43,Mumbai,India,3825252,Regular,2469,DEV_05016,4700.12
CUST_04682,59,Ahmedabad,India,816702,Corporate,2460,DEV_06462,2207.95
CUST_04683,22,Chennai,India,4913878,Regular,1045,DEV_01843,9828.5
CUST_04684,43,Hyderabad,India,4538429,Regular,871,DEV_02750,4798.84
CUST_04685,27,Kolkata,India,4473035,Regular,732,DEV_08046,8682.98
CUST_04686,34,Delhi,India,2093526,Regular,1336,DEV_08807,6773.56
CUST_04687,42,Kolkata,India,4421417,Regular,2355,DEV_05224,4220.16
CUST_04688,18,Chennai,India,4138475,Regular,2958,DEV_00332,4435.46
CUST_04689,27,Bangalore,India,544608,Regular,1291,DEV_09521,6191.28
CUST_04690,33,Chennai,India,2951772,Corporate,2720,DEV_03770,8669.94
CUST_04691,63,Bangalore,India,4862690,Corporate,2222,DEV_08777,1087.55
CUST_04692,57,Bangalore,India,1009615,Platinum,980,DEV_07840,862.91
CUST_04693,20,Delhi,India,2236748,Regular,1061,DEV_06395,5204.01
CUST_04694,45,Kolkata,India,3473819,Gold,2138,DEV_03187,8112.17
CUST_04695,59,Hyderabad,India,4125658,Platinum,544,DEV_09771,6713.97
CUST_04696,69,Kolkata,India,749726,Corporate,2642,DEV_08377,4756.7
CUST_04697,67,Bangalore,India,2442870,Gold,2913,DEV_07822,1538.5
CUST_04698,23,Kolkata,India,4185788,Regular,1052,DEV_09315,9047.14
CUST_04699,23,Hyderabad,India,2362037,Regular,2917,DEV_04787,3150.43
CUST_04700,19,Pune,India,4374560,Regular,2487,DEV_05299,5298.03
CUST_04701,24,Bangalore,India,1513249,Regular,1558,DEV_01056,5442.36
CUST_04702,36,Mumbai,India,1207889,Regular,1732,DEV_03747,2041.87
CUST_04703,34,Hyderabad,India,674978,Gold,1373,DEV_05038,8575.55
CUST_04704,20,Chennai,India,4340511,Gold,1295,DEV_05752,4628.42
CUST_04705,19,Delhi,India,1999710,Platinum,1468,DEV_03531,2434.99
CUST_04706,70,Bangalore,India,3197654,Regular,1948,DEV_07552,6822.6
CUST_04707,62,Kolkata,India,2393016,Regular,1938,DEV_01353,780.6
CUST_04708,41,Hyderabad,India,3964648,Regular,742,DEV_07780,4558.73
CUST_04709,50,Mumbai,India,3846898,Regular,1178,DEV_04753,8159.15
CUST_04710,24,Kolkata,India,4482045,Regular,2102,DEV_03257,1078.24
CUST_04711,67,Bangalore,India,295961,Regular,2897,DEV_05692,9683.3
CUST_04712,20,Hyderabad,India,218071,Regular,1151,DEV_08820,3980.32
CUST_04713,24,Ahmedabad,India,712604,Regular,2128,DEV_04570,3637.18
CUST_04714,18,Hyderabad,India,4564567,Regular,724,DEV_05136,9663.3
CUST_04715,38,Mumbai,India,1188476,Regular,2738,DEV_05885,7737.92
CUST_04716,66,Hyderabad,India,3086462,Corporate,1590,DEV_04479,1136.64
CUST_04717,45,Ahmedabad,India,2409928,Regular,2650,DEV_05978,1797.25
CUST_04718,65,Mumbai,India,3214040,Regular,319,DEV_03605,8669.41
CUST_04719,38,Pune,India,2996109,Regular,702,DEV_06513,4878.4
CUST_04720,66,Ahmedabad,India,3832466,Regular,424,DEV_04518,5072.27
CUST_04721,51,Pune,India,3454603,Regular,576,DEV_04957,7189.22
CUST_04722,36,Chennai,India,1701750,Regular,1592,DEV_00162,6766.83
CUST_04723,52,Hyderabad,India,3496578,Regular,2615,DEV_06361,1992.11
CUST_04724,51,Ahmedabad,India,204682,Regular,2719,DEV_04192,7173.45
CUST_04725,69,Pune,India,3961561,Regular,383,DEV_00035,7811.67
CUST_04726,67,Delhi,India,4176715,Corporate,1822,DEV_04013,1745.59
CUST_04727,18,Delhi,India,886105,Regular,202,DEV_02056,5093.61
CUST_04728,20,Mumbai,India,1549861,Corporate,2355,DEV_07127,4805.4
CUST_04729,35,Bangalore,India,1665780,Platinum,2292,DEV_05814,5534.14
CUST_04730,43,Pune,India,2662687,Regular,1388,DEV_06812,2038.37
CUST_04731,30,Kolkata,India,1042720,Regular,1610,DEV_02257,7961.92
CUST_04732,60,Mumbai,India,1685261,Regular,672,DEV_00354,6188.18
CUST_04733,36,Ahmedabad,India,836777,Regular,351,DEV_00839,8227.37
CUST_04734,64,Chennai,India,4794184,Regular,2918,DEV_06399,4064.04
CUST_04735,67,Kolkata,India,3224844,Gold,93,DEV_06441,5721.41
CUST_04736,56,Mumbai,India,3047505,Platinum,2562,DEV_08686,5185.02
CUST_04737,67,Bangalore,India,4353578,Regular,532,DEV_06651,1641.31
CUST_04738,55,Bangalore,India,3302403,Regular,218,DEV_00338,9663.07
CUST_04739,32,Bangalore,India,437453,Regular,2988,DEV_03709,8296.27
CUST_04740,49,Hyderabad,India,448650,Gold,2256,DEV_09485,5388.59
CUST_04741,40,Kolkata,India,2180035,Regular,1196,DEV_04714,5022.25
CUST_04742,33,Chennai,India,2078833,Regular,2627,DEV_09372,8277.9
CUST_04743,66,Mumbai,India,4558733,Regular,2634,DEV_09811,8363.09
CUST_04744,24,Mumbai,India,1221779,Gold,341,DEV_07845,1357.05
CUST_04745,60,Bangalore,India,1056946,Regular,1234,DEV_02709,3912.67
CUST_04746,37,Kolkata,India,3499763,Gold,168,DEV_03591,2814.62
CUST_04747,48,Kolkata,India,3409259,Regular,1506,DEV_02852,8830.37
CUST_04748,25,Pune,India,4850947,Regular,2214,DEV_00011,8606.59
CUST_04749,22,Bangalore,India,4512859,Regular,848,DEV_06926,9788.83
CUST_04750,25,Bangalore,India,1373399,Regular,772,DEV_08446,973.96
CUST_04751,45,Chennai,India,3106163,Regular,2900,DEV_07815,3106.81
CUST_04752,54,Hyderabad,India,1031379,Corporate,2600,DEV_07104,3849.48
CUST_04753,24,Bangalore,India,257716,Gold,2016,DEV_06037,2749.01
CUST_04754,34,Kolkata,India,2426746,Gold,2069,DEV_09607,7745.53
CUST_04755,35,Chennai,India,1354683,Regular,1975,DEV_05972,8400.39
CUST_04756,37,Kolkata,India,398513,Platinum,624,DEV_05359,3701.41
CUST_04757,51,Bangalore,India,3766129,Gold,64,DEV_08244,2461.22
CUST_04758,44,Chennai,India,1134654,Regular,2964,DEV_05851,7009.63
CUST_04759,45,Delhi,India,4200271,Regular,1183,DEV_02348,4795.39
CUST_04760,64,Mumbai,India,3628993,Regular,2953,DEV_00822,5657.63
CUST_04761,50,Hyderabad,India,3605619,Regular,1247,DEV_05444,7065.68
CUST_04762,24,Pune,India,1790954,Regular,2121,DEV_09991,9930.71
CUST_04763,45,Pune,India,641007,Regular,1718,DEV_09189,3294.97
CUST_04764,23,Hyderabad,India,883313,Regular,1299,DEV_07815,8780.58
CUST_04765,37,Hyderabad,India,3368276,Gold,1637,DEV_07629,5192.9
CUST_04766,25,Mumbai,India,662523,Platinum,1565,DEV_00682,7857.37
CUST_04767,43,Hyderabad,India,2174387,Corporate,744,DEV_09701,2486.42
CUST_04768,46,Bangalore,India,4552846,Regular,1101,DEV_05664,2008.58
CUST_04769,54,Mumbai,India,826556,Gold,820,DEV_02736,6396.68
CUST_04770,23,Mumbai,India,2129226,Gold,2823,DEV_06351,8355.96
CUST_04771,47,Ahmedabad,India,1838096,Regular,1329,DEV_02675,1356.96
CUST_04772,44,Delhi,India,547590,Regular,989,DEV_02848,9423.02
CUST_04773,33,Chennai,India,2409259,Regular,1829,DEV_03663,7733.56
CUST_04774,39,Mumbai,India,4843482,Gold,985,DEV_06639,8215.25
CUST_04775,42,Chennai,India,2630335,Gold,2770,DEV_06178,6382.32
CUST_04776,40,Hyderabad,India,793589,Regular,2734,DEV_07033,5834.04
CUST_04777,34,Bangalore,India,3898823,Regular,2717,DEV_02177,9862.64
CUST_04778,47,Pune,India,862039,Regular,2031,DEV_06989,9744.09
CUST_04779,32,Delhi,India,1808594,Regular,884,DEV_00154,9339.88
CUST_04780,45,Chennai,India,4179975,Platinum,174,DEV_08384,2168.83
CUST_04781,68,Kolkata,India,1720326,Regular,1157,DEV_05740,2628.91
CUST_04782,53,Bangalore,India,4022343,Regular,995,DEV_05185,752.4
CUST_04783,49,Ahmedabad,India,3625091,Platinum,58,DEV_02855,4274.68
CUST_04784,39,Delhi,India,1669099,Regular,626,DEV_06389,6158.14
CUST_04785,43,Bangalore,India,3991923,Regular,1651,DEV_05347,3096.79
CUST_04786,18,Hyderabad,India,1267131,Regular,1939,DEV_07636,4799.26
CUST_04787,44,Chennai,India,4513657,Regular,708,DEV_09571,3259.55
CUST_04788,54,Pune,India,2486912,Corporate,1791,DEV_03521,7213.33
CUST_04789,25,Chennai,India,2613007,Regular,1471,DEV_00051,1017.21
CUST_04790,21,Ahmedabad,India,3187080,Regular,2934,DEV_03221,7625.25
CUST_04791,43,Pune,India,4204482,Regular,973,DEV_04871,5538.58
CUST_04792,50,Kolkata,India,1140218,Regular,1063,DEV_04106,9089.36
CUST_04793,25,Mumbai,India,255550,Regular,1648,DEV_07421,974.81
CUST_04794,67,Mumbai,India,2029962,Gold,1195,DEV_00199,4214.0
CUST_04795,23,Kolkata,India,4530407,Gold,168,DEV_07947,1286.67
CUST_04796,54,Hyderabad,India,2727898,Gold,1056,DEV_08215,5392.1
CUST_04797,53,Hyderabad,India,3455729,Regular,2277,DEV_08976,5518.31
CUST_04798,39,Bangalore,India,411530,Platinum,1269,DEV_00395,8180.86
CUST_04799,30,Kolkata,India,4662431,Regular,1337,DEV_00428,4243.96
CUST_04800,51,Kolkata,India,3069282,Gold,2751,DEV_07011,3765.39
CUST_04801,40,Bangalore,India,2121718,Regular,1001,DEV_08649,5650.65
CUST_04802,36,Chennai,India,1819535,Regular,78,DEV_02545,6520.58
CUST_04803,37,Ahmedabad,India,1485489,Regular,1323,DEV_03633,5346.76
CUST_04804,31,Ahmedabad,India,3925749,Regular,1812,DEV_01633,2105.86
CUST_04805,48,Delhi,India,3163955,Regular,2320,DEV_08214,4660.52
CUST_04806,54,Ahmedabad,India,2399488,Platinum,2383,DEV_05038,1008.13
CUST_04807,21,Ahmedabad,India,2468587,Regular,328,DEV_06665,9226.57
CUST_04808,67,Ahmedabad,India,1873807,Regular,838,DEV_09342,5340.1
CUST_04809,38,Chennai,India,2766076,Regular,1086,DEV_04780,7201.18
CUST_04810,46,Mumbai,India,689041,Platinum,596,DEV_07973,3322.57
CUST_04811,27,Ahmedabad,India,4095991,Gold,1843,DEV_05329,5476.09
CUST_04812,33,Chennai,India,1848033,Regular,2488,DEV_09988,8533.36
CUST_04813,56,Bangalore,India,223565,Regular,439,DEV_08823,9815.04
CUST_04814,65,Delhi,India,3150291,Corporate,689,DEV_03234,2606.8
CUST_04815,38,Kolkata,India,4514432,Gold,2789,DEV_09524,8056.92
CUST_04816,58,Chennai,India,3515417,Regular,1057,DEV_09490,619.33
CUST_04817,58,Hyderabad,India,2292974,Regular,825,DEV_01198,8729.22
CUST_04818,52,Pune,India,2802117,Regular,2931,DEV_04133,9910.98
CUST_04819,52,Bangalore,India,1830345,Regular,1897,DEV_01975,4125.29
CUST_04820,27,Pune,India,555038,Regular,2099,DEV_09887,2876.32
CUST_04821,59,Chennai,India,2603254,Gold,1442,DEV_05105,9961.98
CUST_04822,28,Kolkata,India,4981912,Corporate,1169,DEV_06897,3270.57
CUST_04823,44,Mumbai,India,2312400,Regular,1397,DEV_05689,2631.56
CUST_04824,21,Delhi,India,2633300,Regular,2189,DEV_04531,9991.08
CUST_04825,38,Hyderabad,India,3697291,Gold,145,DEV_02804,2078.47
CUST_04826,26,Pune,India,1111428,Regular,2534,DEV_09103,5767.14
CUST_04827,20,Mumbai,India,3395929,Regular,2531,DEV_00793,4439.13
CUST_04828,20,Kolkata,India,2143624,Regular,64,DEV_08977,9666.94
CUST_04829,20,Pune,India,4961234,Gold,2510,DEV_02022,5803.29
CUST_04830,54,Ahmedabad,India,585736,Corporate,2175,DEV_09011,1021.23
CUST_04831,34,Mumbai,India,4357558,Regular,994,DEV_07963,1822.15
CUST_04832,61,Ahmedabad,India,3423474,Regular,1234,DEV_01733,6926.93
CUST_04833,26,Pune,India,691282,Regular,577,DEV_03779,1189.6
CUST_04834,66,Mumbai,India,4921997,Regular,2660,DEV_00863,6396.18
CUST_04835,69,Mumbai,India,1052896,Regular,2984,DEV_07198,8334.11
CUST_04836,69,Mumbai,India,4949432,Regular,770,DEV_04406,7900.95
CUST_04837,68,Bangalore,India,2090643,Gold,813,DEV_07032,1676.08
CUST_04838,56,Delhi,India,4814925,Regular,2467,DEV_06451,3488.15
CUST_04839,31,Ahmedabad,India,3784883,Corporate,2849,DEV_00258,7663.35
CUST_04840,48,Hyderabad,India,3636211,Gold,1351,DEV_08389,8094.56
CUST_04841,53,Delhi,India,723861,Platinum,2086,DEV_02294,891.54
CUST_04842,44,Ahmedabad,India,1293941,Platinum,2976,DEV_05170,3426.09
CUST_04843,18,Bangalore,India,1447541,Regular,518,DEV_07501,4791.72
CUST_04844,50,Bangalore,India,2254309,Gold,2143,DEV_08061,3797.76
CUST_04845,34,Pune,India,4398246,Gold,2649,DEV_05697,5757.73
CUST_04846,19,Delhi,India,3113558,Regular,2579,DEV_06689,4690.08
CUST_04847,48,Delhi,India,1835254,Regular,770,DEV_04820,2827.18
CUST_04848,55,Chennai,India,2496305,Regular,649,DEV_03939,8115.3
CUST_04849,18,Mumbai,India,3278479,Regular,107,DEV_05056,8834.52
CUST_04850,40,Hyderabad,India,4861984,Gold,1224,DEV_02302,7203.35
CUST_04851,66,Kolkata,India,2576391,Corporate,2833,DEV_01026,7526.15
CUST_04852,55,Kolkata,India,2780591,Regular,375,DEV_09727,3221.53
CUST_04853,53,Delhi,India,4607694,Regular,901,DEV_01634,9694.8
CUST_04854,23,Bangalore,India,3925905,Corporate,289,DEV_08197,6292.8
CUST_04855,54,Kolkata,India,2152201,Regular,1084,DEV_03312,8431.0
CUST_04856,42,Kolkata,India,2357639,Regular,1135,DEV_00925,8308.25
CUST_04857,26,Kolkata,India,1953257,Gold,2150,DEV_07119,7900.98
CUST_04858,40,Bangalore,India,1416620,Platinum,2623,DEV_09469,662.11
CUST_04859,49,Delhi,India,2058228,Regular,2541,DEV_01817,2871.76
CUST_04860,67,Chennai,India,2985023,Regular,152,DEV_08950,5778.27
CUST_04861,55,Delhi,India,424513,Regular,981,DEV_06598,6765.34
CUST_04862,63,Mumbai,India,3158031,Regular,1781,DEV_00401,8417.27
CUST_04863,35,Pune,India,3585892,Regular,525,DEV_07820,7930.6
CUST_04864,34,Bangalore,India,4500500,Regular,1800,DEV_07297,3303.19
CUST_04865,47,Bangalore,India,2764161,Corporate,1120,DEV_00719,9092.93
CUST_04866,69,Pune,India,3733835,Gold,2274,DEV_00711,4688.04
CUST_04867,63,Mumbai,India,3258608,Regular,2113,DEV_07788,5815.58
CUST_04868,52,Bangalore,India,1805756,Platinum,99,DEV_03389,8127.81
CUST_04869,55,Hyderabad,India,3288308,Regular,2298,DEV_05629,1372.38
CUST_04870,38,Bangalore,India,994870,Gold,2478,DEV_07543,9653.17
CUST_04871,23,Chennai,India,2392867,Platinum,1949,DEV_08676,3691.47
CUST_04872,53,Pune,India,2474373,Regular,2089,DEV_09698,9686.68
CUST_04873,46,Delhi,India,4101454,Regular,909,DEV_09461,3250.32
CUST_04874,28,Kolkata,India,3772938,Regular,2118,DEV_02019,6757.26
CUST_04875,60,Delhi,India,1814381,Regular,72,DEV_08252,5016.28
CUST_04876,68,Kolkata,India,2037680,Gold,701,DEV_03108,9514.83
CUST_04877,47,Kolkata,India,846361,Gold,191,DEV_03443,7043.6
CUST_04878,58,Kolkata,India,1201319,Regular,1724,DEV_08245,3278.46
CUST_04879,43,Bangalore,India,1347005,Regular,2232,DEV_01171,4530.98
CUST_04880,39,Chennai,India,4750661,Regular,516,DEV_08887,8184.6
CUST_04881,24,Mumbai,India,3133785,Corporate,1703,DEV_09220,1332.06
CUST_04882,43,Bangalore,India,4000375,Corporate,1140,DEV_04439,3791.9
CUST_04883,22,Kolkata,India,1738733,Regular,1626,DEV_03496,2651.38
CUST_04884,31,Delhi,India,365440,Regular,70,DEV_07113,6322.1
CUST_04885,25,Hyderabad,India,1451837,Gold,948,DEV_08327,5384.45
CUST_04886,39,Ahmedabad,India,2763800,Regular,904,DEV_02687,9868.24
CUST_04887,43,Hyderabad,India,663336,Gold,1678,DEV_05062,9009.56
CUST_04888,66,Pune,India,3767764,Regular,1520,DEV_08121,850.75
CUST_04889,42,Hyderabad,India,4732355,Gold,1369,DEV_03195,8028.48
CUST_04890,19,Mumbai,India,2603478,Regular,133,DEV_08976,8961.84
CUST_04891,28,Delhi,India,1363446,Corporate,2563,DEV_09959,1926.86
CUST_04892,58,Pune,India,338771,Corporate,262,DEV_02438,1694.47
CUST_04893,31,Ahmedabad,India,376985,Regular,1677,DEV_07447,8323.17
CUST_04894,47,Bangalore,India,968131,Regular,2482,DEV_07665,3196.45
CUST_04895,26,Chennai,India,3531134,Regular,712,DEV_07184,1473.92
CUST_04896,34,Hyderabad,India,1056664,Gold,2236,DEV_00613,4263.51
CUST_04897,51,Hyderabad,India,840798,Regular,1355,DEV_03495,4452.88
CUST_04898,65,Chennai,India,4037508,Regular,2112,DEV_08894,6173.04
CUST_04899,25,Ahmedabad,India,3275557,Gold,2573,DEV_09243,5829.23
CUST_04900,51,Hyderabad,India,1646186,Regular,183,DEV_00148,628.49
CUST_04901,56,Pune,India,2616731,Regular,2845,DEV_03649,3090.6
CUST_04902,35,Pune,India,3422242,Regular,1734,DEV_05961,7767.05
CUST_04903,56,Ahmedabad,India,3287242,Regular,969,DEV_02864,9648.38
CUST_04904,44,Kolkata,India,3943180,Platinum,739,DEV_09852,9474.12
CUST_04905,69,Chennai,India,580478,Regular,402,DEV_05398,1281.34
CUST_04906,40,Hyderabad,India,1483755,Gold,2871,DEV_03278,2246.99
CUST_04907,53,Ahmedabad,India,1843758,Regular,2014,DEV_09266,2696.25
CUST_04908,36,Bangalore,India,4379822,Regular,2548,DEV_04625,6324.96
CUST_04909,34,Kolkata,India,244948,Regular,1472,DEV_08296,6719.66
CUST_04910,27,Kolkata,India,2552699,Regular,496,DEV_03776,5907.1
CUST_04911,45,Bangalore,India,4787585,Corporate,2778,DEV_03283,1248.83
CUST_04912,41,Pune,India,1820194,Corporate,277,DEV_02785,644.8
CUST_04913,19,Kolkata,India,1808690,Regular,1725,DEV_05737,9577.82
CUST_04914,58,Bangalore,India,1226283,Regular,2210,DEV_05473,3542.96
CUST_04915,24,Pune,India,1009657,Regular,342,DEV_03666,4226.6
CUST_04916,30,Bangalore,India,4254921,Gold,2821,DEV_03124,8845.06
CUST_04917,68,Pune,India,4895214,Regular,2662,DEV_06306,2424.42
CUST_04918,35,Mumbai,India,3943410,Regular,513,DEV_00271,9823.41
CUST_04919,46,Bangalore,India,1589598,Regular,1537,DEV_08636,9374.42
CUST_04920,66,Mumbai,India,2418618,Regular,2006,DEV_09132,6578.15
CUST_04921,19,Hyderabad,India,1091501,Regular,510,DEV_02394,7833.79
CUST_04922,22,Delhi,India,3326348,Gold,1082,DEV_07836,9439.36
CUST_04923,46,Kolkata,India,267828,Regular,532,DEV_09444,9166.3
CUST_04924,39,Kolkata,India,2530958,Regular,203,DEV_04659,5988.05
CUST_04925,58,Hyderabad,India,513551,Regular,1259,DEV_04284,1459.36
CUST_04926,43,Bangalore,India,3138256,Regular,2528,DEV_09394,5792.69
CUST_04927,40,Ahmedabad,India,1245766,Platinum,1953,DEV_09269,3978.87
CUST_04928,43,Hyderabad,India,3230272,Regular,1258,DEV_04544,1093.08
CUST_04929,21,Mumbai,India,958375,Gold,1121,DEV_09365,4923.02
CUST_04930,43,Kolkata,India,2736126,Regular,2709,DEV_08089,2954.62
CUST_04931,62,Pune,India,1327226,Regular,2511,DEV_05543,3537.19
CUST_04932,62,Pune,India,4589500,Regular,2895,DEV_06230,4009.44
CUST_04933,36,Bangalore,India,878612,Platinum,1267,DEV_00642,9334.82
CUST_04934,19,Chennai,India,4795381,Regular,2417,DEV_04792,7682.59
CUST_04935,48,Pune,India,4595391,Corporate,792,DEV_01902,3490.43
CUST_04936,39,Kolkata,India,4493434,Regular,2928,DEV_02041,3260.62
CUST_04937,35,Bangalore,India,1880294,Regular,490,DEV_03607,6629.6
CUST_04938,52,Delhi,India,4969472,Gold,64,DEV_04841,1478.01
CUST_04939,62,Pune,India,3687428,Platinum,1795,DEV_04622,1547.95
CUST_04940,37,Bangalore,India,3003434,Regular,2952,DEV_06336,6052.02
CUST_04941,46,Kolkata,India,3914385,Regular,2087,DEV_05534,2276.46
CUST_04942,68,Hyderabad,India,1585429,Regular,2765,DEV_09129,7741.51
CUST_04943,66,Kolkata,India,3287310,Regular,726,DEV_07946,5686.42
CUST_04944,56,Kolkata,India,988208,Regular,714,DEV_04798,5044.6
CUST_04945,52,Pune,India,1773762,Corporate,542,DEV_03357,4235.06
CUST_04946,65,Pune,India,271800,Regular,737,DEV_03161,6831.09
CUST_04947,50,Mumbai,India,1634992,Corporate,2607,DEV_04374,3423.83
CUST_04948,18,Kolkata,India,3337549,Corporate,2495,DEV_04307,5195.76
CUST_04949,19,Kolkata,India,4544992,Regular,1306,DEV_08553,8301.27
CUST_04950,66,Chennai,India,1325695,Corporate,486,DEV_04169,5505.44
CUST_04951,61,Mumbai,India,1671240,Regular,136,DEV_07159,9201.38
CUST_04952,64,Chennai,India,911295,Regular,500,DEV_03715,3335.1
CUST_04953,62,Mumbai,India,1974820,Gold,1483,DEV_06651,8935.96
CUST_04954,18,Chennai,India,644729,Regular,2511,DEV_04867,7950.15
CUST_04955,67,Ahmedabad,India,4904284,Regular,2874,DEV_03391,3856.6
CUST_04956,46,Pune,India,2626017,Corporate,2570,DEV_08392,831.65
CUST_04957,67,Chennai,India,3821593,Regular,217,DEV_04343,6593.02
CUST_04958,33,Hyderabad,India,4804106,Platinum,979,DEV_08790,2282.78
CUST_04959,25,Hyderabad,India,366067,Gold,283,DEV_05224,5234.33
CUST_04960,53,Ahmedabad,India,3468322,Regular,2759,DEV_04330,2298.35
CUST_04961,53,Delhi,India,3344096,Gold,639,DEV_06143,5041.99
CUST_04962,23,Ahmedabad,India,2733376,Gold,547,DEV_08608,3524.27
CUST_04963,52,Kolkata,India,660776,Regular,2767,DEV_08388,1980.94
CUST_04964,34,Mumbai,India,1995629,Regular,377,DEV_01958,1428.84
CUST_04965,20,Delhi,India,1957449,Regular,618,DEV_09356,6926.61
CUST_04966,39,Delhi,India,4309453,Regular,32,DEV_00967,6155.06
CUST_04967,22,Ahmedabad,India,3768869,Gold,2569,DEV_03932,7230.86
CUST_04968,28,Hyderabad,India,845522,Regular,2643,DEV_08339,8167.09
CUST_04969,36,Pune,India,2560408,Regular,2408,DEV_06438,9941.93
CUST_04970,36,Kolkata,India,3969459,Regular,2608,DEV_03878,7435.06
CUST_04971,52,Pune,India,3189352,Platinum,550,DEV_05703,1346.89
CUST_04972,52,Bangalore,India,2878302,Platinum,2673,DEV_00591,8318.66
CUST_04973,34,Kolkata,India,4589425,Regular,453,DEV_05414,1712.55
CUST_04974,60,Ahmedabad,India,3619327,Gold,2453,DEV_00661,6736.56
CUST_04975,41,Ahmedabad,India,2807571,Regular,199,DEV_07639,3493.5
CUST_04976,43,Pune,India,583591,Gold,2299,DEV_08900,4489.6
CUST_04977,40,Mumbai,India,2690502,Regular,698,DEV_02582,7413.63
CUST_04978,60,Pune,India,4543679,Corporate,363,DEV_00837,9645.05
CUST_04979,33,Delhi,India,1306631,Gold,912,DEV_04164,4754.93
CUST_04980,28,Mumbai,India,4561690,Regular,2097,DEV_02664,2073.03
CUST_04981,36,Pune,India,1679580,Regular,1029,DEV_03839,1680.96
CUST_04982,27,Hyderabad,India,4714976,Regular,714,DEV_08365,9599.74
CUST_04983,49,Ahmedabad,India,676473,Gold,650,DEV_04480,3696.29
CUST_04984,62,Pune,India,478562,Regular,2594,DEV_00345,2878.98
CUST_04985,53,Chennai,India,1413402,Gold,1731,DEV_08494,8099.29
CUST_04986,67,Chennai,India,4486216,Corporate,2427,DEV_00959,3722.47
CUST_04987,50,Chennai,India,1180821,Corporate,1434,DEV_02873,3713.07
CUST_04988,45,Ahmedabad,India,364525,Regular,1485,DEV_03262,2999.78
CUST_04989,57,Chennai,India,4738084,Regular,2028,DEV_08524,6615.3
CUST_04990,36,Hyderabad,India,403755,Platinum,1658,DEV_06842,2714.83
CUST_04991,29,Kolkata,India,2045416,Gold,1234,DEV_09737,9717.89
CUST_04992,42,Kolkata,India,978079,Regular,2965,DEV_05401,3535.45
CUST_04993,27,Pune,India,4113109,Regular,1668,DEV_07654,7003.07
CUST_04994,43,Kolkata,India,1944989,Gold,1403,DEV_08601,3236.82
CUST_04995,41,Hyderabad,India,4582309,Gold,2599,DEV_03486,9544.34
CUST_04996,54,Kolkata,India,4907527,Regular,970,DEV_02787,5997.61
CUST_04997,57,Hyderabad,India,1226423,Regular,982,DEV_09106,3338.93
CUST_04998,68,Hyderabad,India,2945886,Regular,1464,DEV_01165,7228.76
CUST_04999,38,Chennai,India,3122257,Regular,2700,DEV_00744,8575.29
CUST_05000,65,Mumbai,India,3691038,Regular,947,DEV_01063,2605.01
